  0
SECTION
  2
HEADER
  9
$ACADVER
  1
AC1014
  9
$ACADMAINTVER
 70
     9
  9
$DWGCODEPAGE
  3
ANSI_1252
  9
$INSBASE
 10
0.0
 20
0.0
 30
0.0
  9
$EXTMIN
 10
0.038
 20
0.019
 30
-0.0000000000000001
  9
$EXTMAX
 10
11.0
 20
8.481
 30
0.0000000000000001
  9
$LIMMIN
 10
0.0
 20
0.0
  9
$LIMMAX
 10
12.0
 20
9.0
  9
$ORTHOMODE
 70
     0
  9
$REGENMODE
 70
     1
  9
$FILLMODE
 70
     1
  9
$QTEXTMODE
 70
     0
  9
$MIRRTEXT
 70
     1
  9
$DRAGMODE
 70
     2
  9
$LTSCALE
 40
0.5
  9
$OSMODE
 70
    23
  9
$ATTMODE
 70
     1
  9
$TEXTSIZE
 40
0.12
  9
$TRACEWID
 40
0.05
  9
$TEXTSTYLE
  7
ONSHAPE-STANDARD
  9
$CLAYER
  8
0
  9
$CELTYPE
  6
BYLAYER
  9
$CECOLOR
 62
   256
  9
$CELTSCALE
 40
1.0
  9
$DELOBJ
 70
     1
  9
$DISPSILH
 70
     0
  9
$DIMSCALE
 40
1.0
  9
$DIMASZ
 40
0.18
  9
$DIMEXO
 40
0.0625
  9
$DIMDLI
 40
0.38
  9
$DIMRND
 40
0.0
  9
$DIMDLE
 40
0.0
  9
$DIMEXE
 40
0.08
  9
$DIMTP
 40
0.0
  9
$DIMTM
 40
0.0
  9
$DIMTXT
 40
0.12
  9
$DIMCEN
 40
0.09
  9
$DIMTSZ
 40
0.0
  9
$DIMTOL
 70
     0
  9
$DIMLIM
 70
     0
  9
$DIMTIH
 70
     1
  9
$DIMTOH
 70
     1
  9
$DIMSE1
 70
     0
  9
$DIMSE2
 70
     0
  9
$DIMTAD
 70
     0
  9
$DIMZIN
 70
     7
  9
$DIMBLK
  1

  9
$DIMASO
 70
     1
  9
$DIMSHO
 70
     1
  9
$DIMPOST
  1

  9
$DIMAPOST
  1

  9
$DIMALT
 70
     1
  9
$DIMALTD
 70
     2
  9
$DIMALTF
 40
25.4
  9
$DIMLFAC
 40
3.0
  9
$DIMTOFL
 70
     0
  9
$DIMTVP
 40
0.0
  9
$DIMTIX
 70
     0
  9
$DIMSOXD
 70
     0
  9
$DIMSAH
 70
     0
  9
$DIMBLK1
  1

  9
$DIMBLK2
  1

  9
$DIMSTYLE
  2
ONSHAPE-STANDARD
  9
$DIMCLRD
 70
     7
  9
$DIMCLRE
 70
     7
  9
$DIMCLRT
 70
     7
  9
$DIMTFAC
 40
1.0
  9
$DIMGAP
 40
0.09
  9
$DIMJUST
 70
     0
  9
$DIMSD1
 70
     0
  9
$DIMSD2
 70
     0
  9
$DIMTOLJ
 70
     1
  9
$DIMTZIN
 70
     7
  9
$DIMALTZ
 70
     7
  9
$DIMALTTZ
 70
     7
  9
$DIMFIT
 70
     3
  9
$DIMUPT
 70
     1
  9
$DIMUNIT
 70
     2
  9
$DIMDEC
 70
     3
  9
$DIMTDEC
 70
     3
  9
$DIMALTU
 70
     2
  9
$DIMALTTD
 70
     2
  9
$DIMTXSTY
  7
ONSHAPE-STANDARD-DIMENSION
  9
$DIMAUNIT
 70
     0
  9
$LUNITS
 70
     2
  9
$LUPREC
 70
     4
  9
$SKETCHINC
 40
0.1
  9
$FILLETRAD
 40
0.5
  9
$AUNITS
 70
     0
  9
$AUPREC
 70
     0
  9
$MENU
  1
.
  9
$ELEVATION
 40
0.0
  9
$PELEVATION
 40
0.0
  9
$THICKNESS
 40
0.0
  9
$LIMCHECK
 70
     0
  9
$CHAMFERA
 40
0.0
  9
$CHAMFERB
 40
0.0
  9
$CHAMFERC
 40
0.0
  9
$CHAMFERD
 40
0.0
  9
$SKPOLY
 70
     0
  9
$TDCREATE
 40
2461298.046833253
  9
$TDUPDATE
 40
2461298.046834653
  9
$TDINDWG
 40
0.0
  9
$TDUSRTIMER
 40
0.0
  9
$USRTIMER
 70
     1
  9
$ANGBASE
 50
0.0
  9
$ANGDIR
 70
     0
  9
$PDMODE
 70
    33
  9
$PDSIZE
 40
0.0393700787401575
  9
$PLINEWID
 40
0.0
  9
$COORDS
 70
     1
  9
$SPLFRAME
 70
     0
  9
$SPLINETYPE
 70
     6
  9
$SPLINESEGS
 70
     8
  9
$ATTDIA
 70
     0
  9
$ATTREQ
 70
     1
  9
$HANDLING
 70
     1
  9
$HANDSEED
  5
3EA
  9
$SURFTAB1
 70
     6
  9
$SURFTAB2
 70
     6
  9
$SURFTYPE
 70
     6
  9
$SURFU
 70
     6
  9
$SURFV
 70
     6
  9
$UCSNAME
  2

  9
$UCSORG
 10
0.0
 20
0.0
 30
0.0
  9
$UCSXDIR
 10
1.0
 20
0.0
 30
0.0
  9
$UCSYDIR
 10
0.0
 20
1.0
 30
0.0
  9
$PUCSNAME
  2

  9
$PUCSORG
 10
0.0
 20
0.0
 30
0.0
  9
$PUCSXDIR
 10
1.0
 20
0.0
 30
0.0
  9
$PUCSYDIR
 10
0.0
 20
1.0
 30
0.0
  9
$USERI1
 70
     0
  9
$USERI2
 70
     0
  9
$USERI3
 70
     0
  9
$USERI4
 70
     0
  9
$USERI5
 70
     0
  9
$USERR1
 40
0.0
  9
$USERR2
 40
0.0
  9
$USERR3
 40
0.0
  9
$USERR4
 40
0.0
  9
$USERR5
 40
0.0
  9
$WORLDVIEW
 70
     1
  9
$SHADEDGE
 70
     3
  9
$SHADEDIF
 70
    70
  9
$TILEMODE
 70
     1
  9
$MAXACTVP
 70
    64
  9
$PINSBASE
 10
0.0
 20
0.0
 30
0.0
  9
$PLIMCHECK
 70
     0
  9
$PEXTMIN
 10
1.000000000000000E+20
 20
1.000000000000000E+20
 30
1.000000000000000E+20
  9
$PEXTMAX
 10
-1.000000000000000E+20
 20
-1.000000000000000E+20
 30
-1.000000000000000E+20
  9
$PLIMMIN
 10
0.0
 20
0.0
  9
$PLIMMAX
 10
12.0
 20
9.0
  9
$UNITMODE
 70
     0
  9
$VISRETAIN
 70
     1
  9
$PLINEGEN
 70
     0
  9
$PSLTSCALE
 70
     1
  9
$TREEDEPTH
 70
  3020
  9
$PICKSTYLE
 70
     1
  9
$CMLSTYLE
  2
STANDARD
  9
$CMLJUST
 70
     0
  9
$CMLSCALE
 40
1.0
  9
$PROXYGRAPHICS
 70
     1
  9
$MEASUREMENT
 70
     0
  0
ENDSEC
  0
SECTION
  2
CLASSES
  0
CLASS
  1
ACDBDICTIONARYWDFLT
  2
AcDbDictionaryWithDefault
  3
ObjectDBX Classes
 90
        0
280
     0
281
     0
  0
CLASS
  1
VISUALSTYLE
  2
AcDbVisualStyle
  3
ObjectDBX Classes
 90
     4095
280
     0
281
     0
  0
CLASS
  1
MATERIAL
  2
AcDbMaterial
  3
ObjectDBX Classes
 90
     1153
280
     0
281
     0
  0
CLASS
  1
SCALE
  2
AcDbScale
  3
ObjectDBX Classes
 90
     1153
280
     0
281
     0
  0
CLASS
  1
TABLESTYLE
  2
AcDbTableStyle
  3
ObjectDBX Classes
 90
     4095
280
     0
281
     0
  0
CLASS
  1
MLEADERSTYLE
  2
AcDbMLeaderStyle
  3
ACDB_MLEADERSTYLE_CLASS
 90
     4095
280
     0
281
     0
  0
CLASS
  1
SUN
  2
AcDbSun
  3
SCENEOE
 90
     1153
280
     0
281
     0
  0
CLASS
  1
DICTIONARYVAR
  2
AcDbDictionaryVar
  3
ObjectDBX Classes
 90
        0
280
     0
281
     0
  0
CLASS
  1
ACAD_TABLE
  2
AcDbTable
  3
ObjectDBX Classes
 90
     1025
280
     0
281
     1
  0
CLASS
  1
FIELD
  2
AcDbField
  3
ObjectDBX Classes
 90
     1152
280
     0
281
     0
  0
CLASS
  1
FIELDLIST
  2
AcDbFieldList
  3
ObjectDBX Classes
 90
     1152
280
     0
281
     0
  0
CLASS
  1
DIMASSOC
  2
AcDbDimAssoc
  3
"AcDbDimAssoc|Product Desc:     AcDim ARX App For Dimension|Company:          Autodesk, Inc.|WEB Address:      www.autodesk.com"
 90
        0
280
     0
281
     0
  0
CLASS
  1
BREAKDATA
  2
AcDbBreakData
  3
ObjectDBX Classes
 90
     1024
280
     0
281
     0
  0
CLASS
  1
XRECORD
  2
AcDbXrecord
  3
ObjectDBX Classes
 90
        0
280
     0
281
     0
  0
CLASS
  1
LWPOLYLINE
  2
AcDbPolyline
  3
ObjectDBX Classes
 90
        0
280
     0
281
     1
  0
CLASS
  1
HATCH
  2
AcDbHatch
  3
ObjectDBX Classes
 90
        0
280
     0
281
     1
  0
CLASS
  1
ACDBPLACEHOLDER
  2
AcDbPlaceHolder
  3
ObjectDBX Classes
 90
        0
280
     0
281
     0
  0
CLASS
  1
LAYOUT
  2
AcDbLayout
  3
ObjectDBX Classes
 90
        0
280
     0
281
     0
  0
ENDSEC
  0
SECTION
  2
TABLES
  0
TABLE
  2
VPORT
  5
8
102
{ACAD_XDICTIONARY
360
3DE
102
}
330
0
100
AcDbSymbolTable
 70
     1
  0
VPORT
  5
29
330
8
100
AcDbSymbolTableRecord
100
AcDbViewportTableRecord
  2
*ACTIVE
 70
     0
 10
0.0
 20
0.0
 11
1.0
 21
1.0
 12
5.519
 22
4.389959809264305
 13
0.0
 23
0.0
 14
0.5
 24
0.5
 15
0.5
 25
0.5
 16
0.0
 26
0.0
 36
1.0
 17
0.0
 27
0.0
 37
0.0
 40
8.916758010899182
 41
1.253957995308708
 42
50.0
 43
0.0
 44
0.0
 50
0.0
 51
0.0
 71
     0
 72
   100
 73
     1
 74
     3
 75
     0
 76
     0
 77
     0
 78
     0
  0
ENDTAB
  0
TABLE
  2
LTYPE
  5
5
330
0
100
AcDbSymbolTable
 70
     2
  0
LTYPE
  5
14
330
5
100
AcDbSymbolTableRecord
100
AcDbLinetypeTableRecord
  2
BYBLOCK
 70
     0
  3

 72
    65
 73
     0
 40
0.0
  0
LTYPE
  5
15
330
5
100
AcDbSymbolTableRecord
100
AcDbLinetypeTableRecord
  2
BYLAYER
 70
     0
  3

 72
    65
 73
     0
 40
0.0
  0
LTYPE
  5
16
330
5
100
AcDbSymbolTableRecord
100
AcDbLinetypeTableRecord
  2
CONTINUOUS
 70
     0
  3
Solid line
 72
    65
 73
     0
 40
0.0
  0
LTYPE
  5
1E7
330
5
100
AcDbSymbolTableRecord
100
AcDbLinetypeTableRecord
  2
CENTER
 70
     0
  3
Center line ____ _ ____ _ ____ _
 72
    65
 73
     4
 40
0.7199999999999999
 49
0.45
 74
     0
 49
-0.09
 74
     0
 49
0.09
 74
     0
 49
-0.09
 74
     0
  0
ENDTAB
  0
TABLE
  2
LAYER
  5
2
330
0
100
AcDbSymbolTable
 70
     9
  0
LAYER
  5
10
330
2
100
AcDbSymbolTableRecord
100
AcDbLayerTableRecord
  2
0
 70
     0
 62
     7
  6
CONTINUOUS
  0
LAYER
  5
70
330
2
100
AcDbSymbolTableRecord
100
AcDbLayerTableRecord
  2
DEFPOINTS
 70
     0
 62
     7
  6
CONTINUOUS
  0
LAYER
  5
74
330
2
100
AcDbSymbolTableRecord
100
AcDbLayerTableRecord
  2
VISIBLE
 70
     0
 62
     7
  6
CONTINUOUS
  0
LAYER
  5
92
330
2
100
AcDbSymbolTableRecord
100
AcDbLayerTableRecord
  2
BORDER_FRAME
 70
     4
 62
     7
  6
CONTINUOUS
  0
LAYER
  5
98
330
2
100
AcDbSymbolTableRecord
100
AcDbLayerTableRecord
  2
BORDER_ZONES
 70
     4
 62
     7
  6
CONTINUOUS
  0
LAYER
  5
A6
330
2
100
AcDbSymbolTableRecord
100
AcDbLayerTableRecord
  2
TITLE_BLOCK
 70
     4
 62
     7
  6
CONTINUOUS
  0
LAYER
  5
13C
330
2
100
AcDbSymbolTableRecord
100
AcDbLayerTableRecord
  2
TABLES
 70
     0
 62
     7
  6
CONTINUOUS
  0
LAYER
  5
1E2
330
2
100
AcDbSymbolTableRecord
100
AcDbLayerTableRecord
  2
ANNOTATION_TEXT
 70
     0
 62
     7
  6
CONTINUOUS
  0
LAYER
  5
1E5
330
2
100
AcDbSymbolTableRecord
100
AcDbLayerTableRecord
  2
CENTERMARKS
 70
     0
 62
     7
  6
CONTINUOUS
  0
ENDTAB
  0
TABLE
  2
STYLE
  5
3
330
0
100
AcDbSymbolTable
 70
    55
  0
STYLE
  5
11
330
3
100
AcDbSymbolTableRecord
100
AcDbTextStyleTableRecord
  2
STANDARD
 70
     0
 40
0.0
 41
1.0
 50
0.0
 71
     0
 42
0.12
  3
txt
  4

  0
STYLE
  5
71
330
3
100
AcDbSymbolTableRecord
100
AcDbTextStyleTableRecord
  2
ONSHAPE-STANDARD
 70
     0
 40
0.0
 41
1.0
 50
0.0
 71
     0
 42
0.12
  3
NotoSans-Regular.ttf
  4

1001
ACAD
1000
Noto Sans
1071
        0
  0
STYLE
  5
73
330
3
100
AcDbSymbolTableRecord
100
AcDbTextStyleTableRecord
  2
ONSHAPE-STANDARD-DIMENSION
 70
     0
 40
0.0
 41
1.0
 50
0.0
 71
     0
 42
0.12
  3

  4

1001
ACAD
1000
Noto Sans
1071
        0
  0
STYLE
  5
AA
330
3
100
AcDbSymbolTableRecord
100
AcDbTextStyleTableRecord
  2
ONSHAPE-STANDARD-TABLE-DAT
 70
     0
 40
0.0
 41
1.0
 50
0.0
 71
     0
 42
0.12
  3
NotoSans-Regular.ttf
  4

1001
ACAD
1000
Noto Sans
1071
        0
  0
STYLE
  5
11A
330
3
100
AcDbSymbolTableRecord
100
AcDbTextStyleTableRecord
  2
ONSHAPE-STANDARD-TABLE-TIT
 70
     0
 40
0.0
 41
1.0
 50
0.0
 71
     0
 42
0.12
  3
NotoSans-Bold.ttf
  4

1001
ACAD
1000
Noto Sans
1071
 33554432
  0
STYLE
  5
11B
330
3
100
AcDbSymbolTableRecord
100
AcDbTextStyleTableRecord
  2
ONSHAPE-STANDARD-TABLE-HEA
 70
     0
 40
0.0
 41
1.0
 50
0.0
 71
     0
 42
0.12
  3
NotoSans-Bold.ttf
  4

1001
ACAD
1000
Noto Sans
1071
 33554432
  0
STYLE
  5
1DE
330
3
100
AcDbSymbolTableRecord
100
AcDbTextStyleTableRecord
  2
ONSHAPE-CUSTOM-STYLE-NOTE_
 70
     0
 40
0.0
 41
1.0
 50
0.0
 71
     0
 42
0.12
  3
NotoSans-Regular.ttf
  4

1001
ACAD
1000
Noto Sans
1071
        0
  0
STYLE
  5
1E4
330
3
100
AcDbSymbolTableRecord
100
AcDbTextStyleTableRecord
  2
ONSHAPE-STANDARD-VIEW-LABE
 70
     0
 40
0.12
 41
1.0
 50
0.0
 71
     0
 42
0.12
  3
Noto Sans
  4

1001
ACAD
1000
Noto Sans
1071
        0
  0
STYLE
  5
2B3
330
3
100
AcDbSymbolTableRecord
100
AcDbTextStyleTableRecord
  2
ONSHAPE-STANDARD-BOLD
 70
     0
 40
0.0
 41
1.0
 50
0.0
 71
     0
 42
0.12
  3
NotoSans-Bold.ttf
  4

1001
ACAD
1000
Noto Sans
1071
 33554432
  0
STYLE
  5
2B4
330
3
100
AcDbSymbolTableRecord
100
AcDbTextStyleTableRecord
  2
ONSHAPE-STANDARD-FIELDS
 70
     0
 40
0.0
 41
1.0
 50
0.0
 71
     0
 42
0.12
  3
NotoSans-Regular.ttf
  4

1001
ACAD
1000
Noto Sans
1071
        0
  0
STYLE
  5
2B5
330
3
100
AcDbSymbolTableRecord
100
AcDbTextStyleTableRecord
  2
ONSHAPE-STANDARD-TCFIELDS
 70
     0
 40
0.0
 41
1.0
 50
0.0
 71
     0
 42
0.12
  3
NotoSansTC-Regular.otf
  4

1001
ACAD
1000
Noto Sans TC
1071
        0
  0
STYLE
  5
2B6
330
3
100
AcDbSymbolTableRecord
100
AcDbTextStyleTableRecord
  2
ONSHAPE-STANDARD-SCFIELDS
 70
     0
 40
0.0
 41
1.0
 50
0.0
 71
     0
 42
0.12
  3
NotoSansSC-Regular.otf
  4

1001
ACAD
1000
Noto Sans SC
1071
        0
  0
STYLE
  5
2B7
330
3
100
AcDbSymbolTableRecord
100
AcDbTextStyleTableRecord
  2
ONSHAPE-STANDARD-KOREANFIE
 70
     0
 40
0.0
 41
1.0
 50
0.0
 71
     0
 42
0.12
  3
NotoSansKR-Regular.otf
  4

1001
ACAD
1000
Noto Sans KR
1071
        0
  0
STYLE
  5
2B8
330
3
100
AcDbSymbolTableRecord
100
AcDbTextStyleTableRecord
  2
ONSHAPE-STANDARD-JAPANESEF
 70
     0
 40
0.0
 41
1.0
 50
0.0
 71
     0
 42
0.12
  3
NotoSansJP-Regular.otf
  4

1001
ACAD
1000
Noto Sans JP
1071
        0
  0
STYLE
  5
2BA
330
3
100
AcDbSymbolTableRecord
100
AcDbTextStyleTableRecord
  2
TTFSTYLE
 70
     0
 40
0.0
 41
1.0
 50
0.0
 71
     0
 42
0.12
  3
Verdana.ttf
  4

1001
ACAD
1000
Verdana
1071
       34
  0
STYLE
  5
2BB
330
3
100
AcDbSymbolTableRecord
100
AcDbTextStyleTableRecord
  2
ONSHAPE-STANDARD-GTOLERANC
 70
     0
 40
0.0
 41
1.0
 50
0.0
 71
     0
 42
0.12
  3

  4

1001
ACAD
1000
Noto Sans
1071
        0
  0
STYLE
  5
2BF
330
3
100
AcDbSymbolTableRecord
100
AcDbTextStyleTableRecord
  2
ONSHAPE-STANDARD-BOMTABLE-
 70
     0
 40
0.0
 41
1.0
 50
0.0
 71
     0
 42
0.12
  3
NotoSans-Regular.ttf
  4

1001
ACAD
1000
Noto Sans
1071
        0
  0
STYLE
  5
2C0
330
3
100
AcDbSymbolTableRecord
100
AcDbTextStyleTableRecord
  2
ONSHAPE-STANDARD-BOMTABLE0
 70
     0
 40
0.0
 41
1.0
 50
0.0
 71
     0
 42
0.12
  3
NotoSans-Bold.ttf
  4

1001
ACAD
1000
Noto Sans
1071
 33554432
  0
STYLE
  5
2C1
330
3
100
AcDbSymbolTableRecord
100
AcDbTextStyleTableRecord
  2
ONSHAPE-STANDARD-BOMTABLE1
 70
     0
 40
0.0
 41
1.0
 50
0.0
 71
     0
 42
0.12
  3
NotoSans-Bold.ttf
  4

1001
ACAD
1000
Noto Sans
1071
 33554432
  0
STYLE
  5
2C2
330
3
100
AcDbSymbolTableRecord
100
AcDbTextStyleTableRecord
  2
ONSHAPE-STANDARD-NOTESTYLE
 70
     0
 40
0.12
 41
1.0
 50
0.0
 71
     0
 42
0.12
  3
Noto Sans
  4

1001
ACAD
1000
Noto Sans
1071
        0
  0
STYLE
  5
2C4
330
3
100
AcDbSymbolTableRecord
100
AcDbTextStyleTableRecord
  2
ONSHAPE-DETAIL-VIEW-LEADER
 70
     0
 40
0.12
 41
1.0
 50
0.0
 71
     0
 42
0.12
  3
Noto Sans
  4

1001
ACAD
1000
Noto Sans
1071
        0
  0
STYLE
  5
2C5
330
3
100
AcDbSymbolTableRecord
100
AcDbTextStyleTableRecord
  2
ONSHAPE-STANDARD-HOLE-CALL
 70
     0
 40
0.12
 41
1.0
 50
0.0
 71
     0
 42
0.12
  3
Noto Sans
  4

1001
ACAD
1000
Noto Sans
1071
        0
  0
STYLE
  5
2C6
330
3
100
AcDbSymbolTableRecord
100
AcDbTextStyleTableRecord
  2
ONSHAPE-STANDARD-HOLETABLE
 70
     0
 40
0.0
 41
1.0
 50
0.0
 71
     0
 42
0.12
  3
NotoSans-Regular.ttf
  4

1001
ACAD
1000
Noto Sans
1071
        0
  0
STYLE
  5
2C7
330
3
100
AcDbSymbolTableRecord
100
AcDbTextStyleTableRecord
  2
ONSHAPE-STANDARD-HOLETABL0
 70
     0
 40
0.0
 41
1.0
 50
0.0
 71
     0
 42
0.12
  3
NotoSans-Bold.ttf
  4

1001
ACAD
1000
Noto Sans
1071
 33554432
  0
STYLE
  5
2C8
330
3
100
AcDbSymbolTableRecord
100
AcDbTextStyleTableRecord
  2
ONSHAPE-STANDARD-HOLETABL1
 70
     0
 40
0.0
 41
1.0
 50
0.0
 71
     0
 42
0.12
  3
NotoSans-Bold.ttf
  4

1001
ACAD
1000
Noto Sans
1071
 33554432
  0
STYLE
  5
2C9
330
3
100
AcDbSymbolTableRecord
100
AcDbTextStyleTableRecord
  2
ONSHAPE-STANDARD-HOLE-TAG
 70
     0
 40
0.12
 41
1.0
 50
0.0
 71
     0
 42
0.12
  3
Noto Sans
  4

1001
ACAD
1000
Noto Sans
1071
        0
  0
STYLE
  5
2CA
330
3
100
AcDbSymbolTableRecord
100
AcDbTextStyleTableRecord
  2
ONSHAPE-STANDARD-REVISIONT
 70
     0
 40
0.0
 41
1.0
 50
0.0
 71
     0
 42
0.12
  3
NotoSans-Regular.ttf
  4

1001
ACAD
1000
Noto Sans
1071
        0
  0
STYLE
  5
2CB
330
3
100
AcDbSymbolTableRecord
100
AcDbTextStyleTableRecord
  2
ONSHAPE-STANDARD-REVISION0
 70
     0
 40
0.0
 41
1.0
 50
0.0
 71
     0
 42
0.12
  3
NotoSans-Bold.ttf
  4

1001
ACAD
1000
Noto Sans
1071
 33554432
  0
STYLE
  5
2CC
330
3
100
AcDbSymbolTableRecord
100
AcDbTextStyleTableRecord
  2
ONSHAPE-STANDARD-REVISION1
 70
     0
 40
0.0
 41
1.0
 50
0.0
 71
     0
 42
0.12
  3
NotoSans-Bold.ttf
  4

1001
ACAD
1000
Noto Sans
1071
 33554432
  0
STYLE
  5
2CD
330
3
100
AcDbSymbolTableRecord
100
AcDbTextStyleTableRecord
  2
ONSHAPE-STANDARD-REVISION-
 70
     0
 40
0.12
 41
1.0
 50
0.0
 71
     0
 42
0.12
  3
Noto Sans
  4

1001
ACAD
1000
Noto Sans
1071
        0
  0
STYLE
  5
2CE
330
3
100
AcDbSymbolTableRecord
100
AcDbTextStyleTableRecord
  2
ONSHAPE-STANDARD-CUTLISTTA
 70
     0
 40
0.0
 41
1.0
 50
0.0
 71
     0
 42
0.12
  3
NotoSans-Regular.ttf
  4

1001
ACAD
1000
Noto Sans
1071
        0
  0
STYLE
  5
2CF
330
3
100
AcDbSymbolTableRecord
100
AcDbTextStyleTableRecord
  2
ONSHAPE-STANDARD-CUTLISTT0
 70
     0
 40
0.0
 41
1.0
 50
0.0
 71
     0
 42
0.12
  3
NotoSans-Bold.ttf
  4

1001
ACAD
1000
Noto Sans
1071
 33554432
  0
STYLE
  5
2D0
330
3
100
AcDbSymbolTableRecord
100
AcDbTextStyleTableRecord
  2
ONSHAPE-STANDARD-CUTLISTT1
 70
     0
 40
0.0
 41
1.0
 50
0.0
 71
     0
 42
0.12
  3
NotoSans-Bold.ttf
  4

1001
ACAD
1000
Noto Sans
1071
 33554432
  0
STYLE
  5
2D1
330
3
100
AcDbSymbolTableRecord
100
AcDbTextStyleTableRecord
  2
ONSHAPE-CUSTOM-STYLE-NOTE0
 70
     0
 40
0.0
 41
1.0
 50
0.0
 71
     0
 42
0.12
  3
NotoSans-Regular.ttf
  4

1001
ACAD
1000
Noto Sans
1071
        0
  0
STYLE
  5
2D2
330
3
100
AcDbSymbolTableRecord
100
AcDbTextStyleTableRecord
  2
ONSHAPE-CUSTOM-STYLE-NOTE1
 70
     0
 40
0.0
 41
1.0
 50
0.0
 71
     0
 42
0.12
  3
NotoSans-Regular.ttf
  4

1001
ACAD
1000
Noto Sans
1071
        0
  0
STYLE
  5
2D3
330
3
100
AcDbSymbolTableRecord
100
AcDbTextStyleTableRecord
  2
ONSHAPE-CUSTOM-STYLE-NOTE2
 70
     0
 40
0.0
 41
1.0
 50
0.0
 71
     0
 42
0.12
  3
NotoSans-Regular.ttf
  4

1001
ACAD
1000
Noto Sans
1071
        0
  0
STYLE
  5
2D4
330
3
100
AcDbSymbolTableRecord
100
AcDbTextStyleTableRecord
  2
ONSHAPE-CUSTOM-STYLE-NOTE3
 70
     0
 40
0.0
 41
1.0
 50
0.0
 71
     0
 42
0.12
  3
NotoSans-Regular.ttf
  4

1001
ACAD
1000
Noto Sans
1071
        0
  0
STYLE
  5
2D5
330
3
100
AcDbSymbolTableRecord
100
AcDbTextStyleTableRecord
  2
ONSHAPE-CUSTOM-STYLE-NOTE4
 70
     0
 40
0.0
 41
1.0
 50
0.0
 71
     0
 42
0.12
  3
NotoSans-Regular.ttf
  4

1001
ACAD
1000
Noto Sans
1071
        0
  0
STYLE
  5
2D6
330
3
100
AcDbSymbolTableRecord
100
AcDbTextStyleTableRecord
  2
ONSHAPE-CUSTOM-STYLE-NOTE5
 70
     0
 40
0.0
 41
1.0
 50
0.0
 71
     0
 42
0.12
  3
NotoSans-Regular.ttf
  4

1001
ACAD
1000
Noto Sans
1071
        0
  0
STYLE
  5
2D7
330
3
100
AcDbSymbolTableRecord
100
AcDbTextStyleTableRecord
  2
ONSHAPE-CUSTOM-STYLE-NOTE6
 70
     0
 40
0.0
 41
1.0
 50
0.0
 71
     0
 42
0.12
  3
NotoSans-Regular.ttf
  4

1001
ACAD
1000
Noto Sans
1071
        0
  0
STYLE
  5
2D8
330
3
100
AcDbSymbolTableRecord
100
AcDbTextStyleTableRecord
  2
ONSHAPE-CUSTOM-STYLE-NOTE7
 70
     0
 40
0.0
 41
1.0
 50
0.0
 71
     0
 42
0.12
  3
NotoSans-Regular.ttf
  4

1001
ACAD
1000
Noto Sans
1071
        0
  0
STYLE
  5
2D9
330
3
100
AcDbSymbolTableRecord
100
AcDbTextStyleTableRecord
  2
ONSHAPE-CUSTOM-STYLE-NOTE8
 70
     0
 40
0.0
 41
1.0
 50
0.0
 71
     0
 42
0.12
  3
NotoSans-Regular.ttf
  4

1001
ACAD
1000
Noto Sans
1071
        0
  0
STYLE
  5
2DA
330
3
100
AcDbSymbolTableRecord
100
AcDbTextStyleTableRecord
  2
ONSHAPE-CUSTOM-STYLE-NOTE9
 70
     0
 40
0.0
 41
1.0
 50
0.0
 71
     0
 42
0.12
  3

  4

1001
ACAD
1000
Noto Sans
1071
        0
  0
STYLE
  5
2DB
330
3
100
AcDbSymbolTableRecord
100
AcDbTextStyleTableRecord
  2
ONSHAPE-CUSTOM-STYLE-NOTEA
 70
     0
 40
0.0
 41
1.0
 50
0.0
 71
     0
 42
0.12
  3
NotoSans-Regular.ttf
  4

1001
ACAD
1000
Noto Sans
1071
        0
  0
STYLE
  5
2DC
330
3
100
AcDbSymbolTableRecord
100
AcDbTextStyleTableRecord
  2
ONSHAPE-CUSTOM-STYLE-NOTEB
 70
     0
 40
0.0
 41
1.0
 50
0.0
 71
     0
 42
0.12
  3

  4

1001
ACAD
1000
Noto Sans
1071
        0
  0
STYLE
  5
2DD
330
3
100
AcDbSymbolTableRecord
100
AcDbTextStyleTableRecord
  2
ONSHAPE-CUSTOM-STYLE-NOTEC
 70
     0
 40
0.0
 41
1.0
 50
0.0
 71
     0
 42
0.12
  3

  4

1001
ACAD
1000
Noto Sans
1071
        0
  0
STYLE
  5
2DE
330
3
100
AcDbSymbolTableRecord
100
AcDbTextStyleTableRecord
  2
ONSHAPE-CUSTOM-STYLE-NOTED
 70
     0
 40
0.0
 41
1.0
 50
0.0
 71
     0
 42
0.12
  3
NotoSans-Regular.ttf
  4

1001
ACAD
1000
Noto Sans
1071
        0
  0
STYLE
  5
2DF
330
3
100
AcDbSymbolTableRecord
100
AcDbTextStyleTableRecord
  2
ONSHAPE-CUSTOM-STYLE-NOTEE
 70
     0
 40
0.0
 41
1.0
 50
0.0
 71
     0
 42
0.12
  3

  4

1001
ACAD
1000
Noto Sans
1071
        0
  0
STYLE
  5
2E0
330
3
100
AcDbSymbolTableRecord
100
AcDbTextStyleTableRecord
  2
ONSHAPE-CUSTOM-STYLE-NOTEF
 70
     0
 40
0.0
 41
1.0
 50
0.0
 71
     0
 42
0.12
  3
NotoSans-Regular.ttf
  4

1001
ACAD
1000
Noto Sans
1071
        0
  0
STYLE
  5
2E1
330
3
100
AcDbSymbolTableRecord
100
AcDbTextStyleTableRecord
  2
ONSHAPE-CUSTOM-STYLE-NOTEG
 70
     0
 40
0.0
 41
1.0
 50
0.0
 71
     0
 42
0.12
  3

  4

1001
ACAD
1000
Noto Sans
1071
        0
  0
STYLE
  5
2E2
330
3
100
AcDbSymbolTableRecord
100
AcDbTextStyleTableRecord
  2
ONSHAPE-CUSTOM-STYLE-NOTEH
 70
     0
 40
0.0
 41
1.0
 50
0.0
 71
     0
 42
0.12
  3
NotoSans-Regular.ttf
  4

1001
ACAD
1000
Noto Sans
1071
        0
  0
STYLE
  5
2E4
330
3
100
AcDbSymbolTableRecord
100
AcDbTextStyleTableRecord
  2
ONSHAPE-STANDARD-CUSTOMTAB
 70
     0
 40
0.0
 41
1.0
 50
0.0
 71
     0
 42
0.12
  3
NotoSans-Regular.ttf
  4

1001
ACAD
1000
Noto Sans
1071
        0
  0
STYLE
  5
2E5
330
3
100
AcDbSymbolTableRecord
100
AcDbTextStyleTableRecord
  2
ONSHAPE-STANDARD-CUSTOMTA0
 70
     0
 40
0.0
 41
1.0
 50
0.0
 71
     0
 42
0.12
  3
NotoSans-Bold.ttf
  4

1001
ACAD
1000
Noto Sans
1071
 33554432
  0
STYLE
  5
2E6
330
3
100
AcDbSymbolTableRecord
100
AcDbTextStyleTableRecord
  2
ONSHAPE-STANDARD-CUSTOMTA1
 70
     0
 40
0.0
 41
1.0
 50
0.0
 71
     0
 42
0.12
  3
NotoSans-Bold.ttf
  4

1001
ACAD
1000
Noto Sans
1071
 33554432
  0
STYLE
  5
2E7
330
3
100
AcDbSymbolTableRecord
100
AcDbTextStyleTableRecord
  2
ONSHAPE-STANDARD-DATUM-DIM
 70
     0
 40
0.12
 41
1.0
 50
0.0
 71
     0
 42
0.12
  3
NotoSans-Regular.ttf
  4

1001
ACAD
1000
Noto Sans
1071
        0
  0
ENDTAB
  0
TABLE
  2
VIEW
  5
6
330
0
100
AcDbSymbolTable
 70
     0
  0
ENDTAB
  0
TABLE
  2
UCS
  5
7
330
0
100
AcDbSymbolTable
 70
     0
  0
ENDTAB
  0
TABLE
  2
APPID
  5
9
330
0
100
AcDbSymbolTable
 70
    21
  0
APPID
  5
12
330
9
100
AcDbSymbolTableRecord
100
AcDbRegAppTableRecord
  2
ACAD
 70
     0
  0
APPID
  5
11C
330
9
100
AcDbSymbolTableRecord
100
AcDbRegAppTableRecord
  2
ONSHAPE_TABLE_FIXED_CORNER
 70
     0
  0
APPID
  5
1BF
330
9
100
AcDbSymbolTableRecord
100
AcDbRegAppTableRecord
  2
ONSHAPE_NOTES_ANNOTATION_D
 70
     0
  0
APPID
  5
1C0
330
9
100
AcDbSymbolTableRecord
100
AcDbRegAppTableRecord
  2
ONSHAPE_BOM_XDATA
 70
     0
  0
APPID
  5
1C1
330
9
100
AcDbSymbolTableRecord
100
AcDbRegAppTableRecord
  2
ONSHAPE_BOM_VERSION
 70
     0
  0
APPID
  5
1C2
330
9
100
AcDbSymbolTableRecord
100
AcDbRegAppTableRecord
  2
ONSHAPE_SPLIT_TABLE_XDATA
 70
     0
  0
APPID
  5
1C3
330
9
100
AcDbSymbolTableRecord
100
AcDbRegAppTableRecord
  2
ONSHAPE_SPLIT_TABLE_MAX_RO
 70
     0
  0
APPID
  5
1C4
330
9
100
AcDbSymbolTableRecord
100
AcDbRegAppTableRecord
  2
ONSHAPE_HOLE_TABLE_VERSION
 70
     0
  0
APPID
  5
1C5
330
9
100
AcDbSymbolTableRecord
100
AcDbRegAppTableRecord
  2
ONSHAPE_HOLE_TABLE_XDATA
 70
     0
  0
APPID
  5
1C6
330
9
100
AcDbSymbolTableRecord
100
AcDbRegAppTableRecord
  2
ONSHAPE_CUTLIST_XDATA
 70
     0
  0
APPID
  5
1C7
330
9
100
AcDbSymbolTableRecord
100
AcDbRegAppTableRecord
  2
ONSHAPE_CUTLIST_VERSION
 70
     0
  0
APPID
  5
1C8
330
9
100
AcDbSymbolTableRecord
100
AcDbRegAppTableRecord
  2
ONSHAPE_FEATURESCRIPT_TABL
 70
     0
  0
APPID
  5
1C9
330
9
100
AcDbSymbolTableRecord
100
AcDbRegAppTableRecord
  2
ONSHAPE_FEATURESCRIPT_VERS
 70
     0
  0
APPID
  5
1CA
330
9
100
AcDbSymbolTableRecord
100
AcDbRegAppTableRecord
  2
ONSHAPE_EMBEDDED_IMAGE_CHE
 70
     0
  0
APPID
  5
235
330
9
100
AcDbSymbolTableRecord
100
AcDbRegAppTableRecord
  2
ACAD_DIMASSOC_CALC_DIMLFAC
 70
     0
  0
APPID
  5
236
330
9
100
AcDbSymbolTableRecord
100
AcDbRegAppTableRecord
  2
ACAD_DIMASSOC_DIMLFAC
 70
     0
  0
APPID
  5
237
330
9
100
AcDbSymbolTableRecord
100
AcDbRegAppTableRecord
  2
ACAD_DIMASSOC_OVERRIDDEN_D
 70
     0
  0
APPID
  5
228
330
9
100
AcDbSymbolTableRecord
100
AcDbRegAppTableRecord
  2
INDEX
 70
     0
  0
APPID
  5
254
330
9
100
AcDbSymbolTableRecord
100
AcDbRegAppTableRecord
  2
ONSHAPE_WALLTHICKNESS_DIM
 70
     0
  0
APPID
  5
26C
330
9
100
AcDbSymbolTableRecord
100
AcDbRegAppTableRecord
  2
ACAD_DSTYLE_DIMRADIAL_EXTE
 70
     0
  0
APPID
  5
3E8
330
9
100
AcDbSymbolTableRecord
100
AcDbRegAppTableRecord
  2
ACAD_MLEADERVER
 70
     0
  0
ENDTAB
  0
TABLE
  2
DIMSTYLE
  5
A
330
0
100
AcDbSymbolTable
 70
    21
  0
DIMSTYLE
105
27
330
A
100
AcDbSymbolTableRecord
100
AcDbDimStyleTableRecord
  2
STANDARD
 70
     0
  3

  4

  5

  6

  7

 40
1.0
 41
0.18
 42
0.0625
 43
0.38
 44
0.18
 45
0.0
 46
0.0
 47
0.0
 48
0.0
140
0.18
141
0.09
142
0.0
143
25.4
144
1.0
145
0.0
146
1.0
147
0.09
 71
     0
 72
     0
 73
     1
 74
     1
 75
     0
 76
     0
 77
     0
 78
     0
170
     0
171
     2
172
     0
173
     0
174
     0
175
     0
176
     0
177
     0
178
     0
270
     2
271
     4
272
     4
273
     2
274
     2
340
11
275
     0
280
     0
281
     0
282
     0
283
     1
284
     0
285
     0
286
     0
287
     3
288
     0
  0
DIMSTYLE
105
72
330
A
100
AcDbSymbolTableRecord
100
AcDbDimStyleTableRecord
  2
ONSHAPE-STANDARD
 70
     0
  3

  4

  5

  6

  7

 40
1.0
 41
0.18
 42
0.0625
 43
0.38
 44
0.08
 45
0.0
 46
0.0
 47
0.0
 48
0.0
140
0.12
141
0.09
142
0.0
143
25.4
144
1.0
145
0.0
146
1.0
147
0.09
 71
     0
 72
     0
 73
     1
 74
     1
 75
     0
 76
     0
 77
     0
 78
     7
170
     0
171
     2
172
     0
173
     0
174
     0
175
     0
176
     7
177
     7
178
     7
179
     1
270
     2
271
     3
272
     3
273
     2
274
     2
340
73
275
     0
280
     0
281
     0
282
     0
283
     1
284
     7
285
     7
286
     7
287
     3
288
     1
  0
DIMSTYLE
105
223
102
{ACAD_REACTORS
330
21A
330
238
330
28D
102
}
330
A
100
AcDbSymbolTableRecord
100
AcDbDimStyleTableRecord
  2
ONSHAPE-STANDARD$0
 70
     0
  3

  4

  5

  6

  7

 40
1.0
 41
0.18
 42
0.0625
 43
0.38
 44
0.08
 45
0.0
 46
0.0
 47
0.0
 48
0.0
140
0.12
141
0.09
142
0.0
143
25.4
144
1.0
145
0.0
146
1.0
147
0.09
 71
     0
 72
     0
 73
     1
 74
     1
 75
     0
 76
     0
 77
     0
 78
     7
170
     0
171
     2
172
     0
173
     0
174
     0
175
     0
176
     7
177
     7
178
     7
179
     1
270
     2
271
     3
272
     3
273
     2
274
     2
340
73
275
     0
280
     0
281
     0
282
     0
283
     1
284
     7
285
     7
286
     7
287
     3
288
     1
  0
DIMSTYLE
105
25D
102
{ACAD_REACTORS
330
255
330
270
102
}
330
A
100
AcDbSymbolTableRecord
100
AcDbDimStyleTableRecord
  2
ONSHAPE-STANDARD$3
 70
     0
  3

  4

  5

  6

  7

 40
1.0
 41
0.18
 42
0.0625
 43
0.38
 44
0.08
 45
0.0
 46
0.0
 47
0.0
 48
0.0
140
0.12
141
0.0
142
0.0
143
25.4
144
1.0
145
0.0
146
1.0
147
0.09
 71
     0
 72
     0
 73
     1
 74
     1
 75
     0
 76
     0
 77
     0
 78
     7
170
     0
171
     2
172
     0
173
     0
174
     0
175
     0
176
     7
177
     7
178
     7
179
     1
270
     2
271
     3
272
     3
273
     2
274
     2
340
73
275
     0
280
     0
281
     0
282
     0
283
     1
284
     7
285
     7
286
     7
287
     3
288
     1
  0
DIMSTYLE
105
2EA
330
A
100
AcDbSymbolTableRecord
100
AcDbDimStyleTableRecord
  2
ANSI
 70
     0
  3

  4
mm
  5

  6

  7

 40
1.0
 41
0.12
 42
0.05
 43
0.5
 44
0.1
 45
0.0
 46
0.0
 47
0.1
 48
0.1
140
0.12
141
0.0
142
0.0
143
25.4
144
1.0
145
0.0
146
0.71
147
0.06
 71
     0
 72
     0
 73
     1
 74
     1
 75
     0
 76
     0
 77
     0
 78
     7
170
     0
171
     2
172
     0
173
     0
174
     0
175
     0
176
     7
177
     7
178
     7
270
     2
271
     3
272
     4
273
     2
274
     2
340
11
275
     0
280
     0
281
     0
282
     0
283
     1
284
     7
285
     7
286
     7
287
     3
288
     1
  0
DIMSTYLE
105
2EB
330
A
100
AcDbSymbolTableRecord
100
AcDbDimStyleTableRecord
  2
ANSI$3
 70
     0
  3

  4
mm
  5

  6

  7

 40
1.0
 41
0.12
 42
0.05
 43
0.5
 44
0.1
 45
0.0
 46
0.0
 47
0.1
 48
0.1
140
0.12
141
0.0
142
0.0
143
25.4
144
1.0
145
0.0
146
0.71
147
0.06
 71
     0
 72
     0
 73
     1
 74
     1
 75
     0
 76
     0
 77
     0
 78
     7
170
     0
171
     2
172
     0
173
     0
174
     0
175
     0
176
     7
177
     7
178
     7
270
     2
271
     3
272
     4
273
     2
274
     2
340
11
275
     0
280
     0
281
     0
282
     0
283
     1
284
     7
285
     7
286
     7
288
     1
  0
DIMSTYLE
105
2EC
330
A
100
AcDbSymbolTableRecord
100
AcDbDimStyleTableRecord
  2
ANSI$4
 70
     0
  3

  4
mm
  5

  6

  7

 40
1.0
 41
0.12
 42
0.05
 43
0.5
 44
0.1
 45
0.0
 46
0.0
 47
0.1
 48
0.1
140
0.12
141
0.0
142
0.0
143
25.4
144
1.0
145
0.0
146
0.71
147
0.06
 71
     0
 72
     0
 73
     1
 74
     1
 75
     0
 76
     0
 77
     0
 78
     7
170
     0
171
     2
172
     0
173
     0
174
     0
175
     0
176
     7
177
     7
178
     7
270
     2
271
     3
272
     4
273
     2
274
     2
340
11
275
     0
280
     0
281
     0
282
     0
283
     1
284
     7
285
     7
286
     7
287
     3
288
     1
  0
DIMSTYLE
105
2ED
330
A
100
AcDbSymbolTableRecord
100
AcDbDimStyleTableRecord
  2
ANSI$7
 70
     0
  3

  4
mm
  5

  6

  7

 40
1.0
 41
0.12
 42
0.05
 43
0.5
 44
0.1
 45
0.0
 46
0.0
 47
0.1
 48
0.1
140
0.12
141
0.0
142
0.0
143
25.4
144
1.0
145
0.0
146
0.71
147
0.06
 71
     0
 72
     0
 73
     1
 74
     1
 75
     0
 76
     0
 77
     0
 78
     7
170
     0
171
     2
172
     0
173
     0
174
     0
175
     0
176
     7
177
     7
178
     7
270
     2
271
     3
272
     4
273
     2
274
     2
340
11
275
     0
280
     0
281
     0
282
     0
283
     1
284
     7
285
     7
286
     7
287
     3
288
     1
  0
DIMSTYLE
105
2EE
330
A
100
AcDbSymbolTableRecord
100
AcDbDimStyleTableRecord
  2
ANSI$SF
 70
     0
  3

  4
mm
  5

  6

  7

 40
1.0
 41
0.12
 42
0.05
 43
0.5
 44
0.1
 45
0.0
 46
0.0
 47
0.1
 48
0.1
140
0.12
141
0.0
142
0.0
143
25.4
144
1.0
145
0.0
146
0.71
147
0.06
 71
     0
 72
     0
 73
     1
 74
     1
 75
     1
 76
     1
 77
     0
 78
     7
170
     0
171
     2
172
     0
173
     0
174
     0
175
     0
176
     7
177
     7
178
     7
270
     2
271
     3
272
     4
273
     2
274
     2
340
11
275
     0
280
     0
281
     0
282
     0
283
     1
284
     7
285
     7
286
     7
287
     3
288
     1
  0
DIMSTYLE
105
2EF
330
A
100
AcDbSymbolTableRecord
100
AcDbDimStyleTableRecord
  2
ANSI$SH
 70
     0
  3

  4
mm
  5

  6

  7

 40
1.0
 41
0.12
 42
0.05
 43
0.5
 44
0.1
 45
0.0
 46
0.0
 47
0.1
 48
0.1
140
0.12
141
0.0
142
0.0
143
25.4
144
1.0
145
0.0
146
0.71
147
0.06
 71
     0
 72
     0
 73
     1
 74
     1
 75
     1
 76
     1
 77
     0
 78
     7
170
     0
171
     2
172
     0
173
     1
174
     0
175
     0
176
     7
177
     7
178
     7
270
     2
271
     3
272
     4
273
     2
274
     2
340
11
275
     0
280
     0
281
     0
282
     0
283
     1
284
     7
285
     7
286
     7
287
     3
288
     1
  0
DIMSTYLE
105
2F3
330
A
100
AcDbSymbolTableRecord
100
AcDbDimStyleTableRecord
  2
ONSHAPE-STANDARD$2
 70
     0
  3

  4

  5

  6

  7

 40
1.0
 41
0.18
 42
0.0625
 43
0.38
 44
0.08
 45
0.0
 46
0.0
 47
0.0
 48
0.0
140
0.12
141
0.09
142
0.0
143
25.4
144
1.0
145
0.0
146
1.0
147
0.09
 71
     0
 72
     0
 73
     1
 74
     1
 75
     0
 76
     0
 77
     0
 78
     7
170
     0
171
     2
172
     0
173
     0
174
     0
175
     0
176
     7
177
     7
178
     7
179
     1
270
     2
271
     3
272
     3
273
     2
274
     2
340
73
275
     0
280
     0
281
     0
282
     0
283
     1
284
     7
285
     7
286
     7
287
     3
288
     1
  0
DIMSTYLE
105
2F5
330
A
100
AcDbSymbolTableRecord
100
AcDbDimStyleTableRecord
  2
ONSHAPE-STANDARD$4
 70
     0
  3

  4

  5

  6

  7

 40
1.0
 41
0.18
 42
0.0625
 43
0.38
 44
0.08
 45
0.0
 46
0.0
 47
0.0
 48
0.0
140
0.12
141
0.0
142
0.0
143
25.4
144
1.0
145
0.0
146
1.0
147
0.09
 71
     0
 72
     0
 73
     1
 74
     1
 75
     0
 76
     0
 77
     0
 78
     7
170
     0
171
     2
172
     0
173
     0
174
     0
175
     0
176
     7
177
     7
178
     7
179
     1
270
     2
271
     3
272
     3
273
     2
274
     2
340
73
275
     0
280
     0
281
     0
282
     0
283
     1
284
     7
285
     7
286
     7
287
     3
288
     1
  0
DIMSTYLE
105
2F6
330
A
100
AcDbSymbolTableRecord
100
AcDbDimStyleTableRecord
  2
ONSHAPE-STANDARD$6
 70
     0
  3

  4

  5

  6

  7

 40
1.0
 41
0.02
 42
0.0625
 43
0.38
 44
0.08
 45
0.0
 46
0.0
 47
0.0
 48
0.0
140
0.12
141
0.09
142
0.0
143
25.4
144
1.0
145
0.0
146
1.0
147
0.09
 71
     0
 72
     0
 73
     1
 74
     1
 75
     0
 76
     0
 77
     0
 78
     7
170
     0
171
     2
172
     0
173
     0
174
     0
175
     0
176
     7
177
     7
178
     7
179
     1
270
     2
271
     3
272
     3
273
     2
274
     2
340
73
275
     0
280
     0
281
     0
282
     0
283
     1
284
     7
285
     7
286
     7
287
     3
288
     1
  0
DIMSTYLE
105
2F7
330
A
100
AcDbSymbolTableRecord
100
AcDbDimStyleTableRecord
  2
ONSHAPE-STANDARD$7
 70
     0
  3

  4

  5

  6

  7

 40
1.0
 41
0.18
 42
0.0625
 43
0.38
 44
0.08
 45
0.0
 46
0.0
 47
0.0
 48
0.0
140
0.12
141
0.09
142
0.0
143
25.4
144
1.0
145
0.0
146
1.0
147
0.09
 71
     0
 72
     0
 73
     1
 74
     1
 75
     0
 76
     0
 77
     0
 78
     7
170
     0
171
     2
172
     0
173
     0
174
     0
175
     0
176
     7
177
     7
178
     7
179
     1
270
     2
271
     3
272
     3
273
     2
274
     2
340
73
275
     0
280
     0
281
     0
282
     0
283
     1
284
     7
285
     7
286
     7
287
     3
288
     1
  0
DIMSTYLE
105
2F8
330
A
100
AcDbSymbolTableRecord
100
AcDbDimStyleTableRecord
  2
ONSHAPE-STANDARD-GTOLERANC
 70
     0
  3

  4

  5

  6

  7

 40
1.0
 41
0.18
 42
0.0625
 43
0.38
 44
0.08
 45
0.0
 46
0.0
 47
0.0
 48
0.0
140
0.12
141
0.09
142
0.0
143
25.4
144
1.0
145
0.0
146
1.0
147
0.09
 71
     0
 72
     0
 73
     1
 74
     1
 75
     0
 76
     0
 77
     0
 78
     7
170
     0
171
     2
172
     0
173
     0
174
     0
175
     0
176
     7
177
     7
178
     7
179
     1
270
     2
271
     3
272
     3
273
     2
274
     2
340
2BB
275
     0
280
     0
281
     0
282
     0
283
     1
284
     7
285
     7
286
     7
287
     3
288
     1
  0
DIMSTYLE
105
2FA
330
A
100
AcDbSymbolTableRecord
100
AcDbDimStyleTableRecord
  2
ONSHAPE-ORDINATESTYLE
 70
     0
  3

  4

  5

  6

  7

 40
1.0
 41
0.02
 42
0.0625
 43
0.38
 44
0.08
 45
0.0
 46
0.0
 47
0.0
 48
0.0
140
0.12
141
0.09
142
0.0
143
25.4
144
1.0
145
0.0
146
1.0
147
0.09
 71
     0
 72
     0
 73
     1
 74
     1
 75
     0
 76
     0
 77
     0
 78
     7
170
     0
171
     2
172
     0
173
     0
174
     0
175
     0
176
     7
177
     7
178
     7
179
     1
270
     2
271
     3
272
     3
273
     2
274
     2
340
73
275
     0
280
     0
281
     0
282
     0
283
     1
284
     7
285
     7
286
     7
287
     3
288
     1
  0
DIMSTYLE
105
2FB
330
A
100
AcDbSymbolTableRecord
100
AcDbDimStyleTableRecord
  2
ONSHAPE-CHAMFERDIMSTYLE
 70
     0
  3

  4

  5

  6

  7

 40
1.0
 41
0.18
 42
0.0625
 43
0.38
 44
0.08
 45
0.0
 46
0.0
 47
0.0
 48
0.0
140
0.12
141
0.09
142
0.0
143
25.4
144
1.0
145
0.0
146
1.0
147
0.09
 71
     0
 72
     0
 73
     1
 74
     1
 75
     0
 76
     0
 77
     0
 78
     7
170
     0
171
     2
172
     0
173
     0
174
     0
175
     0
176
     7
177
     7
178
     7
179
     1
270
     2
271
     2
272
     3
273
     2
274
     2
340
73
275
     0
280
     0
281
     0
282
     0
283
     1
284
     7
285
     7
286
     7
287
     3
288
     1
  0
DIMSTYLE
105
2FC
330
A
100
AcDbSymbolTableRecord
100
AcDbDimStyleTableRecord
  2
ONSHAPE-SKETCHDRIVENDIMSTY
 70
     0
  3

  4

  5

  6

  7

 40
1.0
 41
0.18
 42
0.0625
 43
0.38
 44
0.08
 45
0.0
 46
0.0
 47
0.0
 48
0.0
140
0.12
141
0.09
142
0.0
143
25.4
144
1.0
145
0.0
146
1.0
147
0.09
 71
     0
 72
     0
 73
     1
 74
     1
 75
     0
 76
     0
 77
     0
 78
     7
170
     0
171
     2
172
     0
173
     0
174
     0
175
     0
176
   251
177
   251
178
   251
179
     1
270
     2
271
     3
272
     3
273
     2
274
     2
340
73
275
     0
280
     0
281
     0
282
     0
283
     1
284
     7
285
     7
286
     7
287
     3
288
     1
  0
DIMSTYLE
105
2FD
330
A
100
AcDbSymbolTableRecord
100
AcDbDimStyleTableRecord
  2
ONSHAPE-SKETCHDRIVENDIMST0
 70
     0
  3

  4

  5

  6

  7

 40
1.0
 41
0.18
 42
0.0625
 43
0.38
 44
0.08
 45
0.0
 46
0.0
 47
0.0
 48
0.0
140
0.12
141
0.09
142
0.0
143
25.4
144
1.0
145
0.0
146
1.0
147
0.09
 71
     0
 72
     0
 73
     1
 74
     1
 75
     0
 76
     0
 77
     0
 78
     7
170
     0
171
     2
172
     0
173
     0
174
     0
175
     0
176
   251
177
   251
178
   251
179
     1
270
     2
271
     3
272
     3
273
     2
274
     2
340
73
275
     0
280
     0
281
     0
282
     0
283
     1
284
     7
285
     7
286
     7
287
     3
288
     1
  0
DIMSTYLE
105
2FE
330
A
100
AcDbSymbolTableRecord
100
AcDbDimStyleTableRecord
  2
ONSHAPE-SKETCHDRIVENDIMST1
 70
     0
  3

  4

  5

  6

  7

 40
1.0
 41
0.18
 42
0.0625
 43
0.38
 44
0.08
 45
0.0
 46
0.0
 47
0.0
 48
0.0
140
0.12
141
0.0
142
0.0
143
25.4
144
1.0
145
0.0
146
1.0
147
0.09
 71
     0
 72
     0
 73
     1
 74
     1
 75
     0
 76
     0
 77
     0
 78
     7
170
     0
171
     2
172
     0
173
     0
174
     0
175
     0
176
   251
177
   251
178
   251
179
     1
270
     2
271
     3
272
     3
273
     2
274
     2
340
73
275
     0
280
     0
281
     0
282
     0
283
     1
284
     7
285
     7
286
     7
287
     3
288
     1
  0
DIMSTYLE
105
2FF
330
A
100
AcDbSymbolTableRecord
100
AcDbDimStyleTableRecord
  2
ONSHAPE-SKETCHDRIVENDIMST2
 70
     0
  3

  4

  5

  6

  7

 40
1.0
 41
0.18
 42
0.0625
 43
0.38
 44
0.08
 45
0.0
 46
0.0
 47
0.0
 48
0.0
140
0.12
141
0.0
142
0.0
143
25.4
144
1.0
145
0.0
146
1.0
147
0.09
 71
     0
 72
     0
 73
     1
 74
     1
 75
     0
 76
     0
 77
     0
 78
     7
170
     0
171
     2
172
     0
173
     0
174
     0
175
     0
176
   251
177
   251
178
   251
179
     1
270
     2
271
     3
272
     3
273
     2
274
     2
340
73
275
     0
280
     0
281
     0
282
     0
283
     1
284
     7
285
     7
286
     7
287
     3
288
     1
  0
ENDTAB
  0
TABLE
  2
BLOCK_RECORD
  5
1
330
0
100
AcDbSymbolTable
 70
    11
  0
BLOCK_RECORD
  5
1F
330
1
100
AcDbSymbolTableRecord
100
AcDbBlockTableRecord
  2
*MODEL_SPACE
  0
BLOCK_RECORD
  5
1B
330
1
100
AcDbSymbolTableRecord
100
AcDbBlockTableRecord
  2
*PAPER_SPACE
  0
BLOCK_RECORD
  5
A7
330
1
100
AcDbSymbolTableRecord
100
AcDbBlockTableRecord
  2
*T1
  0
BLOCK_RECORD
  5
12D
330
1
100
AcDbSymbolTableRecord
100
AcDbBlockTableRecord
  2
*T2
  0
BLOCK_RECORD
  5
13D
330
1
100
AcDbSymbolTableRecord
100
AcDbBlockTableRecord
  2
*T3
  0
BLOCK_RECORD
  5
14E
330
1
100
AcDbSymbolTableRecord
100
AcDbBlockTableRecord
  2
*T4
  0
BLOCK_RECORD
  5
19F
330
1
100
AcDbSymbolTableRecord
100
AcDbBlockTableRecord
  2
*T5
  0
BLOCK_RECORD
  5
1AB
330
1
100
AcDbSymbolTableRecord
100
AcDbBlockTableRecord
  2
*T6
  0
BLOCK_RECORD
  5
225
330
1
100
AcDbSymbolTableRecord
100
AcDbBlockTableRecord
  2
*D7
  0
BLOCK_RECORD
  5
243
330
1
100
AcDbSymbolTableRecord
100
AcDbBlockTableRecord
  2
*D8
  0
BLOCK_RECORD
  5
25F
330
1
100
AcDbSymbolTableRecord
100
AcDbBlockTableRecord
  2
*D9
  0
BLOCK_RECORD
  5
27C
330
1
100
AcDbSymbolTableRecord
100
AcDbBlockTableRecord
  2
*D10
  0
BLOCK_RECORD
  5
298
330
1
100
AcDbSymbolTableRecord
100
AcDbBlockTableRecord
  2
*D11
  0
ENDTAB
  0
ENDSEC
  0
SECTION
  2
BLOCKS
  0
BLOCK
  5
20
330
1F
100
AcDbEntity
  8
0
100
AcDbBlockBegin
  2
*MODEL_SPACE
 70
     0
 10
0.0
 20
0.0
 30
0.0
  3
*MODEL_SPACE
  1

  0
ENDBLK
  5
21
330
1F
100
AcDbEntity
  8
0
100
AcDbBlockEnd
  0
BLOCK
  5
1C
330
1B
100
AcDbEntity
 67
     1
  8
0
100
AcDbBlockBegin
  2
*PAPER_SPACE
 70
     0
 10
0.0
 20
0.0
 30
0.0
  3
*PAPER_SPACE
  1

  0
ENDBLK
  5
1D
330
1B
100
AcDbEntity
 67
     1
  8
0
100
AcDbBlockEnd
  0
BLOCK
  5
A8
330
A7
100
AcDbEntity
  8
0
100
AcDbBlockBegin
  2
*T1
 70
     1
 10
0.0
 20
0.0
 30
0.0
  3
*T1
  1

  0
MTEXT
  5
A9
102
{ACAD_XDICTIONARY
360
35D
102
}
330
A7
100
AcDbEntity
  8
TITLE_BLOCK
100
AcDbMText
 10
0.06
 20
-0.1411035422343324
 30
0.0
 40
0.05
 41
1.13
 71
     4
 72
     5
  1
{\fNoto Sans|b0|i0|c0|p0;\W5.02049; }DIMENSIONS ARE IN INCHES {\fNoto Sans|b0|i0|c0|p0;\W5.02049; }TOLERANCES EXCEPT AS NOTED
  7
ONSHAPE-STANDARD-TABLE-DAT
  0
MTEXT
  5
AB
102
{ACAD_XDICTIONARY
360
AC
102
}
330
A7
100
AcDbEntity
  8
TITLE_BLOCK
100
AcDbMText
 10
1.31
 20
-0.1411035422343324
 30
0.0
 40
0.08
 41
0.88
 71
     4
 72
     5
  1
{\fNoto Sans|b0|i0|c0|p0;\W8.51692;   }----
  7
ONSHAPE-STANDARD-TABLE-DAT
  0
MTEXT
  5
B0
102
{ACAD_XDICTIONARY
360
B1
102
}
330
A7
100
AcDbEntity
  8
TITLE_BLOCK
100
AcDbMText
 10
2.31
 20
-0.1411035422343324
 30
0.0
 40
0.08
 41
0.88
 71
     4
 72
     5
  1
{\fNoto Sans|b0|i0|c0|p0;\W8.51692;   }----
  7
ONSHAPE-STANDARD-TABLE-DAT
  0
MTEXT
  5
B5
102
{ACAD_XDICTIONARY
360
B6
102
}
330
A7
100
AcDbEntity
  8
TITLE_BLOCK
100
AcDbMText
 10
3.31
 20
-0.2611035422343324
 30
0.0
 40
0.09
 41
2.88
 71
     4
 72
     5
  1
{\fNoto Sans|b0|i0|c0|p0;\W9.52937;    }PART 1
  7
ONSHAPE-STANDARD-TABLE-DAT
  0
MTEXT
  5
BA
102
{ACAD_XDICTIONARY
360
362
102
}
330
A7
100
AcDbEntity
  8
TITLE_BLOCK
100
AcDbMText
 10
0.06
 20
-0.4022070844686648
 30
0.0
 40
0.08
 41
0.505
 71
     4
 72
     5
  1
{\fNoto Sans|b0|i0|c0|p0;\W7.07307;  }.X
  7
ONSHAPE-STANDARD-TABLE-DAT
  0
MTEXT
  5
BB
102
{ACAD_XDICTIONARY
360
364
102
}
330
A7
100
AcDbEntity
  8
TITLE_BLOCK
100
AcDbMText
 10
0.685
 20
-0.4022070844686648
 30
0.0
 40
0.08
 41
0.505
 71
     4
 72
     5
  1
±.03
  7
ONSHAPE-STANDARD-TABLE-DAT
  0
MTEXT
  5
BC
102
{ACAD_XDICTIONARY
360
BD
102
}
330
A7
100
AcDbEntity
  8
TITLE_BLOCK
100
AcDbMText
 10
1.31
 20
-0.4022070844686648
 30
0.0
 40
0.08
 41
1.88
 71
     4
 72
     5
  1
{\fNoto Sans|b0|i0|c0|p0;\W8.91053;     }09/09/2026
  7
ONSHAPE-STANDARD-TABLE-DAT
  0
MTEXT
  5
C1
102
{ACAD_XDICTIONARY
360
367
102
}
330
A7
100
AcDbEntity
  8
TITLE_BLOCK
100
AcDbMText
 10
0.06
 20
-0.6488737511353314
 30
0.0
 40
0.08
 41
0.505
 71
     4
 72
     5
  1
{\fNoto Sans|b0|i0|c0|p0;\W5.94525;  }.XX
  7
ONSHAPE-STANDARD-TABLE-DAT
  0
MTEXT
  5
C2
102
{ACAD_XDICTIONARY
360
369
102
}
330
A7
100
AcDbEntity
  8
TITLE_BLOCK
100
AcDbMText
 10
0.685
 20
-0.6488737511353314
 30
0.0
 40
0.08
 41
0.505
 71
     4
 72
     5
  1
±.015
  7
ONSHAPE-STANDARD-TABLE-DAT
  0
MTEXT
  5
C3
102
{ACAD_XDICTIONARY
360
C4
102
}
330
A7
100
AcDbEntity
  8
TITLE_BLOCK
100
AcDbMText
 10
1.31
 20
-0.6488737511353314
 30
0.0
 40
0.08
 41
1.88
 71
     4
 72
     5
  1
{\fNoto Sans|b0|i0|c0|p0;\W9.71147;    }MARISSA ZHAI
  7
ONSHAPE-STANDARD-TABLE-DAT
  0
MTEXT
  5
C8
102
{ACAD_XDICTIONARY
360
C9
102
}
330
A7
100
AcDbEntity
  8
TITLE_BLOCK
100
AcDbMText
 10
3.31
 20
-0.7755404178019981
 30
0.0
 40
0.09
 41
2.88
 71
     4
 72
     5
  1
{\fNoto Sans|b0|i0|c0|p0;\W8.33440;     }----
  7
ONSHAPE-STANDARD-TABLE-DAT
  0
MTEXT
  5
CD
102
{ACAD_XDICTIONARY
360
36D
102
}
330
A7
100
AcDbEntity
  8
TITLE_BLOCK
100
AcDbMText
 10
0.06
 20
-0.9022070844686647
 30
0.0
 40
0.08
 41
0.505
 71
     4
 72
     5
  1
{\fNoto Sans|b0|i0|c0|p0;\W9.63487; }.XXX
  7
ONSHAPE-STANDARD-TABLE-DAT
  0
MTEXT
  5
CE
102
{ACAD_XDICTIONARY
360
36F
102
}
330
A7
100
AcDbEntity
  8
TITLE_BLOCK
100
AcDbMText
 10
0.685
 20
-0.9022070844686647
 30
0.0
 40
0.08
 41
0.505
 71
     4
 72
     5
  1
±.005
  7
ONSHAPE-STANDARD-TABLE-DAT
  0
MTEXT
  5
CF
102
{ACAD_XDICTIONARY
360
D0
102
}
330
A7
100
AcDbEntity
  8
TITLE_BLOCK
100
AcDbMText
 10
1.31
 20
-0.9022070844686647
 30
0.0
 40
0.08
 41
1.88
 71
     4
 72
     5
  1
{\fNoto Sans|b0|i0|c0|p0;\W8.57760;       }----
  7
ONSHAPE-STANDARD-TABLE-DAT
  0
MTEXT
  5
D4
102
{ACAD_XDICTIONARY
360
372
102
}
330
A7
100
AcDbEntity
  8
TITLE_BLOCK
100
AcDbMText
 10
0.06
 20
-1.155540417801998
 30
0.0
 40
0.08
 41
0.505
 71
     4
 72
     5
  1
{\fNoto Sans|b0|i0|c0|p0;\W5.30404; }ANGLE
  7
ONSHAPE-STANDARD-TABLE-DAT
  0
MTEXT
  5
D5
102
{ACAD_XDICTIONARY
360
374
102
}
330
A7
100
AcDbEntity
  8
TITLE_BLOCK
100
AcDbMText
 10
0.685
 20
-1.155540417801998
 30
0.0
 40
0.08
 41
0.505
 71
     4
 72
     5
  1
±1°
  7
ONSHAPE-STANDARD-TABLE-DAT
  0
MTEXT
  5
D6
102
{ACAD_XDICTIONARY
360
D7
102
}
330
A7
100
AcDbEntity
  8
TITLE_BLOCK
100
AcDbMText
 10
1.31
 20
-1.155540417801998
 30
0.0
 40
0.08
 41
1.88
 71
     4
 72
     5
  1
{\fNoto Sans|b0|i0|c0|p0;\W8.57760;       }----
  7
ONSHAPE-STANDARD-TABLE-DAT
  0
MTEXT
  5
DB
102
{ACAD_XDICTIONARY
360
DC
102
}
330
A7
100
AcDbEntity
  8
TITLE_BLOCK
100
AcDbMText
 10
3.31
 20
-1.296827883742053
 30
0.0
 40
0.09
 41
2.3175
 71
     4
 72
     5
  1
{\fNoto Sans|b0|i0|c0|p0;\W8.26222;    }----
  7
ONSHAPE-STANDARD-TABLE-DAT
  0
MTEXT
  5
E0
102
{ACAD_XDICTIONARY
360
E1
102
}
330
A7
100
AcDbEntity
  8
TITLE_BLOCK
100
AcDbMText
 10
5.7475
 20
-1.296827883742053
 30
0.0
 40
0.15
 41
0.4425
 71
     4
 72
     5
  1
{\fNoto Sans|b1|i0|c0|p0;\W2.74211; }{\fNoto Sans|b1|i0|c0|p0;A}
  7
ONSHAPE-STANDARD-TABLE-DAT
  0
MTEXT
  5
E5
102
{ACAD_XDICTIONARY
360
379
102
}
330
A7
100
AcDbEntity
  8
TITLE_BLOCK
100
AcDbMText
 10
0.06
 20
-1.423494550408719
 30
0.0
 40
0.05
 41
1.13
 71
     4
 72
     5
  1
{\fNoto Sans|b0|i0|c0|p0;\W4.72350; }DIMENSIONS & TOLERANCES   {\fNoto Sans|b0|i0|c0|p0;\W4.72350; }PER: ANSI Y14.5-2018
  7
ONSHAPE-STANDARD-TABLE-DAT
  0
MTEXT
  5
E6
102
{ACAD_XDICTIONARY
360
E7
102
}
330
A7
100
AcDbEntity
  8
TITLE_BLOCK
100
AcDbMText
 10
1.31
 20
-1.423494550408719
 30
0.0
 40
0.08
 41
1.88
 71
     4
 72
     5
  1
{\fNoto Sans|b0|i0|c0|p0;\W8.57760;       }----
  7
ONSHAPE-STANDARD-TABLE-DAT
  0
MTEXT
  5
EB
102
{ACAD_XDICTIONARY
360
37C
102
}
330
A7
100
AcDbEntity
  8
TITLE_BLOCK
100
AcDbMText
 10
0.06
 20
-1.713385558583106
 30
0.0
 40
0.05
 41
0.505
 71
     4
 72
     5
  1
{\fNoto Sans|b0|i0|c0|p0;\W1.60695; }THIRD ANGLE {\fNoto Sans|b0|i0|c0|p0;\W1.60695; }PROJECTION
  7
ONSHAPE-STANDARD-TABLE-DAT
  0
MTEXT
  5
EC
102
{ACAD_XDICTIONARY
360
ED
102
}
330
A7
100
AcDbEntity
  8
TITLE_BLOCK
100
AcDbMText
 10
1.31
 20
-1.713385558583106
 30
0.0
 40
0.09
 41
0.88
 71
     4
 72
     5
  1
{\fNoto Sans|b0|i0|c0|p0;\W8.63144;   }-
  7
ONSHAPE-STANDARD-TABLE-DAT
  0
MTEXT
  5
F1
102
{ACAD_XDICTIONARY
360
F2
102
}
330
A7
100
AcDbEntity
  8
TITLE_BLOCK
100
AcDbMText
 10
2.31
 20
-1.713385558583106
 30
0.0
 40
0.06
 41
0.88
 71
     4
 72
     5
  1
{\fNoto Sans|b0|i0|c0|p0;\W8.06454;  }IN PROGRESS
  7
ONSHAPE-STANDARD-TABLE-DAT
  0
MTEXT
  5
F6
102
{ACAD_XDICTIONARY
360
F7
102
}
330
A7
100
AcDbEntity
  8
TITLE_BLOCK
100
AcDbMText
 10
3.31
 20
-1.713385558583106
 30
0.0
 40
0.08
 41
0.88
 71
     4
 72
     5
  1
SCALE: 1:3
  7
ONSHAPE-STANDARD-TABLE-DAT
  0
MTEXT
  5
FB
102
{ACAD_XDICTIONARY
360
381
102
}
330
A7
100
AcDbEntity
  8
TITLE_BLOCK
100
AcDbMText
 10
4.31
 20
-1.713385558583106
 30
0.0
 40
0.08
 41
0.755
 71
     4
 72
     5
  1
UNITS: INCH
  7
ONSHAPE-STANDARD-TABLE-DAT
  0
MTEXT
  5
FC
102
{ACAD_XDICTIONARY
360
FD
102
}
330
A7
100
AcDbEntity
  8
TITLE_BLOCK
100
AcDbMText
 10
5.185
 20
-1.713385558583106
 30
0.0
 40
0.08
 41
1.005
 71
     4
 72
     5
  1
SHEET 1 OF 1
  7
ONSHAPE-STANDARD-TABLE-DAT
  0
LINE
  5
102
330
A7
100
AcDbEntity
  8
TITLE_BLOCK
  6
BYBLOCK
100
AcDbLine
 10
0.0
 20
0.0
 30
0.0
 11
6.25
 21
0.0
 31
0.0
  0
LINE
  5
103
330
A7
100
AcDbEntity
  8
TITLE_BLOCK
  6
BYBLOCK
100
AcDbLine
 10
6.25
 20
0.0
 30
0.0
 11
6.25
 21
-1.861989100817439
 31
0.0
  0
LINE
  5
104
330
A7
100
AcDbEntity
  8
TITLE_BLOCK
  6
BYBLOCK
100
AcDbLine
 10
0.0
 20
-0.2822070844686648
 30
0.0
 11
3.25
 21
-0.2822070844686648
 31
0.0
  0
LINE
  5
105
330
A7
100
AcDbEntity
  8
TITLE_BLOCK
  6
BYBLOCK
100
AcDbLine
 10
0.0
 20
-0.5222070844686648
 30
0.0
 11
6.25
 21
-0.5222070844686648
 31
0.0
  0
LINE
  5
106
330
A7
100
AcDbEntity
  8
TITLE_BLOCK
  6
BYBLOCK
100
AcDbLine
 10
0.0
 20
-0.775540417801998
 30
0.0
 11
3.25
 21
-0.775540417801998
 31
0.0
  0
LINE
  5
107
330
A7
100
AcDbEntity
  8
TITLE_BLOCK
  6
BYBLOCK
100
AcDbLine
 10
0.0
 20
-1.028873751135331
 30
0.0
 11
6.25
 21
-1.028873751135331
 31
0.0
  0
LINE
  5
108
330
A7
100
AcDbEntity
  8
TITLE_BLOCK
  6
BYBLOCK
100
AcDbLine
 10
0.0
 20
-1.282207084468665
 30
0.0
 11
3.25
 21
-1.282207084468665
 31
0.0
  0
LINE
  5
109
330
A7
100
AcDbEntity
  8
TITLE_BLOCK
  6
BYBLOCK
100
AcDbLine
 10
0.0
 20
-1.564782016348774
 30
0.0
 11
6.25
 21
-1.564782016348774
 31
0.0
  0
LINE
  5
10A
330
A7
100
AcDbEntity
  8
TITLE_BLOCK
  6
BYBLOCK
100
AcDbLine
 10
0.0
 20
-1.861989100817439
 30
0.0
 11
6.25
 21
-1.861989100817439
 31
0.0
  0
LINE
  5
10B
330
A7
100
AcDbEntity
  8
TITLE_BLOCK
  6
BYBLOCK
100
AcDbLine
 10
0.0
 20
0.0
 30
0.0
 11
0.0
 21
-1.861989100817439
 31
0.0
  0
LINE
  5
10C
330
A7
100
AcDbEntity
  8
TITLE_BLOCK
  6
BYBLOCK
100
AcDbLine
 10
1.25
 20
0.0
 30
0.0
 11
1.25
 21
-1.861989100817439
 31
0.0
  0
LINE
  5
10D
330
A7
100
AcDbEntity
  8
TITLE_BLOCK
  6
BYBLOCK
100
AcDbLine
 10
2.25
 20
0.0
 30
0.0
 11
2.25
 21
-0.2822070844686648
 31
0.0
  0
LINE
  5
10E
330
A7
100
AcDbEntity
  8
TITLE_BLOCK
  6
BYBLOCK
100
AcDbLine
 10
3.25
 20
0.0
 30
0.0
 11
3.25
 21
-0.5222070844686648
 31
0.0
  0
LINE
  5
10F
330
A7
100
AcDbEntity
  8
TITLE_BLOCK
  6
BYBLOCK
100
AcDbLine
 10
0.625
 20
-0.2822070844686648
 30
0.0
 11
0.625
 21
-1.282207084468665
 31
0.0
  0
LINE
  5
110
330
A7
100
AcDbEntity
  8
TITLE_BLOCK
  6
BYBLOCK
100
AcDbLine
 10
3.25
 20
-0.5222070844686648
 30
0.0
 11
3.25
 21
-1.028873751135331
 31
0.0
  0
LINE
  5
111
330
A7
100
AcDbEntity
  8
TITLE_BLOCK
  6
BYBLOCK
100
AcDbLine
 10
3.25
 20
-1.028873751135331
 30
0.0
 11
3.25
 21
-1.564782016348774
 31
0.0
  0
LINE
  5
112
330
A7
100
AcDbEntity
  8
TITLE_BLOCK
  6
BYBLOCK
100
AcDbLine
 10
5.6875
 20
-1.028873751135331
 30
0.0
 11
5.6875
 21
-1.564782016348774
 31
0.0
  0
LINE
  5
113
330
A7
100
AcDbEntity
  8
TITLE_BLOCK
  6
BYBLOCK
100
AcDbLine
 10
0.625
 20
-1.564782016348774
 30
0.0
 11
0.625
 21
-1.861989100817439
 31
0.0
  0
LINE
  5
114
330
A7
100
AcDbEntity
  8
TITLE_BLOCK
  6
BYBLOCK
100
AcDbLine
 10
2.25
 20
-1.564782016348774
 30
0.0
 11
2.25
 21
-1.861989100817439
 31
0.0
  0
LINE
  5
115
330
A7
100
AcDbEntity
  8
TITLE_BLOCK
  6
BYBLOCK
100
AcDbLine
 10
3.25
 20
-1.564782016348774
 30
0.0
 11
3.25
 21
-1.861989100817439
 31
0.0
  0
LINE
  5
116
330
A7
100
AcDbEntity
  8
TITLE_BLOCK
  6
BYBLOCK
100
AcDbLine
 10
4.25
 20
-1.564782016348774
 30
0.0
 11
4.25
 21
-1.861989100817439
 31
0.0
  0
LINE
  5
117
330
A7
100
AcDbEntity
  8
TITLE_BLOCK
  6
BYBLOCK
100
AcDbLine
 10
5.125
 20
-1.564782016348774
 30
0.0
 11
5.125
 21
-1.861989100817439
 31
0.0
  0
ENDBLK
  5
118
330
A7
100
AcDbEntity
  8
0
100
AcDbBlockEnd
  0
BLOCK
  5
12E
330
12D
100
AcDbEntity
  8
0
100
AcDbBlockBegin
  2
*T2
 70
     1
 10
0.0
 20
0.0
 30
0.0
  3
*T2
  1

  0
MTEXT
  5
12F
102
{ACAD_XDICTIONARY
360
384
102
}
330
12D
100
AcDbEntity
  8
TITLE_BLOCK
100
AcDbMText
 10
0.06
 20
-0.1329507266121707
 30
0.0
 40
0.08
 41
0.465
 71
     4
 72
     5
  1
{\fNoto Sans|b1|i0|c0|p0;\W8.01950;  }{\fNoto Sans|b1|i0|c0|p0;   }
  7
ONSHAPE-STANDARD-TABLE-DAT
  0
MTEXT
  5
130
102
{ACAD_XDICTIONARY
360
386
102
}
330
12D
100
AcDbEntity
  8
TITLE_BLOCK
100
AcDbMText
 10
0.645
 20
-0.1329507266121707
 30
0.0
 40
0.08
 41
2.795
 71
     4
 72
     5
  1
{\fNoto Sans|b1|i0|c0|p0;\W7.78313; }{\fNoto Sans|b1|i0|c0|p0;Boston University - College of Engineering}
  7
ONSHAPE-STANDARD-TABLE-DAT
  0
MTEXT
  5
131
102
{ACAD_XDICTIONARY
360
388
102
}
330
12D
100
AcDbEntity
  8
TITLE_BLOCK
100
AcDbMText
 10
3.56
 20
-0.1329507266121707
 30
0.0
 40
0.05
 41
0.88
 71
     4
 72
     5
  1
{\fNoto Sans|b0|i0|c0|p0;\W5.46128; }44 Cummington Mall {\fNoto Sans|b0|i0|c0|p0;\W5.46128; }Boston, MA 02215
  7
ONSHAPE-STANDARD-TABLE-DAT
  0
MTEXT
  5
132
102
{ACAD_XDICTIONARY
360
38A
102
}
330
12D
100
AcDbEntity
  8
TITLE_BLOCK
100
AcDbMText
 10
4.56
 20
-0.1329507266121707
 30
0.0
 40
0.05
 41
0.38
 71
     4
 72
     5
  1
{\fNoto Sans|b0|i0|c0|p0;\W4.13609; }bu.edu
  7
ONSHAPE-STANDARD-TABLE-DAT
  0
LINE
  5
133
330
12D
100
AcDbEntity
  8
TITLE_BLOCK
  6
BYBLOCK
100
AcDbLine
 10
0.0
 20
0.0
 30
0.0
 11
5.0
 21
0.0
 31
0.0
  0
LINE
  5
134
330
12D
100
AcDbEntity
  8
TITLE_BLOCK
  6
BYBLOCK
100
AcDbLine
 10
5.0
 20
0.0
 30
0.0
 11
5.0
 21
-0.2659014532243415
 31
0.0
  0
LINE
  5
135
330
12D
100
AcDbEntity
  8
TITLE_BLOCK
  6
BYBLOCK
100
AcDbLine
 10
0.0
 20
-0.2659014532243415
 30
0.0
 11
5.0
 21
-0.2659014532243415
 31
0.0
  0
LINE
  5
136
330
12D
100
AcDbEntity
  8
TITLE_BLOCK
  6
BYBLOCK
100
AcDbLine
 10
0.0
 20
0.0
 30
0.0
 11
0.0
 21
-0.2659014532243415
 31
0.0
  0
LINE
  5
137
330
12D
100
AcDbEntity
  8
TITLE_BLOCK
  6
BYBLOCK
100
AcDbLine
 10
0.585
 20
0.0
 30
0.0
 11
0.585
 21
-0.2659014532243415
 31
0.0
  0
LINE
  5
138
330
12D
100
AcDbEntity
  8
TITLE_BLOCK
  6
BYBLOCK
100
AcDbLine
 10
3.5
 20
0.0
 30
0.0
 11
3.5
 21
-0.2659014532243415
 31
0.0
  0
LINE
  5
139
330
12D
100
AcDbEntity
  8
TITLE_BLOCK
  6
BYBLOCK
100
AcDbLine
 10
4.5
 20
0.0
 30
0.0
 11
4.5
 21
-0.2659014532243415
 31
0.0
  0
ENDBLK
  5
13A
330
12D
100
AcDbEntity
  8
0
100
AcDbBlockEnd
  0
BLOCK
  5
13E
330
13D
100
AcDbEntity
  8
0
100
AcDbBlockBegin
  2
*T3
 70
     1
 10
0.0
 20
0.0
 30
0.0
  3
*T3
  1

  0
MTEXT
  5
13F
102
{ACAD_XDICTIONARY
360
38C
102
}
330
13D
100
AcDbEntity
  8
TABLES
 62
     0
100
AcDbMText
 10
0.06
 20
-0.1433333333333333
 30
0.0
 40
0.1
 41
0.6994112617359365
 71
     4
 72
     5
  1
{\fNoto Sans|b1|i0|c0|p0;\W0.39507; }{\fNoto Sans|b1|i0|c0|p0;REVISION}
  7
ONSHAPE-STANDARD-TABLE-DAT
  0
MTEXT
  5
140
102
{ACAD_XDICTIONARY
360
38E
102
}
330
13D
100
AcDbEntity
  8
TABLES
 62
     0
100
AcDbMText
 10
0.8794112617359364
 20
-0.1433333333333333
 30
0.0
 40
0.1
 41
2.381655772946734
 71
     4
 72
     5
  1
{\fNoto Sans|b1|i0|c0|p0;\W9.94065;  }{\fNoto Sans|b1|i0|c0|p0;DESCRIPTION}
  7
ONSHAPE-STANDARD-TABLE-DAT
  0
MTEXT
  5
141
102
{ACAD_XDICTIONARY
360
390
102
}
330
13D
100
AcDbEntity
  8
TABLES
 62
     0
100
AcDbMText
 10
3.381067034682671
 20
-0.1433333333333333
 30
0.0
 40
0.1
 41
0.8848401990169507
 71
     4
 72
     5
  1
{\fNoto Sans|b1|i0|c0|p0;\W7.20343; }{\fNoto Sans|b1|i0|c0|p0;DATE}
  7
ONSHAPE-STANDARD-TABLE-DAT
  0
MTEXT
  5
142
102
{ACAD_XDICTIONARY
360
392
102
}
330
13D
100
AcDbEntity
  8
TABLES
 62
     0
100
AcDbMText
 10
4.385907233699621
 20
-0.1433333333333333
 30
0.0
 40
0.1
 41
1.804092766300383
 71
     4
 72
     5
  1
{\fNoto Sans|b1|i0|c0|p0;\W7.37175;  }{\fNoto Sans|b1|i0|c0|p0;APPROVER}
  7
ONSHAPE-STANDARD-TABLE-DAT
  0
MTEXT
  5
143
102
{ACAD_XDICTIONARY
360
394
102
}
330
13D
100
AcDbEntity
  8
TABLES
 62
     0
100
AcDbMText
 10
0.06
 20
-0.4299999999999999
 30
0.0
 40
0.1
 41
0.6994112617359365
 71
     4
 72
     5
  1

  7
ONSHAPE-STANDARD-TABLE-DAT
  0
LINE
  5
144
330
13D
100
AcDbEntity
  8
TABLES
  6
BYBLOCK
 62
     0
100
AcDbLine
 10
0.0
 20
0.0
 30
0.0
 11
6.250000000000005
 21
0.0
 31
0.0
  0
LINE
  5
145
330
13D
100
AcDbEntity
  8
TABLES
  6
BYBLOCK
 62
     0
100
AcDbLine
 10
6.250000000000005
 20
0.0
 30
0.0
 11
6.250000000000005
 21
-0.5733333333333333
 31
0.0
  0
LINE
  5
146
330
13D
100
AcDbEntity
  8
TABLES
  6
BYBLOCK
 62
     0
100
AcDbLine
 10
0.0
 20
-0.2866666666666666
 30
0.0
 11
6.250000000000005
 21
-0.2866666666666666
 31
0.0
  0
LINE
  5
147
330
13D
100
AcDbEntity
  8
TABLES
  6
BYBLOCK
 62
     0
100
AcDbLine
 10
0.0
 20
-0.5733333333333333
 30
0.0
 11
6.250000000000005
 21
-0.5733333333333333
 31
0.0
  0
LINE
  5
148
330
13D
100
AcDbEntity
  8
TABLES
  6
BYBLOCK
 62
     0
100
AcDbLine
 10
0.0
 20
0.0
 30
0.0
 11
0.0
 21
-0.5733333333333333
 31
0.0
  0
LINE
  5
149
330
13D
100
AcDbEntity
  8
TABLES
  6
BYBLOCK
 62
     0
100
AcDbLine
 10
0.8194112617359365
 20
0.0
 30
0.0
 11
0.8194112617359365
 21
-0.5733333333333333
 31
0.0
  0
LINE
  5
14A
330
13D
100
AcDbEntity
  8
TABLES
  6
BYBLOCK
 62
     0
100
AcDbLine
 10
3.321067034682671
 20
0.0
 30
0.0
 11
3.321067034682671
 21
-0.5733333333333333
 31
0.0
  0
LINE
  5
14B
330
13D
100
AcDbEntity
  8
TABLES
  6
BYBLOCK
 62
     0
100
AcDbLine
 10
4.325907233699621
 20
0.0
 30
0.0
 11
4.325907233699621
 21
-0.5733333333333333
 31
0.0
  0
ENDBLK
  5
14C
330
13D
100
AcDbEntity
  8
0
100
AcDbBlockEnd
  0
BLOCK
  5
1B9
330
14E
100
AcDbEntity
  8
0
100
AcDbBlockBegin
  2
*T4
 70
     1
 10
0.0
 20
0.0
 30
0.0
  3
*T4
  1

  0
MTEXT
  5
150
102
{ACAD_XDICTIONARY
360
396
102
}
330
14E
100
AcDbEntity
  8
TITLE_BLOCK
100
AcDbMText
 10
0.06
 20
-0.1411035422343324
 30
0.0
 40
0.05
 41
1.13
 71
     4
 72
     5
  1
{\fNoto Sans|b0|i0|c0|p0;\W5.02049; }DIMENSIONS ARE IN INCHES {\fNoto Sans|b0|i0|c0|p0;\W5.02049; }TOLERANCES EXCEPT AS NOTED
  7
ONSHAPE-STANDARD-TABLE-DAT
  0
MTEXT
  5
151
102
{ACAD_XDICTIONARY
360
398
102
}
330
14E
100
AcDbEntity
  8
TITLE_BLOCK
100
AcDbMText
 10
1.31
 20
-0.1411035422343324
 30
0.0
 40
0.08
 41
0.88
 71
     4
 72
     5
  1
{\fNoto Sans|b0|i0|c0|p0;\W8.51692;   }----
  7
ONSHAPE-STANDARD-TABLE-DAT
  0
MTEXT
  5
154
102
{ACAD_XDICTIONARY
360
39A
102
}
330
14E
100
AcDbEntity
  8
TITLE_BLOCK
100
AcDbMText
 10
2.31
 20
-0.1411035422343324
 30
0.0
 40
0.08
 41
0.88
 71
     4
 72
     5
  1
{\fNoto Sans|b0|i0|c0|p0;\W8.51692;   }----
  7
ONSHAPE-STANDARD-TABLE-DAT
  0
MTEXT
  5
157
102
{ACAD_XDICTIONARY
360
39C
102
}
330
14E
100
AcDbEntity
  8
TITLE_BLOCK
100
AcDbMText
 10
3.31
 20
-0.2611035422343324
 30
0.0
 40
0.09
 41
2.88
 71
     4
 72
     5
  1
{\fNoto Sans|b0|i0|c0|p0;\W9.52937;    }PART 1
  7
ONSHAPE-STANDARD-TABLE-DAT
  0
MTEXT
  5
15A
102
{ACAD_XDICTIONARY
360
39E
102
}
330
14E
100
AcDbEntity
  8
TITLE_BLOCK
100
AcDbMText
 10
0.06
 20
-0.4022070844686648
 30
0.0
 40
0.08
 41
0.505
 71
     4
 72
     5
  1
{\fNoto Sans|b0|i0|c0|p0;\W7.07307;  }.X
  7
ONSHAPE-STANDARD-TABLE-DAT
  0
MTEXT
  5
15B
102
{ACAD_XDICTIONARY
360
3A0
102
}
330
14E
100
AcDbEntity
  8
TITLE_BLOCK
100
AcDbMText
 10
0.685
 20
-0.4022070844686648
 30
0.0
 40
0.08
 41
0.505
 71
     4
 72
     5
  1
±.03
  7
ONSHAPE-STANDARD-TABLE-DAT
  0
MTEXT
  5
15C
102
{ACAD_XDICTIONARY
360
3A2
102
}
330
14E
100
AcDbEntity
  8
TITLE_BLOCK
100
AcDbMText
 10
1.31
 20
-0.4022070844686648
 30
0.0
 40
0.08
 41
1.88
 71
     4
 72
     5
  1
{\fNoto Sans|b0|i0|c0|p0;\W8.91053;     }09/09/2026
  7
ONSHAPE-STANDARD-TABLE-DAT
  0
MTEXT
  5
15F
102
{ACAD_XDICTIONARY
360
3A4
102
}
330
14E
100
AcDbEntity
  8
TITLE_BLOCK
100
AcDbMText
 10
0.06
 20
-0.6488737511353314
 30
0.0
 40
0.08
 41
0.505
 71
     4
 72
     5
  1
{\fNoto Sans|b0|i0|c0|p0;\W5.94525;  }.XX
  7
ONSHAPE-STANDARD-TABLE-DAT
  0
MTEXT
  5
160
102
{ACAD_XDICTIONARY
360
3A6
102
}
330
14E
100
AcDbEntity
  8
TITLE_BLOCK
100
AcDbMText
 10
0.685
 20
-0.6488737511353314
 30
0.0
 40
0.08
 41
0.505
 71
     4
 72
     5
  1
±.015
  7
ONSHAPE-STANDARD-TABLE-DAT
  0
MTEXT
  5
161
102
{ACAD_XDICTIONARY
360
3A8
102
}
330
14E
100
AcDbEntity
  8
TITLE_BLOCK
100
AcDbMText
 10
1.31
 20
-0.6488737511353314
 30
0.0
 40
0.08
 41
1.88
 71
     4
 72
     5
  1
{\fNoto Sans|b0|i0|c0|p0;\W9.71147;    }MARISSA ZHAI
  7
ONSHAPE-STANDARD-TABLE-DAT
  0
MTEXT
  5
164
102
{ACAD_XDICTIONARY
360
3AA
102
}
330
14E
100
AcDbEntity
  8
TITLE_BLOCK
100
AcDbMText
 10
3.31
 20
-0.7755404178019981
 30
0.0
 40
0.09
 41
2.88
 71
     4
 72
     5
  1
{\fNoto Sans|b0|i0|c0|p0;\W8.33440;     }----
  7
ONSHAPE-STANDARD-TABLE-DAT
  0
MTEXT
  5
167
102
{ACAD_XDICTIONARY
360
3AC
102
}
330
14E
100
AcDbEntity
  8
TITLE_BLOCK
100
AcDbMText
 10
0.06
 20
-0.9022070844686647
 30
0.0
 40
0.08
 41
0.505
 71
     4
 72
     5
  1
{\fNoto Sans|b0|i0|c0|p0;\W9.63487; }.XXX
  7
ONSHAPE-STANDARD-TABLE-DAT
  0
MTEXT
  5
168
102
{ACAD_XDICTIONARY
360
3AE
102
}
330
14E
100
AcDbEntity
  8
TITLE_BLOCK
100
AcDbMText
 10
0.685
 20
-0.9022070844686647
 30
0.0
 40
0.08
 41
0.505
 71
     4
 72
     5
  1
±.005
  7
ONSHAPE-STANDARD-TABLE-DAT
  0
MTEXT
  5
169
102
{ACAD_XDICTIONARY
360
3B0
102
}
330
14E
100
AcDbEntity
  8
TITLE_BLOCK
100
AcDbMText
 10
1.31
 20
-0.9022070844686647
 30
0.0
 40
0.08
 41
1.88
 71
     4
 72
     5
  1
{\fNoto Sans|b0|i0|c0|p0;\W8.57760;       }----
  7
ONSHAPE-STANDARD-TABLE-DAT
  0
MTEXT
  5
16C
102
{ACAD_XDICTIONARY
360
3B2
102
}
330
14E
100
AcDbEntity
  8
TITLE_BLOCK
100
AcDbMText
 10
0.06
 20
-1.155540417801998
 30
0.0
 40
0.08
 41
0.505
 71
     4
 72
     5
  1
{\fNoto Sans|b0|i0|c0|p0;\W5.30404; }ANGLE
  7
ONSHAPE-STANDARD-TABLE-DAT
  0
MTEXT
  5
16D
102
{ACAD_XDICTIONARY
360
3B4
102
}
330
14E
100
AcDbEntity
  8
TITLE_BLOCK
100
AcDbMText
 10
0.685
 20
-1.155540417801998
 30
0.0
 40
0.08
 41
0.505
 71
     4
 72
     5
  1
±1°
  7
ONSHAPE-STANDARD-TABLE-DAT
  0
MTEXT
  5
16E
102
{ACAD_XDICTIONARY
360
3B6
102
}
330
14E
100
AcDbEntity
  8
TITLE_BLOCK
100
AcDbMText
 10
1.31
 20
-1.155540417801998
 30
0.0
 40
0.08
 41
1.88
 71
     4
 72
     5
  1
{\fNoto Sans|b0|i0|c0|p0;\W8.57760;       }----
  7
ONSHAPE-STANDARD-TABLE-DAT
  0
MTEXT
  5
171
102
{ACAD_XDICTIONARY
360
3B8
102
}
330
14E
100
AcDbEntity
  8
TITLE_BLOCK
100
AcDbMText
 10
3.31
 20
-1.296827883742053
 30
0.0
 40
0.09
 41
2.3175
 71
     4
 72
     5
  1
{\fNoto Sans|b0|i0|c0|p0;\W8.26222;    }----
  7
ONSHAPE-STANDARD-TABLE-DAT
  0
MTEXT
  5
174
102
{ACAD_XDICTIONARY
360
3BA
102
}
330
14E
100
AcDbEntity
  8
TITLE_BLOCK
100
AcDbMText
 10
5.7475
 20
-1.296827883742053
 30
0.0
 40
0.15
 41
0.4425
 71
     4
 72
     5
  1
{\fNoto Sans|b1|i0|c0|p0;\W2.74211; }{\fNoto Sans|b1|i0|c0|p0;A}
  7
ONSHAPE-STANDARD-TABLE-DAT
  0
MTEXT
  5
177
102
{ACAD_XDICTIONARY
360
3BC
102
}
330
14E
100
AcDbEntity
  8
TITLE_BLOCK
100
AcDbMText
 10
0.06
 20
-1.423494550408719
 30
0.0
 40
0.05
 41
1.13
 71
     4
 72
     5
  1
{\fNoto Sans|b0|i0|c0|p0;\W4.72350; }DIMENSIONS & TOLERANCES   {\fNoto Sans|b0|i0|c0|p0;\W4.72350; }PER: ANSI Y14.5-2018
  7
ONSHAPE-STANDARD-TABLE-DAT
  0
MTEXT
  5
178
102
{ACAD_XDICTIONARY
360
3BE
102
}
330
14E
100
AcDbEntity
  8
TITLE_BLOCK
100
AcDbMText
 10
1.31
 20
-1.423494550408719
 30
0.0
 40
0.08
 41
1.88
 71
     4
 72
     5
  1
{\fNoto Sans|b0|i0|c0|p0;\W8.57760;       }----
  7
ONSHAPE-STANDARD-TABLE-DAT
  0
MTEXT
  5
17B
102
{ACAD_XDICTIONARY
360
3C0
102
}
330
14E
100
AcDbEntity
  8
TITLE_BLOCK
100
AcDbMText
 10
0.06
 20
-1.713385558583106
 30
0.0
 40
0.05
 41
0.505
 71
     4
 72
     5
  1
{\fNoto Sans|b0|i0|c0|p0;\W1.60695; }THIRD ANGLE {\fNoto Sans|b0|i0|c0|p0;\W1.60695; }PROJECTION
  7
ONSHAPE-STANDARD-TABLE-DAT
  0
MTEXT
  5
17C
102
{ACAD_XDICTIONARY
360
3C2
102
}
330
14E
100
AcDbEntity
  8
TITLE_BLOCK
100
AcDbMText
 10
1.31
 20
-1.713385558583106
 30
0.0
 40
0.09
 41
0.88
 71
     4
 72
     5
  1
{\fNoto Sans|b0|i0|c0|p0;\W8.63144;   }-
  7
ONSHAPE-STANDARD-TABLE-DAT
  0
MTEXT
  5
17F
102
{ACAD_XDICTIONARY
360
3C4
102
}
330
14E
100
AcDbEntity
  8
TITLE_BLOCK
100
AcDbMText
 10
2.31
 20
-1.713385558583106
 30
0.0
 40
0.06
 41
0.88
 71
     4
 72
     5
  1
{\fNoto Sans|b0|i0|c0|p0;\W8.06454;  }IN PROGRESS
  7
ONSHAPE-STANDARD-TABLE-DAT
  0
MTEXT
  5
182
102
{ACAD_XDICTIONARY
360
3C6
102
}
330
14E
100
AcDbEntity
  8
TITLE_BLOCK
100
AcDbMText
 10
3.31
 20
-1.713385558583106
 30
0.0
 40
0.08
 41
0.88
 71
     4
 72
     5
  1
SCALE: 1:3
  7
ONSHAPE-STANDARD-TABLE-DAT
  0
MTEXT
  5
185
102
{ACAD_XDICTIONARY
360
3C8
102
}
330
14E
100
AcDbEntity
  8
TITLE_BLOCK
100
AcDbMText
 10
4.31
 20
-1.713385558583106
 30
0.0
 40
0.08
 41
0.755
 71
     4
 72
     5
  1
UNITS: INCH
  7
ONSHAPE-STANDARD-TABLE-DAT
  0
MTEXT
  5
186
102
{ACAD_XDICTIONARY
360
3CA
102
}
330
14E
100
AcDbEntity
  8
TITLE_BLOCK
100
AcDbMText
 10
5.185
 20
-1.713385558583106
 30
0.0
 40
0.08
 41
1.005
 71
     4
 72
     5
  1
SHEET 1 OF 1
  7
ONSHAPE-STANDARD-TABLE-DAT
  0
LINE
  5
189
330
14E
100
AcDbEntity
  8
TITLE_BLOCK
  6
BYBLOCK
100
AcDbLine
 10
0.0
 20
0.0
 30
0.0
 11
6.25
 21
0.0
 31
0.0
  0
LINE
  5
18A
330
14E
100
AcDbEntity
  8
TITLE_BLOCK
  6
BYBLOCK
100
AcDbLine
 10
0.0
 20
-0.2822070844686648
 30
0.0
 11
3.25
 21
-0.2822070844686648
 31
0.0
  0
LINE
  5
18B
330
14E
100
AcDbEntity
  8
TITLE_BLOCK
  6
BYBLOCK
100
AcDbLine
 10
0.0
 20
-0.5222070844686648
 30
0.0
 11
6.25
 21
-0.5222070844686648
 31
0.0
  0
LINE
  5
18C
330
14E
100
AcDbEntity
  8
TITLE_BLOCK
  6
BYBLOCK
100
AcDbLine
 10
0.0
 20
-0.775540417801998
 30
0.0
 11
3.25
 21
-0.775540417801998
 31
0.0
  0
LINE
  5
18D
330
14E
100
AcDbEntity
  8
TITLE_BLOCK
  6
BYBLOCK
100
AcDbLine
 10
0.0
 20
-1.028873751135331
 30
0.0
 11
6.25
 21
-1.028873751135331
 31
0.0
  0
LINE
  5
18E
330
14E
100
AcDbEntity
  8
TITLE_BLOCK
  6
BYBLOCK
100
AcDbLine
 10
0.0
 20
-1.282207084468665
 30
0.0
 11
3.25
 21
-1.282207084468665
 31
0.0
  0
LINE
  5
18F
330
14E
100
AcDbEntity
  8
TITLE_BLOCK
  6
BYBLOCK
100
AcDbLine
 10
0.0
 20
-1.564782016348774
 30
0.0
 11
6.25
 21
-1.564782016348774
 31
0.0
  0
LINE
  5
190
330
14E
100
AcDbEntity
  8
TITLE_BLOCK
  6
BYBLOCK
100
AcDbLine
 10
0.0
 20
-1.861989100817439
 30
0.0
 11
6.25
 21
-1.861989100817439
 31
0.0
  0
LINE
  5
191
330
14E
100
AcDbEntity
  8
TITLE_BLOCK
  6
BYBLOCK
100
AcDbLine
 10
0.0
 20
0.0
 30
0.0
 11
0.0
 21
-1.861989100817439
 31
0.0
  0
LINE
  5
192
330
14E
100
AcDbEntity
  8
TITLE_BLOCK
  6
BYBLOCK
100
AcDbLine
 10
1.25
 20
0.0
 30
0.0
 11
1.25
 21
-1.861989100817439
 31
0.0
  0
LINE
  5
193
330
14E
100
AcDbEntity
  8
TITLE_BLOCK
  6
BYBLOCK
100
AcDbLine
 10
2.25
 20
0.0
 30
0.0
 11
2.25
 21
-0.2822070844686648
 31
0.0
  0
LINE
  5
194
330
14E
100
AcDbEntity
  8
TITLE_BLOCK
  6
BYBLOCK
100
AcDbLine
 10
3.25
 20
0.0
 30
0.0
 11
3.25
 21
-0.5222070844686648
 31
0.0
  0
LINE
  5
195
330
14E
100
AcDbEntity
  8
TITLE_BLOCK
  6
BYBLOCK
100
AcDbLine
 10
6.25
 20
0.0
 30
0.0
 11
6.25
 21
-1.861989100817439
 31
0.0
  0
LINE
  5
196
330
14E
100
AcDbEntity
  8
TITLE_BLOCK
  6
BYBLOCK
100
AcDbLine
 10
0.625
 20
-0.2822070844686648
 30
0.0
 11
0.625
 21
-1.282207084468665
 31
0.0
  0
LINE
  5
197
330
14E
100
AcDbEntity
  8
TITLE_BLOCK
  6
BYBLOCK
100
AcDbLine
 10
3.25
 20
-0.5222070844686648
 30
0.0
 11
3.25
 21
-1.028873751135331
 31
0.0
  0
LINE
  5
198
330
14E
100
AcDbEntity
  8
TITLE_BLOCK
  6
BYBLOCK
100
AcDbLine
 10
3.25
 20
-1.028873751135331
 30
0.0
 11
3.25
 21
-1.564782016348774
 31
0.0
  0
LINE
  5
199
330
14E
100
AcDbEntity
  8
TITLE_BLOCK
  6
BYBLOCK
100
AcDbLine
 10
5.6875
 20
-1.028873751135331
 30
0.0
 11
5.6875
 21
-1.564782016348774
 31
0.0
  0
LINE
  5
19A
330
14E
100
AcDbEntity
  8
TITLE_BLOCK
  6
BYBLOCK
100
AcDbLine
 10
0.625
 20
-1.564782016348774
 30
0.0
 11
0.625
 21
-1.861989100817439
 31
0.0
  0
LINE
  5
19B
330
14E
100
AcDbEntity
  8
TITLE_BLOCK
  6
BYBLOCK
100
AcDbLine
 10
2.25
 20
-1.564782016348774
 30
0.0
 11
2.25
 21
-1.861989100817439
 31
0.0
  0
LINE
  5
19C
330
14E
100
AcDbEntity
  8
TITLE_BLOCK
  6
BYBLOCK
100
AcDbLine
 10
3.25
 20
-1.564782016348774
 30
0.0
 11
3.25
 21
-1.861989100817439
 31
0.0
  0
LINE
  5
19D
330
14E
100
AcDbEntity
  8
TITLE_BLOCK
  6
BYBLOCK
100
AcDbLine
 10
4.25
 20
-1.564782016348774
 30
0.0
 11
4.25
 21
-1.861989100817439
 31
0.0
  0
LINE
  5
19E
330
14E
100
AcDbEntity
  8
TITLE_BLOCK
  6
BYBLOCK
100
AcDbLine
 10
5.125
 20
-1.564782016348774
 30
0.0
 11
5.125
 21
-1.861989100817439
 31
0.0
  0
ENDBLK
  5
1BA
330
14E
100
AcDbEntity
  8
0
100
AcDbBlockEnd
  0
BLOCK
  5
1BB
330
19F
100
AcDbEntity
  8
0
100
AcDbBlockBegin
  2
*T5
 70
     1
 10
0.0
 20
0.0
 30
0.0
  3
*T5
  1

  0
MTEXT
  5
1A0
102
{ACAD_XDICTIONARY
360
3CC
102
}
330
19F
100
AcDbEntity
  8
TITLE_BLOCK
100
AcDbMText
 10
0.06
 20
-0.1329507266121707
 30
0.0
 40
0.08
 41
0.465
 71
     4
 72
     5
  1
{\fNoto Sans|b1|i0|c0|p0;\W8.01950;  }{\fNoto Sans|b1|i0|c0|p0;   }
  7
ONSHAPE-STANDARD-TABLE-DAT
  0
MTEXT
  5
1A1
102
{ACAD_XDICTIONARY
360
3CE
102
}
330
19F
100
AcDbEntity
  8
TITLE_BLOCK
100
AcDbMText
 10
0.645
 20
-0.1329507266121707
 30
0.0
 40
0.08
 41
2.795
 71
     4
 72
     5
  1
{\fNoto Sans|b1|i0|c0|p0;\W7.78313; }{\fNoto Sans|b1|i0|c0|p0;Boston University - College of Engineering}
  7
ONSHAPE-STANDARD-TABLE-DAT
  0
MTEXT
  5
1A2
102
{ACAD_XDICTIONARY
360
3D0
102
}
330
19F
100
AcDbEntity
  8
TITLE_BLOCK
100
AcDbMText
 10
3.56
 20
-0.1329507266121707
 30
0.0
 40
0.05
 41
0.88
 71
     4
 72
     5
  1
{\fNoto Sans|b0|i0|c0|p0;\W5.46128; }44 Cummington Mall {\fNoto Sans|b0|i0|c0|p0;\W5.46128; }Boston, MA 02215
  7
ONSHAPE-STANDARD-TABLE-DAT
  0
MTEXT
  5
1A3
102
{ACAD_XDICTIONARY
360
3D2
102
}
330
19F
100
AcDbEntity
  8
TITLE_BLOCK
100
AcDbMText
 10
4.56
 20
-0.1329507266121707
 30
0.0
 40
0.05
 41
0.38
 71
     4
 72
     5
  1
{\fNoto Sans|b0|i0|c0|p0;\W4.13609; }bu.edu
  7
ONSHAPE-STANDARD-TABLE-DAT
  0
LINE
  5
1A4
330
19F
100
AcDbEntity
  8
TITLE_BLOCK
  6
BYBLOCK
100
AcDbLine
 10
0.0
 20
0.0
 30
0.0
 11
5.0
 21
0.0
 31
0.0
  0
LINE
  5
1A5
330
19F
100
AcDbEntity
  8
TITLE_BLOCK
  6
BYBLOCK
100
AcDbLine
 10
0.0
 20
-0.2659014532243415
 30
0.0
 11
5.0
 21
-0.2659014532243415
 31
0.0
  0
LINE
  5
1A6
330
19F
100
AcDbEntity
  8
TITLE_BLOCK
  6
BYBLOCK
100
AcDbLine
 10
0.0
 20
0.0
 30
0.0
 11
0.0
 21
-0.2659014532243415
 31
0.0
  0
LINE
  5
1A7
330
19F
100
AcDbEntity
  8
TITLE_BLOCK
  6
BYBLOCK
100
AcDbLine
 10
0.585
 20
0.0
 30
0.0
 11
0.585
 21
-0.2659014532243415
 31
0.0
  0
LINE
  5
1A8
330
19F
100
AcDbEntity
  8
TITLE_BLOCK
  6
BYBLOCK
100
AcDbLine
 10
3.5
 20
0.0
 30
0.0
 11
3.5
 21
-0.2659014532243415
 31
0.0
  0
LINE
  5
1A9
330
19F
100
AcDbEntity
  8
TITLE_BLOCK
  6
BYBLOCK
100
AcDbLine
 10
4.5
 20
0.0
 30
0.0
 11
4.5
 21
-0.2659014532243415
 31
0.0
  0
LINE
  5
1AA
330
19F
100
AcDbEntity
  8
TITLE_BLOCK
  6
BYBLOCK
100
AcDbLine
 10
5.0
 20
0.0
 30
0.0
 11
5.0
 21
-0.2659014532243415
 31
0.0
  0
ENDBLK
  5
1BC
330
19F
100
AcDbEntity
  8
0
100
AcDbBlockEnd
  0
BLOCK
  5
1BD
330
1AB
100
AcDbEntity
  8
0
100
AcDbBlockBegin
  2
*T6
 70
     1
 10
0.0
 20
0.0
 30
0.0
  3
*T6
  1

  0
MTEXT
  5
1AC
102
{ACAD_XDICTIONARY
360
3D4
102
}
330
1AB
100
AcDbEntity
  8
TABLES
 62
     0
100
AcDbMText
 10
0.06
 20
-0.1433333333333333
 30
0.0
 40
0.1
 41
0.6994112617359365
 71
     4
 72
     5
  1
{\fNoto Sans|b1|i0|c0|p0;\W0.39507; }{\fNoto Sans|b1|i0|c0|p0;REVISION}
  7
ONSHAPE-STANDARD-TABLE-DAT
  0
MTEXT
  5
1AD
102
{ACAD_XDICTIONARY
360
3D6
102
}
330
1AB
100
AcDbEntity
  8
TABLES
 62
     0
100
AcDbMText
 10
0.8794112617359364
 20
-0.1433333333333333
 30
0.0
 40
0.1
 41
2.381655772946734
 71
     4
 72
     5
  1
{\fNoto Sans|b1|i0|c0|p0;\W9.94065;  }{\fNoto Sans|b1|i0|c0|p0;DESCRIPTION}
  7
ONSHAPE-STANDARD-TABLE-DAT
  0
MTEXT
  5
1AE
102
{ACAD_XDICTIONARY
360
3D8
102
}
330
1AB
100
AcDbEntity
  8
TABLES
 62
     0
100
AcDbMText
 10
3.381067034682671
 20
-0.1433333333333333
 30
0.0
 40
0.1
 41
0.8848401990169507
 71
     4
 72
     5
  1
{\fNoto Sans|b1|i0|c0|p0;\W7.20343; }{\fNoto Sans|b1|i0|c0|p0;DATE}
  7
ONSHAPE-STANDARD-TABLE-DAT
  0
MTEXT
  5
1AF
102
{ACAD_XDICTIONARY
360
3DA
102
}
330
1AB
100
AcDbEntity
  8
TABLES
 62
     0
100
AcDbMText
 10
4.385907233699621
 20
-0.1433333333333333
 30
0.0
 40
0.1
 41
1.804092766300383
 71
     4
 72
     5
  1
{\fNoto Sans|b1|i0|c0|p0;\W7.37175;  }{\fNoto Sans|b1|i0|c0|p0;APPROVER}
  7
ONSHAPE-STANDARD-TABLE-DAT
  0
MTEXT
  5
1B0
102
{ACAD_XDICTIONARY
360
3DC
102
}
330
1AB
100
AcDbEntity
  8
TABLES
 62
     0
100
AcDbMText
 10
0.06
 20
-0.4299999999999999
 30
0.0
 40
0.1
 41
0.6994112617359365
 71
     4
 72
     5
  1

  7
ONSHAPE-STANDARD-TABLE-DAT
  0
LINE
  5
1B1
330
1AB
100
AcDbEntity
  8
TABLES
  6
BYBLOCK
 62
     0
100
AcDbLine
 10
0.0
 20
0.0
 30
0.0
 11
6.250000000000005
 21
0.0
 31
0.0
  0
LINE
  5
1B2
330
1AB
100
AcDbEntity
  8
TABLES
  6
BYBLOCK
 62
     0
100
AcDbLine
 10
0.0
 20
-0.2866666666666666
 30
0.0
 11
6.250000000000005
 21
-0.2866666666666666
 31
0.0
  0
LINE
  5
1B3
330
1AB
100
AcDbEntity
  8
TABLES
  6
BYBLOCK
 62
     0
100
AcDbLine
 10
0.0
 20
-0.5733333333333333
 30
0.0
 11
6.250000000000005
 21
-0.5733333333333333
 31
0.0
  0
LINE
  5
1B4
330
1AB
100
AcDbEntity
  8
TABLES
  6
BYBLOCK
 62
     0
100
AcDbLine
 10
0.0
 20
0.0
 30
0.0
 11
0.0
 21
-0.5733333333333333
 31
0.0
  0
LINE
  5
1B5
330
1AB
100
AcDbEntity
  8
TABLES
  6
BYBLOCK
 62
     0
100
AcDbLine
 10
0.8194112617359365
 20
0.0
 30
0.0
 11
0.8194112617359365
 21
-0.5733333333333333
 31
0.0
  0
LINE
  5
1B6
330
1AB
100
AcDbEntity
  8
TABLES
  6
BYBLOCK
 62
     0
100
AcDbLine
 10
3.321067034682671
 20
0.0
 30
0.0
 11
3.321067034682671
 21
-0.5733333333333333
 31
0.0
  0
LINE
  5
1B7
330
1AB
100
AcDbEntity
  8
TABLES
  6
BYBLOCK
 62
     0
100
AcDbLine
 10
4.325907233699621
 20
0.0
 30
0.0
 11
4.325907233699621
 21
-0.5733333333333333
 31
0.0
  0
LINE
  5
1B8
330
1AB
100
AcDbEntity
  8
TABLES
  6
BYBLOCK
 62
     0
100
AcDbLine
 10
6.250000000000005
 20
0.0
 30
0.0
 11
6.250000000000005
 21
-0.5733333333333333
 31
0.0
  0
ENDBLK
  5
1BE
330
1AB
100
AcDbEntity
  8
0
100
AcDbBlockEnd
  0
BLOCK
  5
226
330
225
100
AcDbEntity
  8
0
100
AcDbBlockBegin
  2
*D7
 70
     1
 10
0.0
 20
0.0
 30
0.0
  3
*D7
  1

  0
LINE
  5
227
330
225
100
AcDbEntity
  8
ANNOTATION_TEXT
 62
     7
100
AcDbLine
 10
7.947362482474722
 20
5.236566774036008
 30
0.0
 11
7.947362482474722
 21
5.438476612961614
 31
0.0
1001
INDEX
1070
     0
  0
LINE
  5
229
330
225
100
AcDbEntity
  8
ANNOTATION_TEXT
 62
     7
100
AcDbLine
 10
8.197362482474722
 20
5.236566774036008
 30
0.0
 11
8.197362482474722
 21
5.438476612961614
 31
0.0
1001
INDEX
1070
     1
  0
LINE
  5
22A
330
225
100
AcDbEntity
  8
ANNOTATION_TEXT
 62
     7
100
AcDbLine
 10
7.947362482474722
 20
5.358476612961613
 30
0.0
 11
7.587362482474721
 21
5.358476612961613
 31
0.0
  0
LINE
  5
22B
330
225
100
AcDbEntity
  8
ANNOTATION_TEXT
 62
     7
100
AcDbLine
 10
7.767362482474722
 20
5.358476612961613
 30
0.0
 11
7.587362482474722
 21
5.358476612961613
 31
0.0
1001
INDEX
1070
     3
  0
LINE
  5
22C
330
225
100
AcDbEntity
  8
ANNOTATION_TEXT
 62
     7
100
AcDbLine
 10
8.377362482474721
 20
5.358476612961613
 30
0.0
 11
8.557362482474721
 21
5.358476612961613
 31
0.0
1001
INDEX
1070
     3
  0
SOLID
  5
22D
330
225
100
AcDbEntity
  8
ANNOTATION_TEXT
 62
     7
100
AcDbTrace
 10
7.767362482474722
 20
5.328476612961613
 30
0.0
 11
7.767362482474722
 21
5.388476612961614
 31
0.0
 12
7.947362482474722
 22
5.358476612961613
 32
0.0
 13
7.947362482474722
 23
5.358476612961613
 33
0.0
  0
SOLID
  5
22E
330
225
100
AcDbEntity
  8
ANNOTATION_TEXT
 62
     7
100
AcDbTrace
 10
8.377362482474721
 20
5.388476612961614
 30
0.0
 11
8.377362482474721
 21
5.328476612961613
 31
0.0
 12
8.197362482474722
 22
5.358476612961613
 32
0.0
 13
8.197362482474722
 23
5.358476612961613
 33
0.0
  0
MTEXT
  5
22F
330
225
100
AcDbEntity
  8
ANNOTATION_TEXT
 62
     7
100
AcDbMText
 10
7.34143605195701
 20
5.358476612961613
 30
0.0
 40
0.12
 41
0.0
 71
     5
 72
     1
  1
\A1;.750
  7
ONSHAPE-STANDARD-DIMENSION
  0
POINT
  5
230
330
225
100
AcDbEntity
  8
DEFPOINTS
 62
     0
100
AcDbPoint
 10
7.947362482474722
 20
5.174066774036008
 30
0.0
  0
POINT
  5
231
330
225
100
AcDbEntity
  8
DEFPOINTS
 62
     0
100
AcDbPoint
 10
8.197362482474722
 20
5.174066774036008
 30
0.0
  0
POINT
  5
232
330
225
100
AcDbEntity
  8
DEFPOINTS
 62
     0
100
AcDbPoint
 10
8.197362482474722
 20
5.358476612961613
 30
0.0
  0
POINT
  5
233
330
225
100
AcDbEntity
  8
DEFPOINTS
 62
     0
100
AcDbPoint
 10
8.197362482474722
 20
5.358476612961613
 30
0.0
  0
ENDBLK
  5
234
330
225
100
AcDbEntity
  8
0
100
AcDbBlockEnd
  0
BLOCK
  5
244
330
243
100
AcDbEntity
  8
0
100
AcDbBlockBegin
  2
*D8
 70
     1
 10
0.0
 20
0.0
 30
0.0
  3
*D8
  1

  0
LINE
  5
245
330
243
100
AcDbEntity
  8
ANNOTATION_TEXT
 62
     7
100
AcDbLine
 10
1.673760916668018
 20
5.012473071647951
 30
0.0
 11
1.853760916668018
 21
5.012473071647951
 31
0.0
  0
LINE
  5
246
330
243
100
AcDbEntity
  8
ANNOTATION_TEXT
 62
     7
100
AcDbLine
 10
1.853760916668018
 20
5.012473071647951
 30
0.0
 11
2.121845723996215
 21
4.772201275384212
 31
0.0
  0
LINE
  5
247
330
243
100
AcDbEntity
  8
ANNOTATION_TEXT
 62
     7
100
AcDbLine
 10
2.286916461841818
 20
4.624256141573669
 30
0.0
 11
2.420958865505917
 21
4.5041202434418
 31
0.0
1001
INDEX
1070
     3
  0
SOLID
  5
249
330
243
100
AcDbEntity
  8
ANNOTATION_TEXT
 62
     7
100
AcDbTrace
 10
2.306939111530463
 20
4.646596542184352
 30
0.0
 11
2.266893812153173
 21
4.601915740962986
 31
0.0
 12
2.15287405817772
 22
4.744392039705539
 32
0.0
 13
2.15287405817772
 23
4.744392039705539
 33
0.0
  0
SOLID
  5
24A
330
243
100
AcDbEntity
  8
ANNOTATION_TEXT
 62
     7
100
AcDbTrace
 10
1.967780670643472
 20
4.869996772905399
 30
0.0
 11
2.007825970020762
 21
4.914677574126765
 31
0.0
 12
2.121845723996215
 22
4.772201275384212
 32
0.0
 13
2.121845723996215
 23
4.772201275384212
 33
0.0
  0
MTEXT
  5
24B
330
243
100
AcDbEntity
  8
ANNOTATION_TEXT
 62
     7
100
AcDbMText
 10
1.428488437103985
 20
5.012473071647951
 30
0.0
 40
0.12
 41
0.0
 71
     5
 72
     1
  1
\A1;.125
  7
ONSHAPE-STANDARD-DIMENSION
  0
POINT
  5
24C
330
243
100
AcDbEntity
  8
DEFPOINTS
 62
     0
100
AcDbPoint
 10
2.15287405817772
 20
4.744392039705539
 30
0.0
  0
POINT
  5
24D
330
243
100
AcDbEntity
  8
DEFPOINTS
 62
     0
100
AcDbPoint
 10
2.121845723996215
 20
4.772201275384212
 30
0.0
  0
POINT
  5
24E
330
243
100
AcDbEntity
  8
DEFPOINTS
 62
     0
100
AcDbPoint
 10
2.121845723996215
 20
4.772201275384212
 30
0.0
  0
POINT
  5
24F
330
243
100
AcDbEntity
  8
DEFPOINTS
 62
     0
100
AcDbPoint
 10
2.121845723996215
 20
4.772201275384212
 30
0.0
  0
ENDBLK
  5
250
330
243
100
AcDbEntity
  8
0
100
AcDbBlockEnd
  0
BLOCK
  5
260
330
25F
100
AcDbEntity
  8
0
100
AcDbBlockBegin
  2
*D9
 70
     1
 10
0.0
 20
0.0
 30
0.0
  3
*D9
  1

  0
LINE
  5
261
330
25F
100
AcDbEntity
  8
ANNOTATION_TEXT
 62
     7
100
AcDbLine
 10
4.433153999185954
 20
5.272088401761607
 30
0.0
 11
4.253153999185955
 21
5.272088401761607
 31
0.0
1001
INDEX
1070
     3
  0
LINE
  5
263
330
25F
100
AcDbEntity
  8
ANNOTATION_TEXT
 62
     7
100
AcDbLine
 10
4.253153999185955
 20
5.272088401761607
 30
0.0
 11
3.185646827666141
 21
4.139682001494596
 31
0.0
1001
INDEX
1070
     3
  0
LINE
  5
264
330
25F
100
AcDbEntity
  8
ANNOTATION_TEXT
 62
     7
100
AcDbLine
 10
2.857688002853525
 20
3.791784879910753
 30
0.0
 11
2.734217338571304
 21
3.660807801527902
 31
0.0
1001
INDEX
1070
     3
  0
MTEXT
  5
265
330
25F
100
AcDbEntity
  8
ANNOTATION_TEXT
 62
     7
100
AcDbMText
 10
4.747745279839905
 20
5.272088401761607
 30
0.0
 40
0.12
 41
0.0
 71
     5
 72
     1
  1
\A1;%%c.354
  7
ONSHAPE-STANDARD-DIMENSION
  0
LINE
  5
266
330
25F
100
AcDbEntity
  8
ANNOTATION_TEXT
 62
     7
100
AcDbLine
 10
2.981158667135745
 20
3.922761958293603
 30
0.0
 11
3.062176163383921
 21
4.008704923111746
 31
0.0
1001
INDEX
1070
     3
  0
SOLID
  5
267
330
25F
100
AcDbEntity
  8
ANNOTATION_TEXT
 62
     7
100
AcDbTrace
 10
2.879517515917333
 20
3.771206435863716
 30
0.0
 11
2.835858489789716
 21
3.812363323957789
 31
0.0
 12
2.981158667135745
 22
3.922761958293603
 32
0.0
 13
2.981158667135745
 23
3.922761958293603
 33
0.0
  0
SOLID
  5
268
330
25F
100
AcDbEntity
  8
ANNOTATION_TEXT
 62
     7
100
AcDbTrace
 10
3.163817314602333
 20
4.160260445541633
 30
0.0
 11
3.207476340729949
 21
4.119103557447559
 31
0.0
 12
3.062176163383921
 22
4.008704923111746
 32
0.0
 13
3.062176163383921
 23
4.008704923111746
 33
0.0
  0
POINT
  5
269
330
25F
100
AcDbEntity
  8
DEFPOINTS
 62
     0
100
AcDbPoint
 10
3.062176163383921
 20
4.008704923111746
 30
0.0
  0
POINT
  5
26A
330
25F
100
AcDbEntity
  8
DEFPOINTS
 62
     0
100
AcDbPoint
 10
2.981158667135745
 20
3.922761958293603
 30
0.0
  0
ENDBLK
  5
26B
330
25F
100
AcDbEntity
  8
0
100
AcDbBlockEnd
  0
BLOCK
  5
27D
330
27C
100
AcDbEntity
  8
0
100
AcDbBlockBegin
  2
*D10
 70
     1
 10
0.0
 20
0.0
 30
0.0
  3
*D10
  1

  0
LINE
  5
27E
330
27C
100
AcDbEntity
  8
ANNOTATION_TEXT
 62
     7
100
AcDbLine
 10
4.414856853863879
 20
4.854207533350618
 30
0.0
 11
4.234856853863883
 21
4.854207533350618
 31
0.0
1001
INDEX
1070
     3
  0
LINE
  5
280
330
27C
100
AcDbEntity
  8
ANNOTATION_TEXT
 62
     7
100
AcDbLine
 10
4.234856853863883
 20
4.854207533350618
 30
0.0
 11
3.398738514648529
 21
4.009647235067604
 31
0.0
1001
INDEX
1070
     3
  0
LINE
  5
281
330
27C
100
AcDbEntity
  8
ANNOTATION_TEXT
 62
     7
100
AcDbLine
 10
3.103913901172973
 20
3.711845893056904
 30
0.0
 11
2.977275594821016
 21
3.583928969374744
 31
0.0
1001
INDEX
1070
     3
  0
MTEXT
  5
282
330
27C
100
AcDbEntity
  8
ANNOTATION_TEXT
 62
     7
100
AcDbMText
 10
4.862649769395214
 20
4.854207533350618
 30
0.0
 40
0.12
 41
0.0
 71
     5
 72
     1
  1
\A1;%%c\L2 x .177\l
  7
ONSHAPE-STANDARD-DIMENSION
  0
LINE
  5
283
330
27C
100
AcDbEntity
  8
ANNOTATION_TEXT
 62
     7
100
AcDbLine
 10
3.230552207524931
 20
3.839762816739065
 30
0.0
 11
3.272100208296572
 21
3.881730311385443
 31
0.0
1001
INDEX
1070
     3
  0
SOLID
  5
284
330
27C
100
AcDbEntity
  8
ANNOTATION_TEXT
 62
     7
100
AcDbTrace
 10
3.125233388453334
 20
3.690739508664911
 30
0.0
 11
3.082594413892613
 21
3.732952277448897
 31
0.0
 12
3.230552207524931
 22
3.839762816739065
 32
0.0
 13
3.230552207524931
 23
3.839762816739065
 33
0.0
  0
SOLID
  5
285
330
27C
100
AcDbEntity
  8
ANNOTATION_TEXT
 62
     7
100
AcDbTrace
 10
3.377419027368169
 20
4.030753619459597
 30
0.0
 11
3.42005800192889
 21
3.988540850675611
 31
0.0
 12
3.272100208296572
 22
3.881730311385443
 32
0.0
 13
3.272100208296572
 23
3.881730311385443
 33
0.0
  0
POINT
  5
286
330
27C
100
AcDbEntity
  8
DEFPOINTS
 62
     0
100
AcDbPoint
 10
3.272100208296572
 20
3.881730311385443
 30
0.0
  0
POINT
  5
287
330
27C
100
AcDbEntity
  8
DEFPOINTS
 62
     0
100
AcDbPoint
 10
3.230552207524931
 20
3.839762816739065
 30
0.0
  0
ENDBLK
  5
288
330
27C
100
AcDbEntity
  8
0
100
AcDbBlockEnd
  0
BLOCK
  5
299
330
298
100
AcDbEntity
  8
0
100
AcDbBlockBegin
  2
*D11
 70
     1
 10
0.0
 20
0.0
 30
0.0
  3
*D11
  1

  0
LINE
  5
29A
330
298
100
AcDbEntity
  8
ANNOTATION_TEXT
 62
     7
100
AcDbLine
 10
1.813334081926499
 20
6.770630092016886
 30
0.0
 11
1.813334081926499
 21
6.981917173356006
 31
0.0
1001
INDEX
1070
     0
  0
LINE
  5
29C
330
298
100
AcDbEntity
  8
ANNOTATION_TEXT
 62
     7
100
AcDbLine
 10
4.230000748593167
 20
6.770630092016886
 30
0.0
 11
4.230000748593167
 21
6.981917173356006
 31
0.0
1001
INDEX
1070
     1
  0
LINE
  5
29D
330
298
100
AcDbEntity
  8
ANNOTATION_TEXT
 62
     7
100
AcDbLine
 10
1.993334081926499
 20
6.901917173356006
 30
0.0
 11
2.661626543325228
 21
6.901917173356006
 31
0.0
1001
INDEX
1070
     3
  0
LINE
  5
29E
330
298
100
AcDbEntity
  8
ANNOTATION_TEXT
 62
     7
100
AcDbLine
 10
4.050000748593167
 20
6.901917173356006
 30
0.0
 11
3.381708287194438
 21
6.901917173356006
 31
0.0
1001
INDEX
1070
     3
  0
SOLID
  5
29F
330
298
100
AcDbEntity
  8
ANNOTATION_TEXT
 62
     7
100
AcDbTrace
 10
1.993334081926499
 20
6.931917173356006
 30
0.0
 11
1.993334081926499
 21
6.871917173356006
 31
0.0
 12
1.813334081926499
 22
6.901917173356006
 32
0.0
 13
1.813334081926499
 23
6.901917173356006
 33
0.0
  0
SOLID
  5
2A0
330
298
100
AcDbEntity
  8
ANNOTATION_TEXT
 62
     7
100
AcDbTrace
 10
4.050000748593167
 20
6.871917173356006
 30
0.0
 11
4.050000748593167
 21
6.931917173356006
 31
0.0
 12
4.230000748593167
 22
6.901917173356006
 32
0.0
 13
4.230000748593167
 23
6.901917173356006
 33
0.0
  0
MTEXT
  5
2A1
330
298
100
AcDbEntity
  8
ANNOTATION_TEXT
 62
     7
100
AcDbMText
 10
3.021667415259833
 20
6.901917173356006
 30
0.0
 40
0.12
 41
0.0
 71
     5
 72
     1
  1
\A1;%%c7.250
  7
ONSHAPE-STANDARD-DIMENSION
  0
POINT
  5
2A2
330
298
100
AcDbEntity
  8
DEFPOINTS
 62
     0
100
AcDbPoint
 10
1.813334081926499
 20
6.708130092016886
 30
0.0
  0
POINT
  5
2A3
330
298
100
AcDbEntity
  8
DEFPOINTS
 62
     0
100
AcDbPoint
 10
4.230000748593167
 20
6.708130092016886
 30
0.0
  0
POINT
  5
2A4
330
298
100
AcDbEntity
  8
DEFPOINTS
 62
     0
100
AcDbPoint
 10
4.230000748593167
 20
6.901917173356006
 30
0.0
  0
POINT
  5
2A5
330
298
100
AcDbEntity
  8
DEFPOINTS
 62
     0
100
AcDbPoint
 10
4.230000748593167
 20
6.901917173356006
 30
0.0
  0
ENDBLK
  5
2A6
330
298
100
AcDbEntity
  8
0
100
AcDbBlockEnd
  0
ENDSEC
  0
SECTION
  2
ENTITIES
  0
LINE
  5
76
330
1F
100
AcDbEntity
  8
VISIBLE
100
AcDbLine
 10
1.813334081926499
 20
6.708130092016886
 30
0.0
 11
4.230000748593167
 21
6.708130092016886
 31
0.0
  0
LINE
  5
77
330
1F
100
AcDbEntity
  8
VISIBLE
100
AcDbLine
 10
1.813334081926499
 20
6.458130092016886
 30
0.0
 11
4.230000748593167
 21
6.458130092016886
 31
0.0
  0
LINE
  5
78
330
1F
100
AcDbEntity
  8
VISIBLE
100
AcDbLine
 10
1.813334081926499
 20
6.708130092016886
 30
0.0
 11
1.813334081926499
 21
6.458130092016886
 31
0.0
  0
LINE
  5
79
330
1F
100
AcDbEntity
  8
VISIBLE
100
AcDbLine
 10
4.230000748593167
 20
6.458130092016886
 30
0.0
 11
4.230000748593167
 21
6.708130092016886
 31
0.0
  0
CIRCLE
  5
7C
330
1F
100
AcDbEntity
  8
VISIBLE
100
AcDbCircle
 10
3.021667415259833
 20
3.965733440702674
 30
0.0
 40
1.208333333333333
  0
CIRCLE
  5
7D
330
1F
100
AcDbEntity
  8
VISIBLE
100
AcDbCircle
 10
3.021667415259833
 20
3.965733440702674
 30
0.0
 40
1.166666666666667
  0
CIRCLE
  5
7E
330
1F
100
AcDbEntity
  8
VISIBLE
100
AcDbCircle
 10
3.021667415259833
 20
3.965733440702674
 30
0.0
 40
0.0590551181102362
  0
CIRCLE
  5
7F
330
1F
100
AcDbEntity
  8
VISIBLE
100
AcDbCircle
 10
2.792008622608914
 20
3.860746564062254
 30
0.0
 40
0.0295275590551181
  0
CIRCLE
  5
80
330
1F
100
AcDbEntity
  8
VISIBLE
100
AcDbCircle
 10
3.251326207910751
 20
3.860746564062254
 30
0.0
 40
0.0295275590551181
  0
LINE
  5
83
330
1F
100
AcDbEntity
  8
VISIBLE
100
AcDbLine
 10
8.197362482474722
 20
5.174066774036008
 30
0.0
 11
7.947362482474722
 21
5.174066774036008
 31
0.0
  0
LINE
  5
84
330
1F
100
AcDbEntity
  8
VISIBLE
100
AcDbLine
 10
7.947362482474722
 20
2.757400107369341
 30
0.0
 11
8.197362482474722
 21
2.757400107369341
 31
0.0
  0
LINE
  5
85
330
1F
100
AcDbEntity
  8
VISIBLE
100
AcDbLine
 10
7.947362482474722
 20
5.174066774036008
 30
0.0
 11
7.947362482474722
 21
2.757400107369341
 31
0.0
  0
LINE
  5
86
330
1F
100
AcDbEntity
  8
VISIBLE
100
AcDbLine
 10
8.197362482474722
 20
5.174066774036008
 30
0.0
 11
8.197362482474722
 21
2.757400107369341
 31
0.0
  0
LINE
  5
89
330
1F
100
AcDbEntity
  8
VISIBLE
100
AcDbLine
 10
6.896046233561132
 20
6.469076844799569
 30
0.0
 11
6.896046233561132
 21
6.264952699567638
 31
0.0
  0
LINE
  5
8A
330
1F
100
AcDbEntity
  8
VISIBLE
100
AcDbLine
 10
9.312712900227801
 20
6.264952699567638
 30
0.0
 11
9.312712900227801
 21
6.469076844799569
 31
0.0
  0
ELLIPSE
  5
8B
330
1F
100
AcDbEntity
  8
VISIBLE
100
AcDbEllipse
 10
8.104379566894467
 20
6.401035463055592
 30
0.0
 11
0.05905511811023621
 21
-4.014980183594053E-18
 31
0.0
210
0.0
220
0.0
230
-1.0
 40
0.577350269189626
 41
10.92932374952069
 42
11.06182482560786
  0
ELLIPSE
  5
8C
330
1F
100
AcDbEntity
  8
VISIBLE
100
AcDbEllipse
 10
8.104379566894467
 20
6.264952699567638
 30
0.0
 11
-1.208333333333333
 21
8.215095564542714E-17
 31
0.0
210
0.0
220
0.0
230
1.0
 40
0.5773502691896261
 41
0.0000000000000007
 42
3.141592653589793
  0
ELLIPSE
  5
8D
330
1F
100
AcDbEntity
  8
VISIBLE
100
AcDbEllipse
 10
8.341009788945083
 20
6.418179748219429
 30
0.0
 11
0.02952755905511812
 21
-2.007490091797025E-18
 31
0.0
210
0.0
220
0.0
230
-1.0
 40
0.577350269189626
 41
0.0
 42
6.283185307179586
  0
ELLIPSE
  5
8E
330
1F
100
AcDbEntity
  8
VISIBLE
100
AcDbEllipse
 10
8.104379566894467
 20
6.469076844799569
 30
0.0
 11
-1.208333333333333
 21
8.215095564542715E-17
 31
0.0
210
0.0
220
0.0
230
1.0
 40
0.577350269189626
 41
0.0
 42
6.283185307179586
  0
ELLIPSE
  5
8F
330
1F
100
AcDbEntity
  8
VISIBLE
100
AcDbEllipse
 10
8.016223209659923
 20
6.605695367198893
 30
0.0
 11
-0.02952755905511812
 21
2.007490091797025E-18
 31
0.0
210
0.0
220
0.0
230
1.0
 40
0.577350269189626
 41
0.0
 42
6.283185307179586
  0
ELLIPSE
  5
90
330
1F
100
AcDbEntity
  8
VISIBLE
100
AcDbEllipse
 10
8.104379566894467
 20
6.469076844799569
 30
0.0
 11
-0.05905511811023622
 21
4.014980183594051E-18
 31
0.0
210
0.0
220
0.0
230
1.0
 40
0.577350269189626
 41
0.0
 42
6.283185307179586
  0
LINE
  5
91
330
1F
100
AcDbEntity
  8
BORDER_FRAME
100
AcDbLine
 10
0.399
 20
0.38
 30
0.0
 11
0.399
 21
8.12
 31
0.0
  0
LINE
  5
94
330
1F
100
AcDbEntity
  8
BORDER_FRAME
100
AcDbLine
 10
0.399
 20
8.12
 30
0.0
 11
10.639
 21
8.12
 31
0.0
  0
LINE
  5
95
330
1F
100
AcDbEntity
  8
BORDER_FRAME
100
AcDbLine
 10
10.639
 20
8.12
 30
0.0
 11
10.639
 21
0.38
 31
0.0
  0
LINE
  5
96
330
1F
100
AcDbEntity
  8
BORDER_FRAME
100
AcDbLine
 10
10.639
 20
0.38
 30
0.0
 11
0.399
 21
0.38
 31
0.0
  0
LINE
  5
97
330
1F
100
AcDbEntity
  8
BORDER_ZONES
100
AcDbLine
 10
5.519
 20
0.38
 30
0.0
 11
5.519
 21
0.019
 31
0.0
  0
LINE
  5
99
330
1F
100
AcDbEntity
  8
BORDER_ZONES
100
AcDbLine
 10
5.519
 20
8.12
 30
0.0
 11
5.519
 21
8.481
 31
0.0
  0
MTEXT
  5
9A
330
1F
100
AcDbEntity
  8
BORDER_ZONES
100
AcDbMText
 10
2.769
 20
0.19
 30
0.0
 40
0.18
 41
0.0
 71
     5
 72
     1
  1
2
  7
ONSHAPE-STANDARD
  0
MTEXT
  5
9C
330
1F
100
AcDbEntity
  8
BORDER_ZONES
100
AcDbMText
 10
2.769
 20
8.309999999999999
 30
0.0
 40
0.18
 41
0.0
 71
     5
 72
     1
  1
2
  7
ONSHAPE-STANDARD
  0
MTEXT
  5
9D
330
1F
100
AcDbEntity
  8
BORDER_ZONES
100
AcDbMText
 10
8.269
 20
0.19
 30
0.0
 40
0.18
 41
0.0
 71
     5
 72
     1
  1
1
  7
ONSHAPE-STANDARD
  0
MTEXT
  5
9E
330
1F
100
AcDbEntity
  8
BORDER_ZONES
100
AcDbMText
 10
8.269
 20
8.309999999999999
 30
0.0
 40
0.18
 41
0.0
 71
     5
 72
     1
  1
1
  7
ONSHAPE-STANDARD
  0
LINE
  5
9F
330
1F
100
AcDbEntity
  8
BORDER_ZONES
100
AcDbLine
 10
0.399
 20
4.25
 30
0.0
 11
0.038
 21
4.25
 31
0.0
  0
LINE
  5
A0
330
1F
100
AcDbEntity
  8
BORDER_ZONES
100
AcDbLine
 10
10.639
 20
4.25
 30
0.0
 11
11.0
 21
4.25
 31
0.0
  0
MTEXT
  5
A1
330
1F
100
AcDbEntity
  8
BORDER_ZONES
100
AcDbMText
 10
0.209
 20
2.125
 30
0.0
 40
0.18
 41
0.0
 71
     5
 72
     1
  1
A
  7
ONSHAPE-STANDARD
  0
MTEXT
  5
A2
330
1F
100
AcDbEntity
  8
BORDER_ZONES
100
AcDbMText
 10
10.829
 20
2.125
 30
0.0
 40
0.18
 41
0.0
 71
     5
 72
     1
  1
A
  7
ONSHAPE-STANDARD
  0
MTEXT
  5
A3
330
1F
100
AcDbEntity
  8
BORDER_ZONES
100
AcDbMText
 10
0.209
 20
6.375
 30
0.0
 40
0.18
 41
0.0
 71
     5
 72
     1
  1
B
  7
ONSHAPE-STANDARD
  0
MTEXT
  5
A4
330
1F
100
AcDbEntity
  8
BORDER_ZONES
100
AcDbMText
 10
10.829
 20
6.375
 30
0.0
 40
0.18
 41
0.0
 71
     5
 72
     1
  1
B
  7
ONSHAPE-STANDARD
  0
INSERT
  5
A5
330
1F
100
AcDbEntity
  8
TITLE_BLOCK
100
AcDbBlockReference
  2
*T4
 10
4.388999999999994
 20
2.241989100817439
 30
0.0
1001
ONSHAPE_TABLE_FIXED_CORNER
1071
        1
1071
        1
  0
LINE
  5
11D
330
1F
100
AcDbEntity
  8
TITLE_BLOCK
100
AcDbLine
 10
5.425886764184978
 20
0.529599853371689
 30
0.0
 11
5.324060447182362
 21
0.529599853371689
 31
0.0
  0
LINE
  5
11E
330
1F
100
AcDbEntity
  8
TITLE_BLOCK
100
AcDbLine
 10
5.463686764184978
 20
0.529599853371689
 30
0.0
 11
5.442086764184978
 21
0.529599853371689
 31
0.0
  0
LINE
  5
11F
330
1F
100
AcDbEntity
  8
TITLE_BLOCK
100
AcDbLine
 10
5.479886764184978
 20
0.529599853371689
 30
0.0
 11
5.586018864731224
 21
0.529599853371689
 31
0.0
  0
LINE
  5
120
330
1F
100
AcDbEntity
  8
TITLE_BLOCK
100
AcDbLine
 10
5.344886788424712
 20
0.4869056090638595
 30
0.0
 11
5.560886708316068
 21
0.4419344163256929
 31
0.0
  0
LINE
  5
121
330
1F
100
AcDbEntity
  8
TITLE_BLOCK
100
AcDbLine
 10
5.344886764184978
 20
0.5698435900156111
 30
0.0
 11
5.344886764184978
 21
0.4869056480911413
 31
0.0
  0
LINE
  5
122
330
1F
100
AcDbEntity
  8
TITLE_BLOCK
100
AcDbLine
 10
5.560886708316068
 20
0.617265291518093
 30
0.0
 11
5.344886812664447
 21
0.5698435510616973
 31
0.0
  0
LINE
  5
123
330
1F
100
AcDbEntity
  8
TITLE_BLOCK
100
AcDbLine
 10
5.560886652447159
 20
0.4419343973255727
 30
0.0
 11
5.560886708316068
 21
0.617265291518093
 31
0.0
  0
LINE
  5
124
330
1F
100
AcDbEntity
  8
TITLE_BLOCK
100
AcDbLine
 10
5.182886764184978
 20
0.4755998533716888
 30
0.0
 11
5.182886764184978
 21
0.4223574519009823
 31
0.0
  0
LINE
  5
125
330
1F
100
AcDbEntity
  8
TITLE_BLOCK
100
AcDbLine
 10
5.128886764184978
 20
0.529599853371689
 30
0.0
 11
5.070698173749947
 21
0.529599853371689
 31
0.0
  0
LINE
  5
126
330
1F
100
AcDbEntity
  8
TITLE_BLOCK
100
AcDbLine
 10
5.182886764184978
 20
0.5835998533716884
 30
0.0
 11
5.182886764184978
 21
0.639525037796465
 31
0.0
  0
LINE
  5
127
330
1F
100
AcDbEntity
  8
TITLE_BLOCK
100
AcDbLine
 10
5.236886764184979
 20
0.529599853371689
 30
0.0
 11
5.289675677121775
 21
0.529599853371689
 31
0.0
  0
LINE
  5
128
330
1F
100
AcDbEntity
  8
TITLE_BLOCK
100
AcDbLine
 10
5.182886764184978
 20
0.5565998533716883
 30
0.0
 11
5.182886764184978
 21
0.502599853371688
 31
0.0
  0
LINE
  5
129
330
1F
100
AcDbEntity
  8
TITLE_BLOCK
100
AcDbLine
 10
5.209886764184978
 20
0.529599853371689
 30
0.0
 11
5.155886764184978
 21
0.529599853371689
 31
0.0
  0
CIRCLE
  5
12A
330
1F
100
AcDbEntity
  8
TITLE_BLOCK
100
AcDbCircle
 10
5.182886764184978
 20
0.529599853371689
 30
0.0
 40
0.087665418045876
  0
CIRCLE
  5
12B
330
1F
100
AcDbEntity
  8
TITLE_BLOCK
100
AcDbCircle
 10
5.182886764184978
 20
0.529599853371689
 30
0.0
 40
0.0408819362777687
  0
INSERT
  5
12C
330
1F
100
AcDbEntity
  8
TITLE_BLOCK
100
AcDbBlockReference
  2
*T5
 10
5.638999999999992
 20
2.50789055404178
 30
0.0
1001
ONSHAPE_TABLE_FIXED_CORNER
1071
        1
1071
        1
  0
INSERT
  5
13B
330
1F
100
AcDbEntity
  8
TABLES
100
AcDbBlockReference
  2
*T6
 10
4.388999999999996
 20
8.119999999999997
 30
0.0
1001
ONSHAPE_TABLE_FIXED_CORNER
1071
        1
1071
        3
  0
OLE2FRAME
  5
1CD
330
1F
100
AcDbEntity
  8
TITLE_BLOCK
100
AcDbOle2Frame
 70
     2
  3
Paintbrush Picture
 10
5.638999999999992
 20
2.505714323119009
 30
0.0
 11
6.223999999999991
 21
2.244553608833296
 31
0.0
 71
     2
 72
     0
 90
    19584
310
80556C931804568E1640C25177F3B30B044000000000000000004237894160E5
310
1840C25177F3B30B044000000000000000004237894160E518405676C085D8F4
310
014000000000000000006C931804568E16405676C085D8F40140000000000000
310
00000000000001000000000100000100000001000000000001000000004C0000
310
D0CF11E0A1B11AE1000000000000000000000000000000003E000300FEFF0900
310
0600000000000000000000000100000022000000010000000010000023000000
310
01000000FFFFFFFF0000000024000000FFFFFFFFFFFFFFFFFFFFFFFFFFFFFFFF
310
FFFFFFFFFFFFFFFFFFFFFFFFFFFFFFFFFFFFFFFFFFFFFFFFFFFFFFFFFFFFFFFF
310
FFFFFFFFFFFFFFFFFFFFFFFFFFFFFFFFFFFFFFFFFFFFFFFFFFFFFFFFFFFFFFFF
310
FFFFFFFFFFFFFFFFFFFFFFFFFFFFFFFFFFFFFFFFFFFFFFFFFFFFFFFFFFFFFFFF
310
FFFFFFFFFFFFFFFFFFFFFFFFFFFFFFFFFFFFFFFFFFFFFFFFFFFFFFFFFFFFFFFF
310
FFFFFFFFFFFFFFFFFFFFFFFFFFFFFFFFFFFFFFFFFFFFFFFFFFFFFFFFFFFFFFFF
310
FFFFFFFFFFFFFFFFFFFFFFFFFFFFFFFFFFFFFFFFFFFFFFFFFFFFFFFFFFFFFFFF
310
FFFFFFFFFFFFFFFFFFFFFFFFFFFFFFFFFFFFFFFFFFFFFFFFFFFFFFFFFFFFFFFF
310
FFFFFFFFFFFFFFFFFFFFFFFFFFFFFFFFFFFFFFFFFFFFFFFFFFFFFFFFFFFFFFFF
310
FFFFFFFFFFFFFFFFFFFFFFFFFFFFFFFFFFFFFFFFFFFFFFFFFFFFFFFFFFFFFFFF
310
FFFFFFFFFFFFFFFFFFFFFFFFFFFFFFFFFFFFFFFFFFFFFFFFFFFFFFFFFFFFFFFF
310
FFFFFFFFFFFFFFFFFFFFFFFFFFFFFFFFFFFFFFFFFFFFFFFFFFFFFFFFFFFFFFFF
310
FFFFFFFFFFFFFFFFFFFFFFFFFFFFFFFFFFFFFFFFFFFFFFFFFFFFFFFFFFFFFFFF
310
FFFFFFFFFFFFFFFFFFFFFFFFFFFFFFFFFFFFFFFFFFFFFFFFFFFFFFFFFFFFFFFF
310
E0410000424DD641000000000000360000002800000070000000320000000100
310
180000000000A0410000610F0000610F000000000000000000000000CC0000CC
310
0000CC0000CC0000CC0000CC0000CC0000CC0000CC0000CC0000CC0000CC0000
310
CC0000CC0000CC0000CC0000CC0000CC0000CC0000CC0000CC0000CC0000CC00
310
00CC0000CC0000CC0000CC0000CC0000CC0000CC0000CC0000CC0000CC0000CC
310
0000CC0000CC0000CC0000CC0000CC0000CC0000CC0000CC0000CC0000CC0000
310
CC0000CC0000CC0000CC0000CC0000CC0000CC0000CC0000CC0000CC0000CC00
310
00CC0000CC0000CC0000CC0000CC0000CC0000CC0000CC0000CC0000CC0000CC
310
0000CC0000CC0000CC0000CC0000CC0000CC0000CC0000CC0000CC0000CC0000
310
CC0000CC0000CC0000CC0000CC0000CC0000CC0000CC0000CC0000CC0000CC00
310
00CC0000CC0000CC0000CC0000CC0000CC0000CC0000CC0000CC0000CC0000CC
310
0000CC0000CC0000CC0000CC0000CC0000CC0000CC0000CC0000CC0000CC0000
310
CC0000CC0000CC0000CC0000CC0000CC0000CC0000CC0000CC0000CC0000CC00
310
00CC0000CC0000CC0000CC0000CC0000CC0000CC0000CC0000CC0000CC0000CC
310
0000CC0000CC0000CC0000CC0000CC0000CC0000CC0000CC0000CC0000CC0000
310
CC0000CC0000CC0000CC0000CC0000CC0000CC0000CC0000CC0000CC0000CC00
310
0100FEFF030A0000FFFFFFFF0A00030000000000C00000000000004607000000
310
5042727573680007000000504272757368000700000050427275736800F439B2
310
7100000000000000000000000000000000000000000000000000000000000000
310
0000000000000000000000000000000000000000000000000000000000000000
310
0100000200000000000000000000000000000000000000000000000000000000
310
0000000000000000000000000000000000000000000000000000000000000000
310
F097C2B8A17F0000B099C2B8A17F0000709BC2B8A17F0000309DC2B8A17F0000
310
F09EC2B8A17F0000B0A0C2B8A17F000070A2C2B8A17F000030A4C2B8A17F0000
310
F0A5C2B8A17F0000B0A7C2B8A17F000070A9C2B8A17F000030ABC2B8A17F0000
310
F0ACC2B8A17F0000B0AEC2B8A17F000070B0C2B8A17F000030B2C2B8A17F0000
310
F0B3C2B8A17F0000B0B5C2B8A17F000070B7C2B8A17F000030B9C2B8A17F0000
310
F0BAC2B8A17F0000B0BCC2B8A17F000070BEC2B8A17F000030C0C2B8A17F0000
310
F0C1C2B8A17F0000B0C3C2B8A17F000070C5C2B8A17F000030C7C2B8A17F0000
310
F0C8C2B8A17F0000B0CAC2B8A17F000070CCC2B8A17F000030CEC2B8A17F0000
310
F0CFC2B8A17F0000B0D1C2B8A17F000070D3C2B8A17F000030D5C2B8A17F0000
310
F0D6C2B8A17F0000B0D8C2B8A17F000070DAC2B8A17F000030DCC2B8A17F0000
310
00CC0000CC0000CC0000CC0000CC0000CC0000CC0000CC0000CC0000CC0000CC
310
0000CC0000CC0000CC0000CC0000CC0000CC0000CC0000CC0000CC0000CC0000
310
CC0000CC0000CC0000CC0000CC0000CC0000CC0000CC0000CC0000CC0000CC00
310
00CC0000CC0000CC0000CC0000CC0000CC0000CC0000CC0000CC0000CC0000CC
310
0000CC0000CC0000CC0000CC0000CC0000CC0000CC0000CC0000CC0000CC0000
310
CC0000CC0000CC0000CC0000CC0000CC0000CC0000CC0000CC0000CC0000CC00
310
00CC0000CC0000CC0000CC0000CC0000CC0000CC0000CC0000CC0000CC0000CC
310
FFFFFFFFFFFFFFFFFFFFFFFFFFFFFFFFFFFFFFFFFFFFFFFFFFFFFFFFFFFFFFFF
310
FFFFFFFFFFFFFFFFFFFFFFFFFFFFFFFFFFFFFFFFFFFFFFFFFFFFFFFFFFFFFFFF
310
FFFFFFFFFFFFFFFFFFFFFFFFFFFFFFFFFFFFFFFFFFFFFFFFFFFFFFFFFFFFFFFF
310
FFFFFFFFFFFFFFFFFFFFFFFFFFFFFFFFFFFFFFFFFFFFFFFFFFFFFFFFFFFFFFFF
310
FFFFFFFFFFFFFFFFFFFFFFFFFFFFFFFFFFFFFFFFFFFFFFFFFFFFFFFFFFFFFFFF
310
FFFFFFFFFFFFFFFFFFFFFFFFFFFFFFFFFFFFFFFFFFFFFFFFFFFFFFFFFFFFFFFF
310
FFFFFFFFFFFFFFFFFFFFFFFFFFFFFFFFFFFFFFFFFFFFFFFFFFFFFFFFFFFFFFFF
310
FFFFFFFFFFFFFFFFFFFFFFFFFFFFFFFFFFFFFFFFFFFFFFFFFFFFFFFFFFFFFFFF
310
FFFFFFFFFFFFFFFFFFFFFFFFFFFFFFFFFFFFFFFFFFFFFFFFFFFFFFFFFFFFFFFF
310
FFFFFFFFFFFFFFFFFFFFFFFFFFFFFFFFFFFFFFFFFFFFFFFFFFFFFFFFFFFFFFFF
310
FFFFFFFF0000CC0000CC0000CC0000CCFFFFFF0000CC0000CC0000CC0000CC00
310
00CC0000CC0000CC0000CC0000CC0000CC0000CC0000CC0000CC0000CC0000CC
310
0000CC0000CC0000CC0000CC0000CC0000CC0000CC0000CC0000CC0000CC0000
310
CC0000CC0000CC0000CC0000CC0000CC0000CC0000CC0000CC0000CC0000CC00
310
00CC0000CC0000CC0000CC0000CC0000CC0000CC0000CC0000CC0000CC0000CC
310
0000CC0000CC0000CC0000CC0000CC0000CC0000CC0000CC0000CC0000CC0000
310
CC0000CC0000CC0000CC0000CC0000CC0000CC0000CC0000CC0000CC0000CC00
310
00CC0000CC0000CC0000CC0000CC0000CC0000CC0000CC0000CC0000CC0000CC
310
0000CC0000CC0000CC0000CC0000CC0000CC0000CC0000CC0000CC0000CC0000
310
CC0000CC0000CC0000CC0000CC0000CC0000CC0000CC0000CC0000CC0000CC00
310
00CC0000CC0000CC0000CC0000CC0000CCFFFFFF0000CC0000CC0000CC0000CC
310
FFFFFF0000CC0000CC0000CC0000CC0000CC0000CC0000CC0000CC0000CC0000
310
CC0000CC0000CC0000CC0000CC0000CC0000CC0000CC0000CC0000CC0000CC00
310
00CC0000CC0000CC0000CC0000CC0000CC0000CC0000CC0000CC0000CC0000CC
310
0000CC0000CC0000CC0000CC0000CC0000CC0000CC0000CC0000CC0000CC0000
310
CC0000CC0000CC0000CC0000CC0000CC0000CC0000CC0000CC0000CC0000CC00
310
00CC0000CC0000CC0000CC0000CC0000CC0000CC0000CC0000CC0000CC0000CC
310
0000CC0000CC0000CC0000CC0000CC0000CC0000CC0000CC0000CC0000CC0000
310
CC0000CC0000CC0000CC0000CC0000CC0000CC0000CC0000CC0000CC0000CC00
310
00CC0000CC0000CC0000CC0000CC0000CC0000CC0000CC0000CC0000CC0000CC
310
0000CC0000CC0000CC0000CC0000CC0000CC0000CC0000CC0000CC0000CC0000
310
CCFFFFFF0000CC0000CC0000CC0000CCFFFFFF0000CC0000CC0000CC0000CC00
310
00CC0000CC0000CC0000CC0000CC0000CC0000CC0000CC0000CC0000CC0000CC
310
0000CC0000CC0000CC0000CC0000CC0000CC0000CC0000CC0000CC0000CC0000
310
CC0000CC0000CC0000CC0000CC0000CC0000CC0000CC0000CC0000CC0000CC00
310
00CC0000CC0000CC0000CC0000CC0000CC0000CC0000CC0000CC0000CC0000CC
310
0000CC0000CC0000CC0000CC0000CC0000CC0000CC0000CC0000CC0000CC0000
310
CC0000CC0000CC0000CC0000CC0000CC0000CC0000CC0000CC0000CC0000CC00
310
00CC0000CC0000CC0000CC0000CC0000CC0000CC0000CC0000CC0000CC0000CC
310
0000CC0000CC0000CC0000CC0000CC0000CC0000CC0000CC0000CC0000CC0000
310
CC0000CC0000CC0000CC0000CC0000CC0000CC0000CC0000CC0000CC0000CC00
310
00CC0000CC0000CC0000CC0000CC0000CCFFFFFF0000CC0000CC0000CC0000CC
310
FFFFFF0000CC0000CC0000CC0000CC0000CC0000CC0000CC0000CC0000CC0000
310
CC0000CC0000CC0000CC0000CC0000CC0000CC0000CC0000CC0000CC0000CC00
310
00CC0000CC0000CC0000CC0000CC0000CC0000CC0000CC0000CC0000CC0000CC
310
0000CC0000CC0000CC0000CC0000CC0000CC0000CC0000CC0000CC0000CC0000
310
CC0000CC0000CC0000CC0000CC0000CC0000CC0000CC0000CC0000CC0000CC00
310
00CC0000CC0000CC0000CC0000CC0000CC0000CC0000CC0000CC0000CC0000CC
310
0000CC0000CC0000CC0000CC0000CC0000CC0000CC0000CC0000CC0000CC0000
310
CC0000CC0000CC0000CC0000CC0000CC0000CC0000CC0000CC0000CC0000CC00
310
00CC0000CC0000CC0000CC0000CC0000CC0000CC0000CC0000CC0000CC0000CC
310
0000CC0000CC0000CC0000CC0000CC0000CC0000CC0000CC0000CC0000CC0000
310
CCFFFFFF0000CC0000CC0000CC0000CCFFFFFF0000CC0000CC0000CC0000CC00
310
00CC0000CC0000CC0000CC0000CC0000CC0000CC0000CC0000CC0000CC0000CC
310
0000CC0000CC0000CC0000CC0000CC0000CC0000CC0000CC0000CC0000CC0000
310
CC0000CC0000CC0000CC0000CC0000CC0000CC0000CC0000CC0000CC0000CC00
310
00CC0000CC0000CC0000CC0000CC0000CC0000CC0000CC0000CC0000CC0000CC
310
0000CC0000CC0000CC0000CC0000CC0000CC0000CC0000CC0000CC0000CC0000
310
CC0000CC0000CC0000CC0000CC0000CC0000CC0000CC0000CC0000CC0000CC00
310
00CC0000CC0000CC0000CC0000CC0000CC0000CC0000CC0000CC0000CC0000CC
310
0000CC0000CC0000CC0000CC0000CC0000CC0000CC0000CC0000CC0000CC0000
310
CC0000CC0000CC0000CC0000CC0000CC0000CC0000CC0000CC0000CC0000CC00
310
00CC0000CC0000CC0000CC0000CC0000CCFFFFFF0000CC0000CC0000CC0000CC
310
FFFFFF0000CC0000CC0000CC0000CC0000CC0000CC0000CC0000CC0000CC0000
310
CC0000CC0000CC0000CC0000CC0000CC0000CC0000CC0000CC0000CC0000CC00
310
00CC0000CC0000CC0000CC0000CC0000CC0000CC0000CC0000CC0000CC0000CC
310
0000CC0000CC0000CC0000CC0000CC0000CC0000CC0000CC0000CC0000CC0000
310
CC0000CC0000CC0000CC0000CC0000CC0000CC0000CC0000CC0000CC0000CC00
310
00CC0000CC0000CC0000CC0000CC0000CC0000CC0000CC0000CC0000CC0000CC
310
0000CC0000CC0000CC0000CC0000CC0000CC0000CC0000CC0000CC0000CC0000
310
CC0000CC0000CC0000CC0000CC0000CC0000CC0000CC0000CC0000CC0000CC00
310
00CC0000CC0000CC0000CC0000CC0000CC0000CC0000CC0000CC0000CC0000CC
310
0000CC0000CC0000CC0000CC0000CC0000CC0000CC0000CC0000CC0000CC0000
310
CCFFFFFF0000CC0000CC0000CC0000CCFFFFFF0000CC0000CC0000CC0000CC00
310
00CC0000CC0000CC0000CC0000CC0000CC6262E06262E06262E03838D70000CC
310
0000CC0000CC0000CC0000CC0000CC0000CC0000CC0000CC0000CC0000CC0000
310
CC0000CC3838D71F1FD20000CC0000CC0000CC0000CC0000CC0000CC0000CC00
310
00CC0000CC0000CC0000CC3838D74D4DDB0000CC0000CC0000CC0000CC0000CC
310
0000CC0000CC0000CC0000CC0000CC0000CC0000CC0000CC0000CC0000CC0000
310
CC0000CC0000CC0000CC0000CC0000CC0606CD5D5DDF4E4EDC0000CC0000CC80
310
80E58F8FE88080E50000CC0000CC0000CC0000CC0000CC0000CC0000CC0000CC
310
0000CC0000CC0000CC0000CC0000CC0000CC0000CC0000CC0000CC0000CC0000
310
CC0000CC0000CC0000CC0000CC0000CC0000CC0000CC0000CC0000CC0000CC00
310
00CC0000CC0000CC0000CC0000CC0000CCFFFFFF0000CC0000CC0000CC0000CC
310
FFFFFF0000CC0000CC0000CC0000CC0000CC0000CC0000CC0000CC7373E3F5F5
310
FDFFFFFFD8D8F7D8D8F7FFFFFFCDCDF51E1ED20000CC0000CC7474E3FFFFFFF8
310
F8FEA5A5ED0000CC0000CC0000CC0000CC4D4DDBF8F8FE6262E00000CC0000CC
310
B3B3F0FFFFFFFFFFFFE2E2F90000CC0000CC0000CC0000CC0000CCD8D8F7EDED
310
FB0000CC0000CC0000CC0000CC8484E6B3B3F0FFFFFFFFFFFFEAEAFBE3E3F9E3
310
E3F9FFFFFF6262E03838D7E2E2F9FFFFFFFFFFFFE2E2F93838D70000CC4D4DDB
310
EEEEFBE8E8FA9595EA4646DAFFFFFFD3D3F6BEBEF2E2E2F9D8D8F70000CC0000
310
CC9191E9FFFFFFFFFFFFECECFB7373E30000CC0000CC0000CCB2B2F0FFFFFFFF
310
FFFFB2B2F00000CC0000CC0000CC0000CC0000CC6262E0F4F4FDFFFFFFFFFFFF
310
9696EA0000CC0000CC0000CC0000CC0000CC0000CC0000CC0000CC0000CC0000
310
CCFFFFFF0000CC0000CC0000CC0000CCFFFFFF0000CC0000CC0000CC0000CC00
310
00CC0000CC0000CC3838D7F4F4FDE2E2F91E1ED20000CC0000CC1E1ED2CDCDF5
310
C1C1F30000CC0000CC0000CC8585E7EBEBFB0000CC0000CC0000CC0000CC1E1E
310
D2ECECFBFFFFFF6262E00000CC0000CC0000CCECECFBFBFBFE1E1ED20000CC00
310
00CC0000CC0000CC4C4CDBFFFFFFFFFFFF7373E30000CC0000CC0000CC0000CC
310
0000CCFFFFFFCDCDF50000CC0000CC0000CCA5A5ED8585E70000CC1E1ED2D8D8
310
F7F4F4FD0000CC0000CC1E1ED2F5F5FDF4F4FD3232D60000CCBFBFF29595EA00
310
00CC0000CC1E1ED2FFFFFF8484E60000CC0000CCD0D0F5FCFCFE4545DA0000CC
310
0000CC0000CC0000CC0000CCB7B7F1E3E3FA0000CC0000CC0000CC0000CC0000
310
CC0000CC0000CC7373E3FFFFFF9595EA0000CC0000CC0000CC0000CC0000CC00
310
00CC0000CC0000CC0000CC0000CC0000CCFFFFFF0000CC0000CC0000CC0000CC
310
FFFFFF0000CC0000CC0000CC0000CC0000CC0000CC0000CC9595EAFFFFFF4D4D
310
DB0000CC0000CC0000CC0000CC3838D7FFFFFF0000CC0000CC0000CC6262E0EB
310
EBFB0000CC0000CC0000CC1E1ED2E2E2F9FFFFFFF8F8FE6262E00000CC0000CC
310
0000CCD8D8F7F5F5FD0000CC0000CC0000CC0000CC0000CCC1C1F3FFFFFFA4A4
310
EDCDCDF50000CC0000CC0000CC0000CC0000CCFFFFFFA4A4ED0000CC0000CC00
310
00CC1E1ED23838D70000CC0000CCC5C5F3F1F1FC0000CC1E1ED2E2E2F9FFFFFF
310
4D4DDB0000CC0000CC7272E31E1ED20000CC0000CC4D4DDBFFFFFFA4A4ED0000
310
CC0000CCB1B1EFF8F8FE2020D30000CC0000CC0000CC0000CC0000CCA3A3EDDF
310
DFF90000CC0000CC0000CC0000CC0000CC0000CC0000CC6161DFFFFFFF6161DF
310
0000CC0000CC0000CC0000CC0000CC0000CC0000CC0000CC0000CC0000CC0000
310
CCFFFFFF0000CC0000CC0000CC0000CCFFFFFF0000CC0000CC0000CC0000CC00
310
00CC0000CC0000CCA5A5EDFFFFFF0000CC0000CC0000CC0000CC0000CC0000CC
310
FFFFFF0000CC0000CC0000CC6262E0EBEBFB0000CC0000CC1F1FD2E2E2F9FFFF
310
FF8484E6E3E3F96262E00000CC0000CC0000CCD8D8F7F6F6FD0000CC0000CC00
310
00CC0000CC1E1ED2F4F4FDCDCDF51F1FD2F5F5FD1F1FD20000CC0000CC0000CC
310
0000CCFFFFFFA4A4ED0000CC0000CCD8D8F76161DF0000CC0000CC0000CCC5C5
310
F3F9F9FEE8E8FBDCDCF8FFFFFF9595EA0000CC0000CC0000CC0000CC0000CC00
310
00CC7373E3F5F5FDFFFFFF3838D70000CC0000CCB1B1EFF9F9FE2020D20000CC
310
0000CC0000CC0000CC0000CCA2A2ECDFDFF90000CC0000CC0000CC0000CC0000
310
CC0000CC0000CC8585E7FFFFFF9696EA0000CC0000CC0000CC0000CC0000CC00
310
00CC0000CC0000CC0000CC0000CC0000CCFFFFFF0000CC0000CC0000CC0000CC
310
FFFFFF0000CC0000CC0000CC0000CC0000CC0000CC0000CCA5A5EDFFFFFF0000
310
CC0000CC0000CC0000CC0000CC0000CCFFFFFF0000CC0000CC0000CC6262E0EB
310
EBFB0000CC1E1ED2E3E3F9FFFFFF8585E70000CCE3E3F96262E00000CC0000CC
310
0000CCD8D8F7F5F5FD0000CC0000CC0000CC0000CC8484E6FFFFFF6262E00000
310
CCC1C1F39595EA0000CC0000CC0000CC0000CCFFFFFFECECFBD8D8F7E3E3F9FF
310
FFFF6262E00000CC0000CC0000CCC5C5F3F4F4FD6262E07373E3F5F5FDB2B2F0
310
0000CC0000CC0000CC0000CC1F1FD2CDCDF5FFFFFFF4F4FD6262E00000CC0000
310
CC0000CCB1B1EFF8F8FE2020D20000CC0000CC0000CC0000CC0000CCA3A3EDDF
310
DFF90000CC0000CC0000CC0000CC0000CC0000CC1F1FD2F4F4FDF5F5FDF4F4FD
310
1F1FD20000CC0000CC0000CC0000CC0000CC0000CC0000CC0000CC0000CC0000
310
CCFFFFFF0000CC0000CC0000CC0000CCFFFFFF0000CC0000CC0000CC0000CC00
310
00CC0000CC0000CCA5A5EDFFFFFF0000CC0000CC0000CC0000CC0000CC0000CC
310
FFFFFF0000CC0000CC0000CC6262E0EBEBFB1E1ED2E2E2F9FFFFFF8484E60000
310
CC0000CCE3E3F96262E00000CC0000CC0000CCD8D8F7F6F6FD0000CC0000CC00
310
00CC0000CCE3E3F9ECECFB0000CC0000CC6262E0EDEDFB0000CC0000CC0000CC
310
0000CCFFFFFFA5A5ED0000CC0000CCE2E2F96262E00000CC0000CC0000CCC5C5
310
F3F1F1FC0000CC0000CC7373E3FFFFFF8484E60000CC0000CC1F1FD2E2E2F9FF
310
FFFFCDCDF51E1ED20000CC0000CC0000CC0000CCB1B1EFF9F9FE2020D30000CC
310
0000CC0000CC0000CC0000CCA3A3EDDFDFF90000CC0000CC0000CC0000CC0000
310
CC0000CCC1C1F3FFFFFF6262E0C1C1F3C1C1F30000CC0000CC0000CC0000CC00
310
00CC0000CC0000CC0000CC0000CC0000CCFFFFFF0000CC0000CC0000CC0000CC
310
FFFFFF0000CC0000CC0000CC0000CC0000CC0000CC0000CCA5A5EDFFFFFF0000
310
CC0000CC0000CC0000CC0000CC0000CCFFFFFF0000CC0000CC0000CC6161DFF0
310
F0FCE2E2F9FFFFFF8484E60000CC0000CC0000CCE3E3F96262E00000CC0000CC
310
0000CCD8D8F7F5F5FD0000CC0000CC0000CC4D4DDBFFFFFF9595EA0000CC0000
310
CC0000CCEDEDFB4D4DDB0000CC0000CC0000CCFFFFFFA5A5ED0000CC0000CC00
310
00CC3939D70000CC0000CC0000CCC5C5F3F1F1FC0000CC0000CC6262E0FFFFFF
310
A4A4ED0000CC0000CC8585E7FFFFFF8484E60000CC0000CC3838D70000CC0000
310
CC0000CCB1B1EFF8F8FE2020D30000CC0000CC7474E30000CC0000CCA3A3EDDF
310
DFF90000CC0000CC7474E30000CC0000CC6262E0FFFFFFB3B3F00000CC1E1ED2
310
F5F5FD6262E00000CC0000CC0000CC0000CC0000CC0000CC0000CC0000CC0000
310
CCFFFFFF0000CC0000CC0000CC0000CCFFFFFF0000CC0000CC0000CC0000CC00
310
00CC0000CC0000CCCCCCF5FFFFFF4C4CDB0000CC0000CC0000CC0000CC0000CC
310
FFFFFF8585E70000CC0000CC6161DFFFFFFFFFFFFF8484E60000CC0000CC0000
310
CC0000CCE3E3F96262E00000CC0000CC1E1ED2EDEDFBFCFCFE4D4DDB0000CC1E
310
1ED2D8D8F7FFFFFF1F1FD20000CC0000CC0000CCA5A5EDE2E2F91F1FD20000CC
310
4D4DDBFFFFFFA4A4ED0000CC0000CC0000CCC1C1F30000CC0000CC1E1ED2DFDF
310
F9F1F1FC0000CC0000CCA4A4EDFFFFFF6262E00000CC0000CC8585E7FFFFFF74
310
74E30000CC8585E7F4F4FD0000CC0000CC1414D0D0D0F5FDFDFE6A6AE10000CC
310
0000CCE2E2F90000CC0000CCA3A3EDDFDFF90000CC0000CCE2E2F90000CC1F1F
310
D2EDEDFBEDEDFB1F1FD20000CC0000CC9595EAE3E3F94C4CDB0000CC0000CC00
310
00CC0000CC0000CC0000CC0000CC0000CCFFFFFF0000CC0000CC0000CC0000CC
310
FFFFFF0000CC0000CC0000CC0000CC0000CC0000CCC0C0F2FFFFFFFFFFFFF5F5
310
FD3838D70000CC0000CC3838D7E2E2F9FFFFFFFFFFFF4C4CDB8484E6ECECFBFF
310
FFFFA5A5ED0000CC0000CC0000CC0000CCCDCDF5F8F8FEECECFB7474E30000CC
310
CDCDF5FFFFFFFFFFFFF5F5FD0000CCE2E2F9FFFFFFFFFFFFD8D8F73838D70000
310
CCA5A5EDFFFFFFFFFFFFECECFB3838D7F5F5FDFFFFFFF2F2FCE4E4F9E3E3F9F2
310
F2FCD8D8F70000CC4D4DDBEDEDFBFFFFFFFBFBFEE8E8FBE3E3F9EDEDFB7474E3
310
0000CC0000CC0000CC1E1ED2D9D9F7FFFFFFD9D9F7FFFFFFEDEDFB0000CC0000
310
CCA3A3ECFFFFFFFFFFFFF8F8FE9595EA0000CCEEEEFBF4F4FDE8E8FAF5F5FDFC
310
FCFEE8E8FAF4F4FDE8E8FA5F5FDFECECFBFFFFFFF5F5FD8585E70000CC0000CC
310
EDEDFBFFFFFFFFFFFF8484E60000CC0000CC0000CC0000CC0000CC0000CC0000
310
CCFFFFFF0000CC0000CC0000CC0000CCFFFFFF0000CC0000CC0000CC0000CC00
310
00CC0000CC0000CC0000CC0000CC0000CC0000CC0000CC0000CC0000CC0000CC
310
0000CC0000CC0000CC0000CC0000CC0000CC0000CC0000CC0000CC0000CC0000
310
CC0000CC0000CC0000CC0000CC0000CC0000CC0000CC0000CC0000CC0000CC00
310
00CC0000CC0000CC0000CC0000CC0000CC0000CC0000CC0000CC0000CC0000CC
310
0000CC0000CC0000CC0000CC0000CC0000CC0000CC0000CC0000CC0000CC0000
310
CC0000CC0000CC0000CC0000CC0000CC0000CC0000CC0000CC0000CC0000CC38
310
38D76262E01F1FD20000CC0000CC0000CC0000CC0000CC0000CC0000CC0000CC
310
0000CC3838D70000CC0000CC0000CC0000CC0000CC0000CC4D4DDB0000CC0000
310
CC0000CC0000CC0000CC0000CC0000CC0000CC0000CC0000CC0000CC0000CC00
310
00CC0000CC0000CC0000CC0000CC0000CCFFFFFF0000CC0000CC0000CC0000CC
310
FFFFFF0000CC0000CC0000CC0000CC0000CC0000CC0000CC0000CC0000CC0000
310
CC0000CC0000CC0000CC0000CC0000CC0000CC0000CC0000CC0000CC0000CC00
310
00CC0000CC0000CC0000CC0000CC0000CC0000CC0000CC0000CC0000CC0000CC
310
0000CC0000CC0000CC0000CC0000CC0000CC0000CC0000CC0000CC0000CC0000
310
CC0000CC0000CC0000CC0000CC0000CC0000CC0000CC0000CC0000CC0000CC00
310
00CC0000CC0000CC0000CC0000CC0000CC0000CC0000CC0000CC0000CC0000CC
310
0000CC0000CC0000CC0000CC0000CC0000CC0000CC0000CC0000CC0000CC0000
310
CC0000CC0000CC0000CC0000CC0000CC0000CC0000CC0000CC0000CC0000CC00
310
00CC0000CC0000CC0000CC0000CC0000CC0000CC0000CC0000CC0000CC0000CC
310
0000CC0000CC0000CC0000CC0000CC0000CC0000CC0000CC0000CC0000CC0000
310
CCFFFFFF0000CC0000CC0000CC0000CCFFFFFF0000CC0000CC0000CC0000CC00
310
00CC0000CC0000CC0000CC0000CC0000CC0000CC0000CC0000CC0000CC0000CC
310
0000CC0000CC0000CC0000CC0000CC0000CC0000CC0000CC0000CC0000CC0000
310
CC0000CC0000CC0000CC0000CC0000CC0000CC0000CC0000CC0000CC0000CC00
310
00CC0000CC0000CC0000CC0000CC0000CC0000CC0000CC0000CC0000CC0000CC
310
0000CC0000CC0000CC0000CC0000CC0000CC0000CC0000CC0000CC0000CC0000
310
CC0000CC0000CC0000CC0000CC0000CC0000CC0000CC0000CC0000CC0000CC00
310
00CC0000CC0000CC0000CC0000CC0000CC0000CC0000CC0000CC0000CC0000CC
310
0000CC0000CC0000CC0000CC0000CC0000CC0000CC0000CC0000CC0000CC0000
310
CC0000CC0000CC0000CC0000CC0000CC0000CC0000CC0000CC0000CC0000CC00
310
00CC0000CC0000CC0000CC0000CC0000CCFFFFFF0000CC0000CC0000CC0000CC
310
FFFFFF0000CC0000CC0000CC0000CC0000CC0000CC0000CC0000CC0000CC0000
310
CC0000CC0000CC0000CC0000CC0000CC0000CC0000CC0000CC0000CC0000CC00
310
00CC0000CC0000CC0000CC0000CC0000CC0000CC0000CC0000CC0000CC0000CC
310
0000CC0000CC0000CC0000CC0000CC0000CC0000CC0000CC0000CC0000CC0000
310
CC0000CC0000CC0000CC0000CC0000CC0000CC0000CC0000CC0000CC0000CC00
310
00CC0000CC0000CC0000CC0000CC0000CC0000CC0000CC0000CC0000CC0000CC
310
0000CC0000CC0000CC0000CC0000CC0000CC0000CC0000CC0000CC0000CC0000
310
CC0000CC0000CC0000CC0000CC0000CC0000CC0000CC0000CC0000CC0000CC00
310
00CC0000CC0000CC0000CC0000CC0000CC0000CC0000CC0000CC0000CC0000CC
310
0000CC0000CC0000CC0000CC0000CC0000CC0000CC0000CC0000CC0000CC0000
310
CCFFFFFF0000CC0000CC0000CC0000CCFFFFFF0000CC0000CC0000CC0000CC00
310
00CC0000CC0000CC0000CC0000CC0000CC0000CC0000CC0000CC0000CC0000CC
310
0000CC0000CC0000CC0000CC0000CC0000CC0000CC0000CC0000CC0000CC0000
310
CC0000CC0000CC0000CC0000CC0000CC0000CC0000CC0000CC0000CC0000CC00
310
00CC0000CC0000CC0000CC0000CC0000CC0000CC0000CC0000CC0000CC0000CC
310
0000CC0000CC0000CC0000CC0000CC0000CC0000CC0000CC0000CC0000CC0000
310
CC0000CC0000CC0000CC0000CC0000CC0000CC0000CC0000CC0000CC0000CC00
310
00CC0000CC0000CC0000CC0000CC0000CC0000CC0000CC0000CC0000CC0000CC
310
0000CC0000CC0000CC0000CC0000CC0000CC0000CC0000CC0000CC0000CC0000
310
CC0000CC0000CC0000CC0000CC0000CC0000CC0000CC0000CC0000CC0000CC00
310
00CC0000CC0000CC0000CC0000CC0000CCFFFFFF0000CC0000CC0000CC0000CC
310
FFFFFF0000CC0000CC0000CC0000CC0000CC0000CC0000CC0000CC0000CC0000
310
CC0000CC0000CC0000CC0000CC0000CC0000CC0000CC0000CC0000CC0000CC00
310
00CC0000CC0000CC0000CC0000CC0000CC0000CC0000CC0000CC0000CC0000CC
310
0000CC0000CC0000CC0000CC0000CC0000CC0000CC0000CC0000CC0000CC0000
310
CC0000CC0000CC0000CC0000CC0000CC0000CC0000CC0000CC0000CC0000CC00
310
00CC0000CC0000CC0000CC0000CC0000CC0000CC0000CC0000CC0000CC0000CC
310
0000CC0000CC0000CC0000CC0000CC0000CC0000CC0000CC0000CC0000CC0000
310
CC0000CC0000CC0000CC0000CC0000CC0000CC0000CC0000CC0000CC0000CC00
310
00CC0000CC0000CC0000CC0000CC0000CC0000CC0000CC0000CC0000CC0000CC
310
0000CC0000CC0000CC0000CC0000CC0000CC0000CC0000CC0000CC0000CC0000
310
CCFFFFFF0000CC0000CC0000CC0000CCFFFFFF0000CC0000CC0000CC0000CC00
310
00CC0000CC0000CC0000CC0000CC0000CC0000CC0000CC0000CC0000CC0000CC
310
0000CC0000CC0000CC0000CC0000CC0000CC0000CC0000CC0000CC0000CC0000
310
CC0000CC0000CC0000CC0000CC0000CC0000CC0000CC0000CC0000CC0000CC00
310
00CC0000CC0000CC0000CC0000CC0000CC0000CC0000CC0000CC0000CC0000CC
310
0000CC0000CC0000CC0000CC0000CC0000CC0000CC0000CC0000CC0000CC0000
310
CC0000CC0000CC0000CC0000CC0000CC0000CC0000CC0000CC0000CC0000CC00
310
00CC0000CC0000CC0000CC0000CC0000CC0000CC0000CC0000CC0000CC0000CC
310
0000CC0000CC0000CC0000CC0000CC0000CC0000CC0000CC0000CC0000CC0000
310
CC0000CC0000CC0000CC0000CC0000CC0000CC0000CC0000CC0000CC0000CC00
310
00CC0000CC0000CC0000CC0000CC0000CCFFFFFF0000CC0000CC0000CC0000CC
310
FFFFFF0000CC0000CC0000CC0000CC0000CC0000CCB3B3F0E3E3F9F2F2FCF5F5
310
FDF5F5FDF5F5FDF6F6FDF5F5FDE3E3F9B2B2F06262E00000CC0000CC0000CC00
310
00CC0000CC0000CC0000CC0000CC6262E0C1C1F3EDEDFBFFFFFFE3E3F9EDEDFB
310
E3E3F99595EA1E1ED20000CC0000CC0000CC0000CC0000CC0000CCB2B2F0B3B3
310
F0E3E3F9F4F4FDFFFFFFF5F5FDA5A5ED1E1ED20000CC0000CC0000CC0000CC00
310
00CC4C4CDBD9D9F7E3E3F9EBEBFBF2F2FCEBEBFBD9D9F7B3B3F00000CC0000CC
310
0000CC0000CC0000CC0000CC0000CC0000CC8585E7CDCDF5F5F5FDFFFFFFD8D8
310
F7F5F5FDCCCCF58484E60000CC0000CC0000CC0000CC0000CC4C4CDBD8D8F7EB
310
EBFBF1F1FCE3E3F9D9D9F70000CC0000CC0000CC0000CC0000CC0000CC0000CC
310
0000CCC9C9F45E5EDE0000CC0000CC0000CC0000CC0000CC0000CC0000CC0000
310
CCFFFFFF0000CC0000CC0000CC0000CCFFFFFF0000CC0000CC0000CC0000CC00
310
00CC0000CC0000CC1F1FD2B2B2F0FFFFFFFFFFFFCDCDF56262E06262E08484E6
310
EDEDFBFFFFFFC1C1F30000CC0000CC0000CC0000CC0000CC1F1FD2CDCDF5FFFF
310
FFEDEDFB8585E70000CC0000CC0000CC3838D7CDCDF5F5F5FD7373E30000CC00
310
00CC0000CC0000CC0000CCFFFFFFE2E2F96262E00000CC0000CC6262E0F5F5FD
310
E3E3F91F1FD20000CC0000CC0000CC0000CC0000CC0000CC3838D7F4F4FDFFFF
310
FFCDCDF51E1ED20000CC0000CC0000CC0000CC0000CC0000CC0000CC4D4DDBE2
310
E2F9FFFFFFD8D8F76262E00000CC0000CC0000CC6161DFE2E2F9E2E2F94C4CDB
310
0000CC0000CC0000CC0000CC1F1FD2CCCCF5FFFFFF6262E00000CC0000CC0000
310
CC0000CC0000CC0000CC0000CC0000CCC0C0F2FFFFFF7575E30000CC0000CC00
310
00CC0000CC0000CC0000CC0000CC0000CCFFFFFF0000CC0000CC0000CC0000CC
310
FFFFFF0000CC0000CC0000CC0000CC0000CC0000CC0000CC0000CC6262E0FFFF
310
FFFFFFFF0000CC0000CC0000CC0000CC1E1ED2EDEDFBFFFFFFA4A4ED0000CC00
310
00CC0000CC1E1ED2E2E2F9FFFFFFE3E3F91E1ED20000CC0000CC0000CC0000CC
310
0000CC0000CCC1C1F3FFFFFF8484E60000CC0000CC0000CC1E1ED2F4F4FD3838
310
D70000CC0000CC0000CC0000CC9595EAFFFFFF9696EA0000CC0000CC0000CC00
310
00CC0000CC0000CC0000CCD8D8F7FFFFFF7373E30000CC0000CC0000CC0000CC
310
0000CC0000CC0000CC4C4CDBF4F4FDFFFFFFC1C1F30000CC0000CC0000CC0000
310
CC0000CC0000CC1E1ED2E2E2F9F5F5FD4D4DDB0000CC0000CC0000CC0000CCA4
310
A4EDFFFFFF0000CC0000CC0000CC0000CC0000CC0000CC0000CC0000CCC1C1F3
310
FFFFFFFFFFFF7474E30000CC0000CC0000CC0000CC0000CC0000CC0000CC0000
310
CCFFFFFF0000CC0000CC0000CC0000CCFFFFFF0000CC0000CC0000CC0000CC00
310
00CC0000CC0000CC0000CC6262E0FFFFFFFFFFFF0000CC0000CC0000CC0000CC
310
0000CCA5A5EDFFFFFFECECFB0000CC0000CC0000CCB2B2F0FFFFFFF5F5FD1F1F
310
D20000CC0000CC0000CC0000CC0000CC0000CC0000CC1E1ED2F5F5FDF5F5FD38
310
38D70000CC0000CC6262E0C0C0F20000CC0000CC0000CC0000CC0000CC7373E3
310
FFFFFFCCCCF50000CC0000CC0000CC0000CC0000CC0000CC0000CCD8D8F7FFFF
310
FF6262E00000CC0000CC0000CC0000CC0000CC0000CC0000CCEDEDFBFFFFFFD8
310
D8F70000CC0000CC0000CC0000CC0000CC0000CC0000CC0000CC6262E0FFFFFF
310
E2E2F90000CC0000CC0000CC0000CCA4A4EDFFFFFF0000CC0000CC0000CC0000
310
CC0000CC0000CC0000CCC1C1F3FFFFFFFFFFFFF7F7FE7575E30000CC0000CC00
310
00CC0000CC0000CC0000CC0000CC0000CCFFFFFF0000CC0000CC0000CC0000CC
310
FFFFFF0000CC0000CC0000CC0000CC0000CC0000CC0000CC0000CC6161DFFFFF
310
FFFFFFFF0000CC0000CC0000CC0000CC0000CCA4A4EDFFFFFFFFFFFF0000CC00
310
00CC3838D7FFFFFFFFFFFFA5A5ED0000CC0000CC0000CC0000CC0000CC0000CC
310
0000CC0000CC0000CCB2B2F0FFFFFFC1C1F30000CC0000CC0000CC0000CC0000
310
CC0000CC0000CC0000CC1E1ED2E2E2F9FFFFFFB2B2F00000CC0000CC0000CC00
310
00CC0000CC0000CC0000CCD8D8F7FFFFFF6262E00000CC0000CC0000CC0000CC
310
0000CC0000CC8585E7FFFFFFFFFFFF6262E00000CC0000CC0000CC0000CC0000
310
CC0000CC0000CC0000CC0000CCE3E3F9FFFFFF8484E60000CC0000CC0000CCA4
310
A4EDFFFFFF0000CC0000CC0000CC0000CC0000CC0000CCB3B3F0FFFFFFFFFFFF
310
B2B2F0E3E3F97474E30000CC0000CC0000CC0000CC0000CC0000CC0000CC0000
310
CCFFFFFF0000CC0000CC0000CC0000CCFFFFFF0000CC0000CC0000CC0000CC00
310
00CC0000CC0000CC0000CC6262E0FFFFFFFFFFFF0000CC0000CC0000CC0000CC
310
0000CCC0C0F2FFFFFFECECFB0000CC0000CC8585E7FFFFFFFFFFFF3838D70000
310
CC0000CC0000CC0000CC0000CC0000CC0000CC0000CC0000CC6262E0FFFFFFF5
310
F5FD0000CC0000CC0000CC0000CC0000CC0000CC0000CC3838D7E3E3F9FFFFFF
310
FFFFFF6262E00000CC0000CC0000CC0000CC0000CC0000CC0000CCD9D9F7FFFF
310
FF6262E00000CC0000CC0000CC0000CC0000CC0000CCC1C1F3FFFFFFEDEDFB00
310
00CC0000CC0000CC0000CC0000CC0000CC0000CC0000CC0000CC0000CCA4A4ED
310
FFFFFFCDCDF50000CC0000CC0000CCA4A4EDFFFFFF0000CC0000CC0000CC0000
310
CC0000CC8484E6FFFFFFFFFFFFC0C0F20000CCE3E3F97474E30000CC0000CC00
310
00CC0000CC0000CC0000CC0000CC0000CCFFFFFF0000CC0000CC0000CC0000CC
310
FFFFFF0000CC0000CC0000CC0000CC0000CC0000CC0000CC0000CC6262E0FFFF
310
FFFFFFFF0000CC0000CC0000CC0000CC6262E0FFFFFFFFFFFF8484E60000CC00
310
00CCA5A5EDFFFFFFFFFFFF0000CC0000CC0000CC0000CC0000CC0000CC0000CC
310
0000CC0000CC0000CC6262E0FFFFFFFFFFFF3838D70000CC0000CC0000CC0000
310
CC0000CC9595EAF4F4FDFFFFFFFFFFFF8585E70000CC0000CC0000CC0000CC00
310
00CC0000CC0000CC0000CCD8D8F7FFFFFF6262E00000CC0000CC0000CC0000CC
310
0000CC0000CCD8D8F7FFFFFFD8D8F70000CC0000CC0000CC0000CC0000CC0000
310
CC0000CC0000CC0000CC0000CCA5A5EDFFFFFFEDEDFB0000CC0000CC0000CCA5
310
A5EDFFFFFF0000CC0000CC0000CC0000CC8484E6FFFFFFFFFFFFC1C1F30000CC
310
0000CCE3E3F97474E30000CC0000CC0000CC0000CC0000CC0000CC0000CC0000
310
CCFFFFFF0000CC0000CC0000CC0000CCFFFFFF0000CC0000CC0000CC0000CC00
310
00CC0000CC0000CC0000CC6262E0FFFFFFFFFFFFE8E8FBE8E8FBE8E8FBE9E9FB
310
FFFFFFF5F5FD8484E60000CC0000CC0000CCA4A4EDFFFFFFFFFFFF0000CC0000
310
CC0000CC0000CC0000CC0000CC0000CC0000CC0000CC0000CC6262E0FFFFFFFF
310
FFFF6262E00000CC0000CC0000CC3838D7E2E2F9FFFFFFFFFFFFF4F4FD7474E3
310
0000CC0000CC0000CC0000CC0000CC0000CC0000CC0000CC0000CCD9D9F7FFFF
310
FF6262E00000CC0000CC0000CC0000CC0000CC0000CCD9D9F7FFFFFFCDCDF500
310
00CC0000CC0000CC0000CC0000CC0000CC0000CC0000CC0000CC0000CCA5A5ED
310
FFFFFFFFFFFF0000CC0000CC0000CCA4A4EDFFFFFF0000CC0000CC0000CC8585
310
E7FFFFFFFFFFFFC1C1F30000CC0000CC0000CCE3E3F97575E30000CC0000CC00
310
00CC0000CC0000CC0000CC0000CC0000CCFFFFFF0000CC0000CC0000CC0000CC
310
FFFFFF0000CC0000CC0000CC0000CC0000CC0000CC0000CC0000CC6262E0FFFF
310
FFFFFFFF6262E06161DF8484E6C1C1F3FFFFFFD8D8F74D4DDB0000CC0000CC00
310
00CC7474E3FFFFFFFFFFFF0000CC0000CC0000CC0000CC0000CC0000CC0000CC
310
0000CC0000CC0000CC8484E6FFFFFFFFFFFF1E1ED20000CC0000CC4D4DDBF4F4
310
FDFFFFFFFFFFFFB3B3F01F1FD20000CC0000CC0000CC0000CC0000CC0000CC00
310
00CC0000CC0000CC0000CCD8D8F7FFFFFF6262E00000CC0000CC0000CC0000CC
310
0000CC0000CCB2B2F0FFFFFFD8D8F70000CC0000CC0000CC0000CC0000CC0000
310
CC0000CC0000CC0000CC0000CCC1C1F3FFFFFFE3E3F90000CC0000CC0000CCA5
310
A5EDFFFFFF0000CC0000CC8585E7FFFFFFFFFFFFC1C1F30000CC0000CC0000CC
310
0000CCE3E3F97575E30000CC0000CC0000CC0000CC0000CC0000CC0000CC0000
310
CCFFFFFF0000CC0000CC0000CC0000CCFFFFFF0000CC0000CC0000CC0000CC00
310
00CC0000CC0000CC0000CC6262E0FFFFFFFFFFFF0000CC0000CC0000CC0000CC
310
8484E6FFFFFFF5F5FD0000CC0000CC0000CC1E1ED2FFFFFFFFFFFF4D4DDB0000
310
CC0000CC0000CC0000CC0000CC0000CC0000CC0000CC0000CCC1C1F3FFFFFFED
310
EDFB0000CC0000CC0000CCD8D8F7FFFFFFF5F5FD6262E00000CC0000CC0000CC
310
0000CC0000CC0000CC0000CC0000CC0000CC0000CC0000CC0000CCD8D8F7FFFF
310
FF6262E00000CC0000CC0000CC0000CC0000CC0000CC7474E3FFFFFFF5F5FD00
310
00CC0000CC0000CC0000CC0000CC0000CC0000CC0000CC0000CC0000CCF5F5FD
310
FFFFFFC1C1F30000CC0000CC0000CCA4A4EDFFFFFF0000CC8585E7FFFFFFFFFF
310
FFC1C1F30000CC0000CC0000CC0000CC0000CCE4E4F97575E30000CC0000CC00
310
00CC0000CC0000CC0000CC0000CC0000CCFFFFFF0000CC0000CC0000CC0000CC
310
FFFFFF0000CC0000CC0000CC0000CC0000CC0000CC0000CC0000CC6262E0FFFF
310
FFFFFFFF0000CC0000CC0000CC0000CC0000CCFFFFFFFFFFFF6262E00000CC00
310
00CC0000CCB2B2F0FFFFFFC1C1F30000CC0000CC0000CC0000CC0000CC0000CC
310
0000CC0000CC4D4DDBFFFFFFFFFFFF9696EA0000CC0000CC3838D7FFFFFFFFFF
310
FF4C4CDB0000CC0000CC0000CC0000CC4C4CDB0000CC0000CC6161DF4D4DDB00
310
00CC0000CC0000CC0000CCD8D8F7FFFFFF6262E00000CC0000CC0000CC0000CC
310
8585E70000CC0000CCE2E2F9FFFFFF8484E60000CC0000CC0000CC0000CC0000
310
CC0000CC0000CC0000CC9595EAFFFFFFFFFFFF3838D70000CC0000CC0000CCA4
310
A4EDFFFFFF6262E0FFFFFFFFFFFFD8D8F70000CC0000CC0000CC0000CC0000CC
310
0000CCE3E3F97575E30000CC0000CC0000CC0000CC0000CC0000CC0000CC0000
310
CCFFFFFF0000CC0000CC0000CC0000CCFFFFFF0000CC0000CC0000CC0000CC00
310
00CC0000CC0000CC0000CC6262E0FFFFFFFFFFFF0000CC0000CC0000CC0000CC
310
4C4CDBFFFFFFFFFFFF4C4CDB0000CC0000CC0000CC1E1ED2E2E2F9FFFFFF6262
310
E00000CC0000CC0000CC0000CC0000CC0000CC1F1FD2E2E2F9FFFFFFD8D8F700
310
00CC0000CC0000CC1E1ED2FFFFFFD8D8F70000CC0000CC0000CC0000CC1E1ED2
310
F5F5FD0000CC0000CC6262E0B3B3F00000CC0000CC0000CC0000CCD8D8F7FFFF
310
FF6262E00000CC0000CC0000CC0000CCF4F4FD0000CC0000CC4D4DDBF5F5FDF5
310
F5FD1F1FD20000CC0000CC0000CC0000CC0000CC0000CC4D4DDBF5F5FDFFFFFF
310
A5A5ED0000CC0000CC0000CC0000CCA5A5EDFFFFFFF5F5FDFFFFFFE3E3F91E1E
310
D20000CC0000CC0000CC0000CC0000CC0000CCE3E3F97474E30000CC0000CC00
310
00CC0000CC0000CC0000CC0000CC0000CCFFFFFF0000CC0000CC0000CC0000CC
310
FFFFFF0000CC0000CC0000CC0000CC0000CC0000CC0000CC0000CC8585E7FFFF
310
FFFFFFFF0000CC0000CC0000CC1E1ED2E2E2F9FFFFFFC1C1F30000CC0000CC00
310
00CC0000CC0000CC1E1ED2D8D8F7F5F5FD8585E70000CC0000CC0000CC0000CC
310
6161DFEDEDFBFFFFFFCDCDF51E1ED20000CC0000CC0000CC0000CCD8D8F7FFFF
310
FF4D4DDB0000CC0000CC1E1ED2E3E3F9D9D9F70000CC0000CC6262E0F4F4FD73
310
73E36262E06262E06262E0E2E2F9FFFFFF9595EA6161DF6262E06262E0A4A4ED
310
E2E2F90000CC0000CC0000CC4D4DDBEDEDFBE2E2F96262E00000CC0000CC0000
310
CC0000CC9595EAF5F5FDFFFFFFA5A5ED0000CC0000CC0000CC0000CC1F1FD2C1
310
C1F3FFFFFFFFFFFFE2E2F91E1ED20000CC0000CC0000CC0000CC0000CC0000CC
310
1F1FD2F2F2FCB2B2F00000CC0000CC0000CC0000CC0000CC0000CC0000CC0000
310
CCFFFFFF0000CC0000CC0000CC0000CCFFFFFF0000CC0000CC0000CC0000CC00
310
00CC0000CC8484E6E2E2F9FFFFFFFFFFFFFFFFFFF1F1FCF1F1FCF1F1FCFFFFFF
310
E2E2F9A5A5ED0000CC0000CC0000CC0000CC0000CC0000CC0000CC0000CC8585
310
E7E2E2F9ECECFBD8D8F7D8D8F7EDEDFBFFFFFFCDCDF56262E00000CC0000CC00
310
00CC0000CC0000CC0000CC1E1ED2C0C0F2FFFFFFD8D8F7D8D8F7F5F5FDD8D8F7
310
D8D8F70000CC0000CC3838D7FFFFFFFFFFFFFFFFFFFFFFFFFFFFFFFFFFFFFFFF
310
FFFFFFFFFFFFFFFFFFFFFFFFFFFFFFFFD8D8F70000CC0000CC0000CC0000CC1F
310
1FD2A4A4EDECECFBE2E2F9D8D8F7D8D8F7F5F5FDF4F4FDC1C1F33838D70000CC
310
0000CC0000CC0000CC4D4DDBFFFFFFFFFFFFFFFFFFE2E2F91E1ED20000CC0000
310
CC0000CC0000CC0000CC0000CCC1C1F3FFFFFFFFFFFFFFFFFFEDEDFB8585E700
310
00CC0000CC0000CC0000CC0000CC0000CCFFFFFF0000CC0000CC0000CC0000CC
310
FFFFFF0000CC0000CC0000CC0000CC0000CC0000CC0000CC0000CC0000CC0000
310
CC0000CC0000CC0000CC0000CC0000CC0000CC0000CC0000CC0000CC0000CC00
310
00CC0000CC0000CC0000CC0000CC0000CC0000CC0000CC6262E06262E06262E0
310
0000CC0000CC0000CC0000CC0000CC0000CC0000CC0000CC0000CC0000CC0000
310
CC1E1ED26161DF6262E01F1FD20000CC0000CC0000CC0000CC0000CC4D4DDB00
310
00CC0000CC0000CC0000CC0000CC0000CC0000CC0000CC0000CC0000CC1F1FD2
310
4C4CDB0000CC0000CC0000CC0000CC0000CC0000CC0000CC1E1ED26262E06262
310
E04C4CDB0000CC0000CC0000CC0000CC0000CC0000CC0000CC0000CC0000CC00
310
00CC0000CC0000CC0000CC0000CC0000CC0000CC0000CC0000CC0000CC0000CC
310
0000CC0000CC0000CC0000CC0000CC0000CC0000CC0000CC0000CC0000CC0000
310
CCFFFFFF0000CC0000CC0000CC0000CCFFFFFF0000CC0000CC0000CC0000CC00
310
00CC0000CC0000CC0000CC0000CC0000CC0000CC0000CC0000CC0000CC0000CC
310
0000CC0000CC0000CC0000CC0000CC0000CC0000CC0000CC0000CC0000CC0000
310
CC0000CC0000CC0000CC0000CC0000CC0000CC0000CC0000CC0000CC0000CC00
310
00CC0000CC0000CC0000CC0000CC0000CC0000CC0000CC0000CC0000CC0000CC
310
0000CC0000CC0000CC0000CC0000CC0000CC0000CC0000CC0000CC0000CC0000
310
CC0000CC0000CC0000CC0000CC0000CC0000CC0000CC0000CC0000CC0000CC00
310
00CC0000CC0000CC0000CC0000CC0000CC0000CC0000CC0000CC0000CC0000CC
310
0000CC0000CC0000CC0000CC0000CC0000CC0000CC0000CC0000CC0000CC0000
310
CC0000CC0000CC0000CC0000CC0000CC0000CC0000CC0000CC0000CC0000CC00
310
00CC0000CC0000CC0000CC0000CC0000CCFFFFFF0000CC0000CC0000CC0000CC
310
FFFFFF0000CC0000CC0000CC0000CC0000CC0000CC0000CC0000CC0000CC0000
310
CC0000CC0000CC0000CC0000CC0000CC0000CC0000CC0000CC0000CC0000CC00
310
00CC0000CC0000CC0000CC0000CC0000CC0000CC0000CC0000CC0000CC0000CC
310
0000CC0000CC0000CC0000CC0000CC0000CC0000CC0000CC0000CC0000CC0000
310
CC0000CC0000CC0000CC0000CC0000CC0000CC0000CC0000CC0000CC0000CC00
310
00CC0000CC0000CC0000CC0000CC0000CC0000CC0000CC0000CC0000CC0000CC
310
0000CC0000CC0000CC0000CC0000CC0000CC0000CC0000CC0000CC0000CC0000
310
CC0000CC0000CC0000CC0000CC0000CC0000CC0000CC0000CC0000CC0000CC00
310
00CC0000CC0000CC0000CC0000CC0000CC0000CC0000CC0000CC0000CC0000CC
310
0000CC0000CC0000CC0000CC0000CC0000CC0000CC0000CC0000CC0000CC0000
310
CCFFFFFF0000CC0000CC0000CC0000CCFFFFFF0000CC0000CC0000CC0000CC00
310
00CC0000CC0000CC0000CC0000CC0000CC0000CC0000CC0000CC0000CC0000CC
310
0000CC0000CC0000CC0000CC0000CC0000CC0000CC0000CC0000CC0000CC0000
310
CC0000CC0000CC0000CC0000CC0000CC0000CC0000CC0000CC0000CC0000CC00
310
00CC0000CC0000CC0000CC0000CC0000CC0000CC0000CC0000CC0000CC0000CC
310
0000CC0000CC0000CC0000CC0000CC0000CC0000CC0000CC0000CC0000CC0000
310
CC0000CC0000CC0000CC0000CC0000CC0000CC0000CC0000CC0000CC0000CC00
310
00CC0000CC0000CC0000CC0000CC0000CC0000CC0000CC0000CC0000CC0000CC
310
0000CC0000CC0000CC0000CC0000CC0000CC0000CC0000CC0000CC0000CC0000
310
CC0000CC0000CC0000CC0000CC0000CC0000CC0000CC0000CC0000CC0000CC00
310
00CC0000CC0000CC0000CC0000CC0000CCFFFFFF0000CC0000CC0000CC0000CC
310
FFFFFF0000CC0000CC0000CC0000CC0000CC0000CC0000CC0000CC0000CC0000
310
CC0000CC0000CC0000CC0000CC0000CC0000CC0000CC0000CC0000CC0000CC00
310
00CC0000CC0000CC0000CC0000CC0000CC0000CC0000CC0000CC0000CC0000CC
310
0000CC0000CC0000CC0000CC0000CC0000CC0000CC0000CC0000CC0000CC0000
310
CC0000CC0000CC0000CC0000CC0000CC0000CC0000CC0000CC0000CC0000CC00
310
00CC0000CC0000CC0000CC0000CC0000CC0000CC0000CC0000CC0000CC0000CC
310
0000CC0000CC0000CC0000CC0000CC0000CC0000CC0000CC0000CC0000CC0000
310
CC0000CC0000CC0000CC0000CC0000CC0000CC0000CC0000CC0000CC0000CC00
310
00CC0000CC0000CC0000CC0000CC0000CC0000CC0000CC0000CC0000CC0000CC
310
0000CC0000CC0000CC0000CC0000CC0000CC0000CC0000CC0000CC0000CC0000
310
CCFFFFFF0000CC0000CC0000CC0000CCFFFFFF0000CC0000CC0000CC0000CC00
310
00CC0000CC0000CC0000CC0000CC0000CC0000CC0000CC0000CC0000CC0000CC
310
0000CC0000CC0000CC0000CC0000CC0000CC0000CC0000CC0000CC0000CC0000
310
CC0000CC0000CC0000CC0000CC0000CC0000CC0000CC0000CC0000CC0000CC00
310
00CC0000CC0000CC0000CC0000CC0000CC0000CC0000CC0000CC0000CC0000CC
310
0000CC0000CC0000CC0000CC0000CC0000CC0000CC0000CC0000CC0000CC0000
310
CC0000CC0000CC0000CC0000CC0000CC0000CC0000CC0000CC0000CC0000CC00
310
00CC0000CC0000CC0000CC0000CC0000CC0000CC0000CC0000CC0000CC0000CC
310
0000CC0000CC0000CC0000CC0000CC0000CC0000CC0000CC0000CC0000CC0000
310
CC0000CC0000CC0000CC0000CC0000CC0000CC0000CC0000CC0000CC0000CC00
310
00CC0000CC0000CC0000CC0000CC0000CCFFFFFF0000CC0000CC0000CC0000CC
310
FFFFFF0000CC0000CC0000CC0000CC0000CC0000CC0000CC0000CC0000CC0000
310
CC0000CC0000CC0000CC0000CC0000CC0000CC0000CC0000CC0000CC0000CC00
310
00CC0000CC0000CC0000CC0000CC0000CC0000CC0000CC0000CC0000CC0000CC
310
0000CC0000CC0000CC0000CC0000CC0000CC0000CC0000CC0000CC0000CC0000
310
CC0000CC0000CC0000CC0000CC0000CC0000CC0000CC0000CC0000CC0000CC00
310
00CC0000CC0000CC0000CC0000CC0000CC0000CC0000CC0000CC0000CC0000CC
310
0000CC0000CC0000CC0000CC0000CC0000CC0000CC0000CC0000CC0000CC0000
310
CC0000CC0000CC0000CC0000CC0000CC0000CC0000CC0000CC0000CC0000CC00
310
00CC0000CC0000CC0000CC0000CC0000CC0000CC0000CC0000CC0000CC0000CC
310
0000CC0000CC0000CC0000CC0000CC0000CC0000CC0000CC0000CC0000CC0000
310
CCFFFFFF0000CC0000CC0000CC0000CCFFFFFFFFFFFFFFFFFFFFFFFFFFFFFFFF
310
FFFFFFFFFFFFFFFFFFFFFFFFFFFFFFFFFFFFFFFFFFFFFFFFFFFFFFFFFFFFFFFF
310
FFFFFFFFFFFFFFFFFFFFFFFFFFFFFFFFFFFFFFFFFFFFFFFFFFFFFFFFFFFFFFFF
310
FFFFFFFFFFFFFFFFFFFFFFFFFFFFFFFFFFFFFFFFFFFFFFFFFFFFFFFFFFFFFFFF
310
FFFFFFFFFFFFFFFFFFFFFFFFFFFFFFFFFFFFFFFFFFFFFFFFFFFFFFFFFFFFFFFF
310
FFFFFFFFFFFFFFFFFFFFFFFFFFFFFFFFFFFFFFFFFFFFFFFFFFFFFFFFFFFFFFFF
310
FFFFFFFFFFFFFFFFFFFFFFFFFFFFFFFFFFFFFFFFFFFFFFFFFFFFFFFFFFFFFFFF
310
FFFFFFFFFFFFFFFFFFFFFFFFFFFFFFFFFFFFFFFFFFFFFFFFFFFFFFFFFFFFFFFF
310
FFFFFFFFFFFFFFFFFFFFFFFFFFFFFFFFFFFFFFFFFFFFFFFFFFFFFFFFFFFFFFFF
310
FFFFFFFFFFFFFFFFFFFFFFFFFFFFFFFFFFFFFFFFFFFFFFFFFFFFFFFFFFFFFFFF
310
FFFFFFFFFFFFFFFFFFFFFFFFFFFFFFFFFFFFFFFF0000CC0000CC0000CC0000CC
310
0000CC0000CC0000CC0000CC0000CC0000CC0000CC0000CC0000CC0000CC0000
310
CC0000CC0000CC0000CC0000CC0000CC0000CC0000CC0000CC0000CC0000CC00
310
00CC0000CC0000CC0000CC0000CC0000CC0000CC0000CC0000CC0000CC0000CC
310
0000CC0000CC0000CC0000CC0000CC0000CC0000CC0000CC0000CC0000CC0000
310
CC0000CC0000CC0000CC0000CC0000CC0000CC0000CC0000CC0000CC0000CC00
310
00CC0000CC0000CC0000CC0000CC0000CC0000CC0000CC0000CC0000CC0000CC
310
0000CC0000CC0000CC0000CC0000CC0000CC0000CC0000CC0000CC0000CC0000
310
CC0000CC0000CC0000CC0000CC0000CC0000CC0000CC0000CC0000CC0000CC00
310
00CC0000CC0000CC0000CC0000CC0000CC0000CC0000CC0000CC0000CC0000CC
310
0000CC0000CC0000CC0000CC0000CC0000CC0000CC0000CC0000CC0000CC0000
310
CC0000CC0000CC0000CC0000CC0000CC0000CC0000CC0000CC0000CC0000CC00
310
00CC0000CC0000CC0000CC0000CC0000CC0000CC0000CC0000CC0000CC0000CC
310
0000CC0000CC0000CC0000CC0000CC0000CC0000CC0000CC0000CC0000CC0000
310
CC0000CC0000CC0000CC0000CC0000CC0000CC0000CC0000CC0000CC0000CC00
310
00CC0000CC0000CC0000CC0000CC0000CC0000CC0000CC0000CC0000CC0000CC
310
0000CC0000CC0000CC0000CC0000CC0000CC0000CC0000CC0000CC0000CC0000
310
CC0000CC0000CC0000CC0000CC0000CC0000CC0000CC0000CC0000CC0000CC00
310
00CC0000CC0000CC0000CC0000CC0000CC0000CC0000CC0000CC0000CC0000CC
310
0000CC0000CC0000CC0000CC0000CC0000CC0000CC0000CC0000CC0000CC0000
310
CC0000CC0000CC0000CC0000CC0000CC0000CC0000CC0000CC0000CC0000CC00
310
00CC0000CC0000CC0000CC0000CC0000CC0000CC0000CC0000CC000000000000
310
00000000CC0000CC0000CC0000CC0000CC0000CC0000CC0000CC0000CC0000CC
310
52006F006F007400200045006E007400720079000000C477D26E5A05E1E13907
310
4ACB316CDCAC91D463D485827886BEDC43D29B4CDE9111B7A4C5A592F5B1C82C
310
16000500FFFFFFFFFFFFFFFF010000000A00030000000000C000000000000046
310
0000000000803ED5DEB19D01009BDB67E543DD0101000000C000000000000000
310
010043006F006D0070004F0062006A000000AFBF7AB1A4D3B30692A2AEC4964E
310
6AA3E4C83DD144FA9A48714BB51200D39C5693A2CF7D8C659AC4329B3649EFE9
310
120002010300000002000000FFFFFFFF00000000000000000000000000000000
310
00000000009BDB67E543DD01009BDB67E543DD01000000004D00000000000000
310
01004F006C006500310030004E00610074006900760065000000A44672C5791C
310
D31946BBD2F51226ECD91D3D6D523B9D3D00745478F39044F344EFAFCA823E76
310
1A000200FFFFFFFFFFFFFFFFFFFFFFFF00000000000000000000000000000000
310
00000000009BDB67E543DD01009BDB67E543DD0100000000E441000000000000
310
01004F006C006500000055B987F68022D7D532BB53101A55F39A5D5D1B83FD37
310
B5B30315FFD101409213B5636525F6F8160B666FA64FF46A0A00D913590F11A7
310
0A000200FFFFFFFFFFFFFFFFFFFFFFFF00000000000000000000000000000000
310
00000000009BDB67E543DD01009BDB67E543DD01020000001400000000000000
310
01000000FEFFFFFFFEFFFFFFFFFFFFFFFFFFFFFFFFFFFFFFFFFFFFFFFFFFFFFF
310
FFFFFFFFFFFFFFFFFFFFFFFFFFFFFFFFFFFFFFFFFFFFFFFFFFFFFFFFFFFFFFFF
310
FFFFFFFFFFFFFFFFFFFFFFFFFFFFFFFFFFFFFFFFFFFFFFFFFFFFFFFFFFFFFFFF
310
FFFFFFFFFFFFFFFFFFFFFFFFFFFFFFFFFFFFFFFFFFFFFFFFFFFFFFFFFFFFFFFF
310
FFFFFFFFFFFFFFFFFFFFFFFFFFFFFFFFFFFFFFFFFFFFFFFFFFFFFFFFFFFFFFFF
310
FFFFFFFFFFFFFFFFFFFFFFFFFFFFFFFFFFFFFFFFFFFFFFFFFFFFFFFFFFFFFFFF
310
FFFFFFFFFFFFFFFFFFFFFFFFFFFFFFFFFFFFFFFFFFFFFFFFFFFFFFFFFFFFFFFF
310
FFFFFFFFFFFFFFFFFFFFFFFFFFFFFFFFFFFFFFFFFFFFFFFFFFFFFFFFFFFFFFFF
310
FFFFFFFFFFFFFFFFFFFFFFFFFFFFFFFFFFFFFFFFFFFFFFFFFFFFFFFFFFFFFFFF
310
FFFFFFFFFFFFFFFFFFFFFFFFFFFFFFFFFFFFFFFFFFFFFFFFFFFFFFFFFFFFFFFF
310
FFFFFFFFFFFFFFFFFFFFFFFFFFFFFFFFFFFFFFFFFFFFFFFFFFFFFFFFFFFFFFFF
310
FFFFFFFFFFFFFFFFFFFFFFFFFFFFFFFFFFFFFFFFFFFFFFFFFFFFFFFFFFFFFFFF
310
FFFFFFFFFFFFFFFFFFFFFFFFFFFFFFFFFFFFFFFFFFFFFFFFFFFFFFFFFFFFFFFF
310
FFFFFFFFFFFFFFFFFFFFFFFFFFFFFFFFFFFFFFFFFFFFFFFFFFFFFFFFFFFFFFFF
310
FFFFFFFFFFFFFFFFFFFFFFFFFFFFFFFFFFFFFFFFFFFFFFFFFFFFFFFFFFFFFFFF
310
FFFFFFFFFFFFFFFFFFFFFFFFFFFFFFFFFFFFFFFFFFFFFFFFFFFFFFFFFFFFFFFF
310
02000000FEFFFFFF030000000400000005000000060000000700000008000000
310
090000000A0000000B0000000C0000000D0000000E0000000F00000010000000
310
1100000012000000130000001400000015000000160000001700000018000000
310
190000001A0000001B0000001C0000001D0000001E0000001F00000020000000
310
21000000FEFFFFFFFEFFFFFFFEFFFFFFFDFFFFFFFFFFFFFFFFFFFFFFFFFFFFFF
310
FFFFFFFFFFFFFFFFFFFFFFFFFFFFFFFFFFFFFFFFFFFFFFFFFFFFFFFFFFFFFFFF
310
FFFFFFFFFFFFFFFFFFFFFFFFFFFFFFFFFFFFFFFFFFFFFFFFFFFFFFFFFFFFFFFF
310
FFFFFFFFFFFFFFFFFFFFFFFFFFFFFFFFFFFFFFFFFFFFFFFFFFFFFFFFFFFFFFFF
310
FFFFFFFFFFFFFFFFFFFFFFFFFFFFFFFFFFFFFFFFFFFFFFFFFFFFFFFFFFFFFFFF
310
FFFFFFFFFFFFFFFFFFFFFFFFFFFFFFFFFFFFFFFFFFFFFFFFFFFFFFFFFFFFFFFF
310
FFFFFFFFFFFFFFFFFFFFFFFFFFFFFFFFFFFFFFFFFFFFFFFFFFFFFFFFFFFFFFFF
310
FFFFFFFFFFFFFFFFFFFFFFFFFFFFFFFFFFFFFFFFFFFFFFFFFFFFFFFFFFFFFFFF
310
FFFFFFFFFFFFFFFFFFFFFFFFFFFFFFFFFFFFFFFFFFFFFFFFFFFFFFFFFFFFFFFF
310
FFFFFFFFFFFFFFFFFFFFFFFFFFFFFFFFFFFFFFFFFFFFFFFFFFFFFFFFFFFFFFFF
310
FFFFFFFFFFFFFFFFFFFFFFFFFFFFFFFFFFFFFFFFFFFFFFFFFFFFFFFFFFFFFFFF
310
FFFFFFFFFFFFFFFFFFFFFFFFFFFFFFFFFFFFFFFFFFFFFFFFFFFFFFFFFFFFFFFF
  1
OLE
1001
ONSHAPE_EMBEDDED_IMAGE_CHE
1000
7154458f2f16eacedcd7233855b69e2a3ecf752a
  0
MTEXT
  5
1CE
102
{ACAD_XDICTIONARY
360
343
102
}
330
1F
100
AcDbEntity
  8
TITLE_BLOCK
100
AcDbMText
 10
5.678070149879286
 20
2.159556311874345
 30
0.0
 40
0.05
 41
0.2615463215258856
 71
     1
 72
     5
  1
COURSE
  7
ONSHAPE-STANDARD
1001
ACAD
1000
ACAD_MTEXT_DEFINED_HEIGHT_BEGIN
1070
    46
1040
0.0506811989100817
1000
ACAD_MTEXT_DEFINED_HEIGHT_END
  0
MTEXT
  5
1D2
102
{ACAD_XDICTIONARY
360
345
102
}
330
1F
100
AcDbEntity
  8
TITLE_BLOCK
100
AcDbMText
 10
6.679200225221837
 20
2.154388522372171
 30
0.0
 40
0.05
 41
0.3059270363739035
 71
     1
 72
     5
  1
SECTION
  7
ONSHAPE-STANDARD
1001
ACAD
1000
ACAD_MTEXT_DEFINED_HEIGHT_BEGIN
1070
    46
1040
0.0506811989100817
1000
ACAD_MTEXT_DEFINED_HEIGHT_END
  0
MTEXT
  5
1D3
102
{ACAD_XDICTIONARY
360
347
102
}
330
1F
100
AcDbEntity
  8
TITLE_BLOCK
100
AcDbMText
 10
5.680244288738471
 20
1.877488803864684
 30
0.0
 40
0.05
 41
0.1947898804880719
 71
     1
 72
     5
  1
DATE
  7
ONSHAPE-STANDARD
1001
ACAD
1000
ACAD_MTEXT_DEFINED_HEIGHT_BEGIN
1070
    46
1040
0.05
1000
ACAD_MTEXT_DEFINED_HEIGHT_END
  0
MTEXT
  5
1D4
102
{ACAD_XDICTIONARY
360
349
102
}
330
1F
100
AcDbEntity
  8
TITLE_BLOCK
100
AcDbMText
 10
5.679299170068952
 20
1.636806795426173
 30
0.0
 40
0.05
 41
0.4177929155313356
 71
     1
 72
     5
  1
NAME
  7
ONSHAPE-STANDARD
1001
ACAD
1000
ACAD_MTEXT_DEFINED_HEIGHT_BEGIN
1070
    46
1040
0.05
1000
ACAD_MTEXT_DEFINED_HEIGHT_END
  0
MTEXT
  5
1D5
102
{ACAD_XDICTIONARY
360
34B
102
}
330
1F
100
AcDbEntity
  8
TITLE_BLOCK
100
AcDbMText
 10
5.686885345639274
 20
1.391252095704272
 30
0.0
 40
0.05
 41
0.2079156842483227
 71
     1
 72
     5
  1
PROJECT
  7
ONSHAPE-STANDARD
1001
ACAD
1000
ACAD_MTEXT_DEFINED_HEIGHT_BEGIN
1070
    46
1040
0.0506811989100817
1000
ACAD_MTEXT_DEFINED_HEIGHT_END
  0
MTEXT
  5
1D6
102
{ACAD_XDICTIONARY
360
34D
102
}
330
1F
100
AcDbEntity
  8
TITLE_BLOCK
100
AcDbMText
 10
5.67935284148753
 20
1.156164532892081
 30
0.0
 40
0.05
 41
0.346137989283954
 71
     1
 72
     5
  1
MATERIAL
  7
ONSHAPE-STANDARD
1001
ACAD
1000
ACAD_MTEXT_DEFINED_HEIGHT_BEGIN
1070
    46
1040
0.05
1000
ACAD_MTEXT_DEFINED_HEIGHT_END
  0
MTEXT
  5
1D7
102
{ACAD_XDICTIONARY
360
34F
102
}
330
1F
100
AcDbEntity
  8
TITLE_BLOCK
100
AcDbMText
 10
7.679285501220677
 20
2.152956814895259
 30
0.0
 40
0.05
 41
0.4019453793093583
 71
     1
 72
     5
  1
PART NAME
  7
ONSHAPE-STANDARD
1001
ACAD
1000
ACAD_MTEXT_DEFINED_HEIGHT_BEGIN
1070
    46
1040
0.05
1000
ACAD_MTEXT_DEFINED_HEIGHT_END
  0
MTEXT
  5
1D8
102
{ACAD_XDICTIONARY
360
351
102
}
330
1F
100
AcDbEntity
  8
TITLE_BLOCK
100
AcDbMText
 10
7.684737796988222
 20
1.626277587786857
 30
0.0
 40
0.05
 41
0.6889492438170289
 71
     1
 72
     5
  1
PART DESCRIPTION
  7
ONSHAPE-STANDARD
1001
ACAD
1000
ACAD_MTEXT_DEFINED_HEIGHT_BEGIN
1070
    46
1040
0.0506811989100817
1000
ACAD_MTEXT_DEFINED_HEIGHT_END
  0
MTEXT
  5
1D9
102
{ACAD_XDICTIONARY
360
353
102
}
330
1F
100
AcDbEntity
  8
TITLE_BLOCK
100
AcDbMText
 10
7.682494725803311
 20
1.148553926394724
 30
0.0
 40
0.05
 41
0.5400179250385794
 71
     1
 72
     5
  1
PART NUMBER
  7
ONSHAPE-STANDARD
1001
ACAD
1000
ACAD_MTEXT_DEFINED_HEIGHT_BEGIN
1070
    46
1040
0.0506811989100817
1000
ACAD_MTEXT_DEFINED_HEIGHT_END
  0
MTEXT
  5
1DA
102
{ACAD_XDICTIONARY
360
355
102
}
330
1F
100
AcDbEntity
  8
TITLE_BLOCK
100
AcDbMText
 10
5.683639813531179
 20
0.6318617078503453
 30
0.0
 40
0.05
 41
0.4177929155313356
 71
     1
 72
     5
  1
DRAWING REVISION
  7
ONSHAPE-STANDARD
1001
ACAD
1000
ACAD_MTEXT_DEFINED_HEIGHT_BEGIN
1070
    46
1040
0.1348660308810173
1000
ACAD_MTEXT_DEFINED_HEIGHT_END
  0
MTEXT
  5
1DB
102
{ACAD_XDICTIONARY
360
357
102
}
330
1F
100
AcDbEntity
  8
TITLE_BLOCK
100
AcDbMText
 10
6.681731526190657
 20
0.633325327280034
 30
0.0
 40
0.05
 41
0.2148575576399638
 71
     1
 72
     5
  1
DRAWING\PSTATE
  7
ONSHAPE-STANDARD
1001
ACAD
1000
ACAD_MTEXT_DEFINED_HEIGHT_BEGIN
1070
    46
1040
0.1348660308810173
1000
ACAD_MTEXT_DEFINED_HEIGHT_END
  0
MTEXT
  5
1DC
102
{ACAD_XDICTIONARY
360
359
102
}
330
1F
100
AcDbEntity
  8
TITLE_BLOCK
100
AcDbMText
 10
10.1205560802954
 20
1.152569037892327
 30
0.0
 40
0.05
 41
0.4177929155313365
 71
     1
 72
     5
  1
SIZE
  7
ONSHAPE-STANDARD
1001
ACAD
1000
ACAD_MTEXT_DEFINED_HEIGHT_BEGIN
1070
    46
1040
0.0506811989100817
1000
ACAD_MTEXT_DEFINED_HEIGHT_END
  0
MTEXT
  5
1DD
102
{ACAD_XDICTIONARY
360
35B
102
}
330
1F
100
AcDbEntity
  8
TITLE_BLOCK
100
AcDbMText
 10
5.678645862514648
 20
0.9233278927596325
 30
0.0
 40
0.05
 41
0.4177929155313356
 71
     1
 72
     5
  1
ESTIMATED\PWEIGHT
  7
ONSHAPE-CUSTOM-STYLE-NOTE_
1001
ACAD
1000
ACAD_MTEXT_DEFINED_HEIGHT_BEGIN
1070
    46
1040
0.1348660308810173
1000
ACAD_MTEXT_DEFINED_HEIGHT_END
  0
MTEXT
  5
1DF
102
{ACAD_XDICTIONARY
360
1E0
102
}
330
1F
100
AcDbEntity
  8
ANNOTATION_TEXT
 62
     7
 60
     1
100
AcDbMText
 10
3.021667415259833
 20
6.183130092016886
 30
0.0
 40
0.12
 41
0.0
 71
     2
 72
     1
  1

  7
ONSHAPE-STANDARD-VIEW-LABE
1001
ACAD
1000
ACAD_MTEXT_DEFINED_HEIGHT_BEGIN
1070
    46
1040
0.12
1000
ACAD_MTEXT_DEFINED_HEIGHT_END
  0
LINE
  5
1E9
330
1F
100
AcDbEntity
  8
CENTERMARKS
  6
CONTINUOUS
100
AcDbLine
 10
2.976667415259833
 20
3.965733440702674
 30
0.0
 11
3.066667415259833
 21
3.965733440702674
 31
0.0
  0
LINE
  5
1EA
330
1F
100
AcDbEntity
  8
CENTERMARKS
  6
CONTINUOUS
100
AcDbLine
 10
3.021667415259833
 20
3.920733440702674
 30
0.0
 11
3.021667415259833
 21
4.010733440702674
 31
0.0
  0
LINE
  5
1EB
330
1F
100
AcDbEntity
  8
CENTERMARKS
  6
CENTER
100
AcDbLine
 10
2.931667415259833
 20
3.965733440702674
 30
0.0
 11
1.723334081926501
 21
3.965733440702674
 31
0.0
  0
LINE
  5
1EC
330
1F
100
AcDbEntity
  8
CENTERMARKS
  6
CENTER
100
AcDbLine
 10
3.111667415259832
 20
3.965733440702674
 30
0.0
 11
4.320000748593166
 21
3.965733440702674
 31
0.0
  0
LINE
  5
1ED
330
1F
100
AcDbEntity
  8
CENTERMARKS
  6
CENTER
100
AcDbLine
 10
3.021667415259833
 20
4.055733440702674
 30
-0.0000000000000001
 11
3.021667415259833
 21
5.264066774036008
 31
0.0000000000000001
  0
LINE
  5
1EE
330
1F
100
AcDbEntity
  8
CENTERMARKS
  6
CENTER
100
AcDbLine
 10
3.021667415259833
 20
3.875733440702674
 30
0.0000000000000001
 11
3.021667415259833
 21
2.667400107369341
 31
-0.0000000000000001
  0
LINE
  5
1F3
330
1F
100
AcDbEntity
  8
CENTERMARKS
  6
CONTINUOUS
100
AcDbLine
 10
2.781673976939623
 20
3.860746564062254
 30
0.0
 11
2.802343268278205
 21
3.860746564062254
 31
0.0
  0
LINE
  5
1F4
330
1F
100
AcDbEntity
  8
CENTERMARKS
  6
CONTINUOUS
100
AcDbLine
 10
2.792008622608914
 20
3.850411918392963
 30
0.0
 11
2.792008622608914
 21
3.871081209731546
 31
0.0
  0
LINE
  5
1F5
330
1F
100
AcDbEntity
  8
CENTERMARKS
  6
CENTER
100
AcDbLine
 10
2.771339331270332
 20
3.860746564062254
 30
0.0
 11
2.741811772215214
 21
3.860746564062255
 31
0.0
  0
LINE
  5
1F6
330
1F
100
AcDbEntity
  8
CENTERMARKS
  6
CENTER
100
AcDbLine
 10
2.812677913947497
 20
3.860746564062254
 30
0.0
 11
2.842205473002615
 21
3.860746564062254
 31
0.0
  0
LINE
  5
1F7
330
1F
100
AcDbEntity
  8
CENTERMARKS
  6
CENTER
100
AcDbLine
 10
2.792008622608914
 20
3.881415855400837
 30
0.0
 11
2.792008622608914
 21
3.910943414455955
 31
0.0
  0
LINE
  5
1F8
330
1F
100
AcDbEntity
  8
CENTERMARKS
  6
CENTER
100
AcDbLine
 10
2.792008622608914
 20
3.840077272723672
 30
0.0
 11
2.792008622608915
 21
3.810549713668554
 31
0.0
  0
LINE
  5
1FD
330
1F
100
AcDbEntity
  8
CENTERMARKS
  6
CONTINUOUS
100
AcDbLine
 10
3.24099156224146
 20
3.860746564062254
 30
0.0
 11
3.261660853580043
 21
3.860746564062254
 31
0.0
  0
LINE
  5
1FE
330
1F
100
AcDbEntity
  8
CENTERMARKS
  6
CONTINUOUS
100
AcDbLine
 10
3.251326207910751
 20
3.850411918392963
 30
0.0
 11
3.251326207910751
 21
3.871081209731545
 31
0.0
  0
LINE
  5
1FF
330
1F
100
AcDbEntity
  8
CENTERMARKS
  6
CENTER
100
AcDbLine
 10
3.230656916572169
 20
3.860746564062254
 30
0.0
 11
3.201129357517051
 21
3.860746564062254
 31
0.0
  0
LINE
  5
200
330
1F
100
AcDbEntity
  8
CENTERMARKS
  6
CENTER
100
AcDbLine
 10
3.271995499249334
 20
3.860746564062254
 30
0.0
 11
3.301523058304452
 21
3.860746564062254
 31
0.0
  0
LINE
  5
201
330
1F
100
AcDbEntity
  8
CENTERMARKS
  6
CENTER
100
AcDbLine
 10
3.251326207910751
 20
3.881415855400836
 30
0.0
 11
3.251326207910751
 21
3.910943414455955
 31
0.0
  0
LINE
  5
202
330
1F
100
AcDbEntity
  8
CENTERMARKS
  6
CENTER
100
AcDbLine
 10
3.251326207910751
 20
3.840077272723672
 30
0.0
 11
3.251326207910751
 21
3.810549713668554
 31
0.0
  0
MTEXT
  5
203
102
{ACAD_XDICTIONARY
360
204
102
}
330
1F
100
AcDbEntity
  8
ANNOTATION_TEXT
 62
     7
 60
     1
100
AcDbMText
 10
3.021667415259832
 20
2.576566774036008
 30
0.0
 40
0.12
 41
0.0
 71
     2
 72
     1
  1

  7
ONSHAPE-STANDARD-VIEW-LABE
1001
ACAD
1000
ACAD_MTEXT_DEFINED_HEIGHT_BEGIN
1070
    46
1040
0.12
1000
ACAD_MTEXT_DEFINED_HEIGHT_END
  0
MTEXT
  5
20A
102
{ACAD_XDICTIONARY
360
20B
102
}
330
1F
100
AcDbEntity
  8
ANNOTATION_TEXT
 62
     7
 60
     1
100
AcDbMText
 10
8.072362482474722
 20
2.576566774036007
 30
0.0
 40
0.12
 41
0.0
 71
     2
 72
     1
  1

  7
ONSHAPE-STANDARD-VIEW-LABE
1001
ACAD
1000
ACAD_MTEXT_DEFINED_HEIGHT_BEGIN
1070
    46
1040
0.12
1000
ACAD_MTEXT_DEFINED_HEIGHT_END
  0
MTEXT
  5
20D
102
{ACAD_XDICTIONARY
360
20E
102
}
330
1F
100
AcDbEntity
  8
ANNOTATION_TEXT
 62
     7
 60
     1
100
AcDbMText
 10
8.104379566894467
 20
5.386487790963507
 30
0.0
 40
0.12
 41
0.0
 71
     2
 72
     1
  1

  7
ONSHAPE-STANDARD-VIEW-LABE
1001
ACAD
1000
ACAD_MTEXT_DEFINED_HEIGHT_BEGIN
1070
    46
1040
0.12
1000
ACAD_MTEXT_DEFINED_HEIGHT_END
  0
DIMENSION
  5
21A
102
{ACAD_REACTORS
102
}
102
{ACAD_XDICTIONARY
360
21B
102
}
330
1F
100
AcDbEntity
  8
ANNOTATION_TEXT
100
AcDbDimension
  2
*D7
 10
8.197362482474722
 20
5.358476612961613
 30
0.0
 11
7.34143605195701
 21
5.358476612961613
 31
0.0
 70
   160
  3
ONSHAPE-STANDARD$0
100
AcDbAlignedDimension
 13
7.947362482474722
 23
5.174066774036008
 33
0.0
 14
8.197362482474722
 24
5.174066774036008
 34
0.0
100
AcDbRotatedDimension
1001
ACAD
1000
DSTYLE
1002
{
1070
    40
1040
1.0
1070
     4
1000
[]
1070
   144
1040
3.0
1070
     3
1000

1070
   288
1070
     1
1002
}
1001
ACAD_DIMASSOC_CALC_DIMLFAC
1040
-3.0
1001
ACAD_DIMASSOC_DIMLFAC
1040
-3.0
1001
ACAD_DIMASSOC_OVERRIDDEN_D
1040
0.0
  0
DIMENSION
  5
238
102
{ACAD_REACTORS
330
259
330
274
102
}
102
{ACAD_XDICTIONARY
360
239
102
}
330
1F
100
AcDbEntity
  8
ANNOTATION_TEXT
100
AcDbDimension
  2
*D8
 10
2.121845723996215
 20
4.772201275384212
 30
0.0
 11
1.428488437103985
 21
5.012473071647951
 31
0.0
 70
   161
  3
ONSHAPE-STANDARD$0
100
AcDbAlignedDimension
 13
2.15287405817772
 23
4.744392039705539
 33
0.1249999999999999
 14
2.121845723996215
 24
4.772201275384212
 34
0.1249999999999999
1001
ACAD
1000
DSTYLE
1002
{
1070
    40
1040
1.0
1070
     4
1000
[]
1070
    76
1070
     1
1070
    75
1070
     1
1070
   144
1040
3.0
1070
     3
1000

1070
   288
1070
     1
1002
}
1001
ACAD_DIMASSOC_CALC_DIMLFAC
1040
-3.0
1001
ACAD_DIMASSOC_DIMLFAC
1040
-3.0
1001
ACAD_DIMASSOC_OVERRIDDEN_D
1040
0.0
1001
ONSHAPE_WALLTHICKNESS_DIM
1000
WALLTHICKNESS_DIM
  0
DIMENSION
  5
255
102
{ACAD_REACTORS
330
274
102
}
102
{ACAD_XDICTIONARY
360
256
102
}
330
1F
100
AcDbEntity
  8
ANNOTATION_TEXT
100
AcDbDimension
  2
*D9
 10
2.981158667135745
 20
3.922761958293603
 30
-0.0416666666666666
 11
4.747745279839905
 21
5.272088401761607
 31
0.0
 70
   163
  3
ONSHAPE-STANDARD$3
100
AcDbDiametricDimension
 15
3.062176163383921
 25
4.008704923111746
 35
-0.0416666666666666
 40
0.0
1001
ACAD
1000
DSTYLE
1002
{
1070
   287
1070
     3
1070
    40
1040
1.0
1070
     4
1000
[]
1070
   144
1040
3.0
1070
   289
1070
     3
1070
   279
1070
     0
1070
     3
1000
%%c<>
1070
   172
1070
     1
1002
}
1001
ACAD_DSTYLE_DIMRADIAL_EXTE
1070
   387
1070
     1
1070
   388
1040
0.0
1070
   390
1040
6.283185307179586
1001
ACAD_DIMASSOC_CALC_DIMLFAC
1040
-3.0
1001
ACAD_DIMASSOC_DIMLFAC
1040
-3.0
1001
ACAD_DIMASSOC_OVERRIDDEN_D
1040
0.0
  0
DIMENSION
  5
270
102
{ACAD_REACTORS
102
}
102
{ACAD_XDICTIONARY
360
271
102
}
330
1F
100
AcDbEntity
  8
ANNOTATION_TEXT
100
AcDbDimension
  2
*D10
 10
3.230552207524931
 20
3.839762816739065
 30
-0.0416666666666666
 11
4.862649769395214
 21
4.854207533350618
 31
0.0
 70
   163
  1
%%c%%u2 x .177
  3
ONSHAPE-STANDARD$3
100
AcDbDiametricDimension
 15
3.272100208296572
 25
3.881730311385443
 35
-0.0416666666666666
 40
0.0
1001
ACAD
1000
DSTYLE
1002
{
1070
   287
1070
     3
1070
    40
1040
1.0
1070
     4
1000
[]
1070
   144
1040
3.0
1070
   289
1070
     3
1070
   279
1070
     0
1070
     3
1000
%%c<>
1070
   172
1070
     1
1002
}
1001
ACAD_DSTYLE_DIMRADIAL_EXTE
1070
   387
1070
     1
1070
   388
1040
0.0
1070
   390
1040
6.283185307179586
1001
ACAD_DIMASSOC_CALC_DIMLFAC
1040
-3.0
1001
ACAD_DIMASSOC_DIMLFAC
1040
-3.0
1001
ACAD_DIMASSOC_OVERRIDDEN_D
1040
0.0
  0
DIMENSION
  5
28D
102
{ACAD_REACTORS
102
}
102
{ACAD_XDICTIONARY
360
28E
102
}
330
1F
100
AcDbEntity
  8
ANNOTATION_TEXT
100
AcDbDimension
  2
*D11
 10
4.230000748593167
 20
6.901917173356006
 30
0.0
 11
3.021667415259833
 21
6.901917173356006
 31
0.0
 70
   160
  3
ONSHAPE-STANDARD$0
100
AcDbAlignedDimension
 13
1.813334081926499
 23
6.708130092016886
 33
-0.6041666666666667
 14
4.230000748593167
 24
6.708130092016886
 34
-0.6041666666666667
100
AcDbRotatedDimension
1001
ACAD
1000
DSTYLE
1002
{
1070
    40
1040
1.0
1070
     4
1000
[]
1070
   144
1040
3.0
1070
     3
1000
%%c<>
1070
   288
1070
     1
1002
}
1001
ACAD_DIMASSOC_CALC_DIMLFAC
1040
-3.0
1001
ACAD_DIMASSOC_DIMLFAC
1040
-3.0
1001
ACAD_DIMASSOC_OVERRIDDEN_D
1040
0.0
  0
ENDSEC
  0
SECTION
  2
OBJECTS
  0
DICTIONARY
  5
C
330
0
100
AcDbDictionary
  3
ACAD_FIELDLIST
350
14F
  3
ACAD_GROUP
350
D
  3
ACAD_LAYOUT
350
1A
  3
ACAD_MATERIAL
350
43
  3
ACAD_MLEADERSTYLE
350
6B
  3
ACAD_MLINESTYLE
350
17
  3
ACAD_PLOTSETTINGS
350
19
  3
ACAD_SCALELIST
350
47
  3
ACAD_VISUALSTYLE
350
2A
  3
ACDB_RECOMPOSE_DATA
350
3E9
  3
ACDBHEADERROUNDTRIPXREC
350
31B
  3
ACDBVARIABLEDICTIONARY
350
6E
  3
DWGPROPS
350
342
  3
ONSHAPE_DATA
350
210
  0
DICTIONARY
  5
3DE
330
8
100
AcDbDictionary
280
     1
  3
ACAD_XREC_ROUNDTRIP
360
3DF
  0
DICTIONARY
  5
35D
330
A9
100
AcDbDictionary
280
     1
  3
ACAD_MTEXT_RT
360
35E
  0
DICTIONARY
  5
AC
330
AB
100
AcDbDictionary
280
     1
  3
ACAD_FIELD
360
AD
  3
ACAD_MTEXT_RT
360
35F
  0
DICTIONARY
  5
B1
330
B0
100
AcDbDictionary
280
     1
  3
ACAD_FIELD
360
B2
  3
ACAD_MTEXT_RT
360
360
  0
DICTIONARY
  5
B6
330
B5
100
AcDbDictionary
280
     1
  3
ACAD_FIELD
360
B7
  3
ACAD_MTEXT_RT
360
361
  0
DICTIONARY
  5
362
330
BA
100
AcDbDictionary
280
     1
  3
ACAD_MTEXT_RT
360
363
  0
DICTIONARY
  5
364
330
BB
100
AcDbDictionary
280
     1
  3
ACAD_MTEXT_RT
360
365
  0
DICTIONARY
  5
BD
330
BC
100
AcDbDictionary
280
     1
  3
ACAD_FIELD
360
BE
  3
ACAD_MTEXT_RT
360
366
  0
DICTIONARY
  5
367
330
C1
100
AcDbDictionary
280
     1
  3
ACAD_MTEXT_RT
360
368
  0
DICTIONARY
  5
369
330
C2
100
AcDbDictionary
280
     1
  3
ACAD_MTEXT_RT
360
36A
  0
DICTIONARY
  5
C4
330
C3
100
AcDbDictionary
280
     1
  3
ACAD_FIELD
360
C5
  3
ACAD_MTEXT_RT
360
36B
  0
DICTIONARY
  5
C9
330
C8
100
AcDbDictionary
280
     1
  3
ACAD_FIELD
360
CA
  3
ACAD_MTEXT_RT
360
36C
  0
DICTIONARY
  5
36D
330
CD
100
AcDbDictionary
280
     1
  3
ACAD_MTEXT_RT
360
36E
  0
DICTIONARY
  5
36F
330
CE
100
AcDbDictionary
280
     1
  3
ACAD_MTEXT_RT
360
370
  0
DICTIONARY
  5
D0
330
CF
100
AcDbDictionary
280
     1
  3
ACAD_FIELD
360
D1
  3
ACAD_MTEXT_RT
360
371
  0
DICTIONARY
  5
372
330
D4
100
AcDbDictionary
280
     1
  3
ACAD_MTEXT_RT
360
373
  0
DICTIONARY
  5
374
330
D5
100
AcDbDictionary
280
     1
  3
ACAD_MTEXT_RT
360
375
  0
DICTIONARY
  5
D7
330
D6
100
AcDbDictionary
280
     1
  3
ACAD_FIELD
360
D8
  3
ACAD_MTEXT_RT
360
376
  0
DICTIONARY
  5
DC
330
DB
100
AcDbDictionary
280
     1
  3
ACAD_FIELD
360
DD
  3
ACAD_MTEXT_RT
360
377
  0
DICTIONARY
  5
E1
330
E0
100
AcDbDictionary
280
     1
  3
ACAD_FIELD
360
E2
  3
ACAD_MTEXT_RT
360
378
  0
DICTIONARY
  5
379
330
E5
100
AcDbDictionary
280
     1
  3
ACAD_MTEXT_RT
360
37A
  0
DICTIONARY
  5
E7
330
E6
100
AcDbDictionary
280
     1
  3
ACAD_FIELD
360
E8
  3
ACAD_MTEXT_RT
360
37B
  0
DICTIONARY
  5
37C
330
EB
100
AcDbDictionary
280
     1
  3
ACAD_MTEXT_RT
360
37D
  0
DICTIONARY
  5
ED
330
EC
100
AcDbDictionary
280
     1
  3
ACAD_FIELD
360
EE
  3
ACAD_MTEXT_RT
360
37E
  0
DICTIONARY
  5
F2
330
F1
100
AcDbDictionary
280
     1
  3
ACAD_FIELD
360
F3
  3
ACAD_MTEXT_RT
360
37F
  0
DICTIONARY
  5
F7
330
F6
100
AcDbDictionary
280
     1
  3
ACAD_FIELD
360
F8
  3
ACAD_MTEXT_RT
360
380
  0
DICTIONARY
  5
381
330
FB
100
AcDbDictionary
280
     1
  3
ACAD_MTEXT_RT
360
382
  0
DICTIONARY
  5
FD
330
FC
100
AcDbDictionary
280
     1
  3
ACAD_FIELD
360
FE
  3
ACAD_MTEXT_RT
360
383
  0
DICTIONARY
  5
384
330
12F
100
AcDbDictionary
280
     1
  3
ACAD_MTEXT_RT
360
385
  0
DICTIONARY
  5
386
330
130
100
AcDbDictionary
280
     1
  3
ACAD_MTEXT_RT
360
387
  0
DICTIONARY
  5
388
330
131
100
AcDbDictionary
280
     1
  3
ACAD_MTEXT_RT
360
389
  0
DICTIONARY
  5
38A
330
132
100
AcDbDictionary
280
     1
  3
ACAD_MTEXT_RT
360
38B
  0
DICTIONARY
  5
38C
330
13F
100
AcDbDictionary
280
     1
  3
ACAD_MTEXT_RT
360
38D
  0
DICTIONARY
  5
38E
330
140
100
AcDbDictionary
280
     1
  3
ACAD_MTEXT_RT
360
38F
  0
DICTIONARY
  5
390
330
141
100
AcDbDictionary
280
     1
  3
ACAD_MTEXT_RT
360
391
  0
DICTIONARY
  5
392
330
142
100
AcDbDictionary
280
     1
  3
ACAD_MTEXT_RT
360
393
  0
DICTIONARY
  5
394
330
143
100
AcDbDictionary
280
     1
  3
ACAD_MTEXT_RT
360
395
  0
DICTIONARY
  5
396
330
150
100
AcDbDictionary
280
     1
  3
ACAD_MTEXT_RT
360
397
  0
DICTIONARY
  5
398
330
151
100
AcDbDictionary
280
     1
  3
ACAD_MTEXT_RT
360
399
  0
DICTIONARY
  5
39A
330
154
100
AcDbDictionary
280
     1
  3
ACAD_MTEXT_RT
360
39B
  0
DICTIONARY
  5
39C
330
157
100
AcDbDictionary
280
     1
  3
ACAD_MTEXT_RT
360
39D
  0
DICTIONARY
  5
39E
330
15A
100
AcDbDictionary
280
     1
  3
ACAD_MTEXT_RT
360
39F
  0
DICTIONARY
  5
3A0
330
15B
100
AcDbDictionary
280
     1
  3
ACAD_MTEXT_RT
360
3A1
  0
DICTIONARY
  5
3A2
330
15C
100
AcDbDictionary
280
     1
  3
ACAD_MTEXT_RT
360
3A3
  0
DICTIONARY
  5
3A4
330
15F
100
AcDbDictionary
280
     1
  3
ACAD_MTEXT_RT
360
3A5
  0
DICTIONARY
  5
3A6
330
160
100
AcDbDictionary
280
     1
  3
ACAD_MTEXT_RT
360
3A7
  0
DICTIONARY
  5
3A8
330
161
100
AcDbDictionary
280
     1
  3
ACAD_MTEXT_RT
360
3A9
  0
DICTIONARY
  5
3AA
330
164
100
AcDbDictionary
280
     1
  3
ACAD_MTEXT_RT
360
3AB
  0
DICTIONARY
  5
3AC
330
167
100
AcDbDictionary
280
     1
  3
ACAD_MTEXT_RT
360
3AD
  0
DICTIONARY
  5
3AE
330
168
100
AcDbDictionary
280
     1
  3
ACAD_MTEXT_RT
360
3AF
  0
DICTIONARY
  5
3B0
330
169
100
AcDbDictionary
280
     1
  3
ACAD_MTEXT_RT
360
3B1
  0
DICTIONARY
  5
3B2
330
16C
100
AcDbDictionary
280
     1
  3
ACAD_MTEXT_RT
360
3B3
  0
DICTIONARY
  5
3B4
330
16D
100
AcDbDictionary
280
     1
  3
ACAD_MTEXT_RT
360
3B5
  0
DICTIONARY
  5
3B6
330
16E
100
AcDbDictionary
280
     1
  3
ACAD_MTEXT_RT
360
3B7
  0
DICTIONARY
  5
3B8
330
171
100
AcDbDictionary
280
     1
  3
ACAD_MTEXT_RT
360
3B9
  0
DICTIONARY
  5
3BA
330
174
100
AcDbDictionary
280
     1
  3
ACAD_MTEXT_RT
360
3BB
  0
DICTIONARY
  5
3BC
330
177
100
AcDbDictionary
280
     1
  3
ACAD_MTEXT_RT
360
3BD
  0
DICTIONARY
  5
3BE
330
178
100
AcDbDictionary
280
     1
  3
ACAD_MTEXT_RT
360
3BF
  0
DICTIONARY
  5
3C0
330
17B
100
AcDbDictionary
280
     1
  3
ACAD_MTEXT_RT
360
3C1
  0
DICTIONARY
  5
3C2
330
17C
100
AcDbDictionary
280
     1
  3
ACAD_MTEXT_RT
360
3C3
  0
DICTIONARY
  5
3C4
330
17F
100
AcDbDictionary
280
     1
  3
ACAD_MTEXT_RT
360
3C5
  0
DICTIONARY
  5
3C6
330
182
100
AcDbDictionary
280
     1
  3
ACAD_MTEXT_RT
360
3C7
  0
DICTIONARY
  5
3C8
330
185
100
AcDbDictionary
280
     1
  3
ACAD_MTEXT_RT
360
3C9
  0
DICTIONARY
  5
3CA
330
186
100
AcDbDictionary
280
     1
  3
ACAD_MTEXT_RT
360
3CB
  0
DICTIONARY
  5
3CC
330
1A0
100
AcDbDictionary
280
     1
  3
ACAD_MTEXT_RT
360
3CD
  0
DICTIONARY
  5
3CE
330
1A1
100
AcDbDictionary
280
     1
  3
ACAD_MTEXT_RT
360
3CF
  0
DICTIONARY
  5
3D0
330
1A2
100
AcDbDictionary
280
     1
  3
ACAD_MTEXT_RT
360
3D1
  0
DICTIONARY
  5
3D2
330
1A3
100
AcDbDictionary
280
     1
  3
ACAD_MTEXT_RT
360
3D3
  0
DICTIONARY
  5
3D4
330
1AC
100
AcDbDictionary
280
     1
  3
ACAD_MTEXT_RT
360
3D5
  0
DICTIONARY
  5
3D6
330
1AD
100
AcDbDictionary
280
     1
  3
ACAD_MTEXT_RT
360
3D7
  0
DICTIONARY
  5
3D8
330
1AE
100
AcDbDictionary
280
     1
  3
ACAD_MTEXT_RT
360
3D9
  0
DICTIONARY
  5
3DA
330
1AF
100
AcDbDictionary
280
     1
  3
ACAD_MTEXT_RT
360
3DB
  0
DICTIONARY
  5
3DC
330
1B0
100
AcDbDictionary
280
     1
  3
ACAD_MTEXT_RT
360
3DD
  0
DICTIONARY
  5
343
330
1CE
100
AcDbDictionary
280
     1
  3
ACAD_MTEXT_RT
360
344
  0
DICTIONARY
  5
345
330
1D2
100
AcDbDictionary
280
     1
  3
ACAD_MTEXT_RT
360
346
  0
DICTIONARY
  5
347
330
1D3
100
AcDbDictionary
280
     1
  3
ACAD_MTEXT_RT
360
348
  0
DICTIONARY
  5
349
330
1D4
100
AcDbDictionary
280
     1
  3
ACAD_MTEXT_RT
360
34A
  0
DICTIONARY
  5
34B
330
1D5
100
AcDbDictionary
280
     1
  3
ACAD_MTEXT_RT
360
34C
  0
DICTIONARY
  5
34D
330
1D6
100
AcDbDictionary
280
     1
  3
ACAD_MTEXT_RT
360
34E
  0
DICTIONARY
  5
34F
330
1D7
100
AcDbDictionary
280
     1
  3
ACAD_MTEXT_RT
360
350
  0
DICTIONARY
  5
351
330
1D8
100
AcDbDictionary
280
     1
  3
ACAD_MTEXT_RT
360
352
  0
DICTIONARY
  5
353
330
1D9
100
AcDbDictionary
280
     1
  3
ACAD_MTEXT_RT
360
354
  0
DICTIONARY
  5
355
330
1DA
100
AcDbDictionary
280
     1
  3
ACAD_MTEXT_RT
360
356
  0
DICTIONARY
  5
357
330
1DB
100
AcDbDictionary
280
     1
  3
ACAD_MTEXT_RT
360
358
  0
DICTIONARY
  5
359
330
1DC
100
AcDbDictionary
280
     1
  3
ACAD_MTEXT_RT
360
35A
  0
DICTIONARY
  5
35B
330
1DD
100
AcDbDictionary
280
     1
  3
ACAD_MTEXT_RT
360
35C
  0
DICTIONARY
  5
1E0
330
1DF
100
AcDbDictionary
280
     1
  3
ONSHAPE_VIEW_ID
360
1E1
  0
DICTIONARY
  5
204
330
203
100
AcDbDictionary
280
     1
  3
ONSHAPE_VIEW_ID
360
205
  0
DICTIONARY
  5
20B
330
20A
100
AcDbDictionary
280
     1
  3
ONSHAPE_VIEW_ID
360
20C
  0
DICTIONARY
  5
20E
330
20D
100
AcDbDictionary
280
     1
  3
ONSHAPE_VIEW_ID
360
20F
  0
DICTIONARY
  5
21B
330
21A
100
AcDbDictionary
280
     1
  3
ACAD_BREAKDATA
360
21F
  3
OS_DIM_DISPLAY_FLAG_DATA
360
21C
  0
DICTIONARY
  5
239
330
238
100
AcDbDictionary
280
     1
  3
ACAD_BREAKDATA
360
23D
  3
OS_DIM_DISPLAY_FLAG_DATA
360
23A
  0
DICTIONARY
  5
256
330
255
100
AcDbDictionary
280
     1
  3
ACAD_BREAKDATA
360
259
  3
OS_DIM_DISPLAY_FLAG_DATA
360
257
  0
DICTIONARY
  5
271
330
270
100
AcDbDictionary
280
     1
  3
ACAD_BREAKDATA
360
274
  3
OS_DIM_DISPLAY_FLAG_DATA
360
272
  3
OS_DIM_TEXT_DATA
360
276
  3
OS_DIM_X_DATA
360
275
  0
DICTIONARY
  5
28E
330
28D
100
AcDbDictionary
280
     1
  3
ACAD_BREAKDATA
360
292
  3
OS_DIM_DISPLAY_FLAG_DATA
360
28F
  0
ACAD_PROXY_OBJECT
  5
14F
102
{ACAD_REACTORS
330
C
102
}
330
C
100
AcDbProxyObject
 90
      499
 91
      510
 93
       11
310
4400
330
AF
330
B4
330
B9
330
C0
330
C7
330
CC
330
D3
330
DA
330
DF
330
E4
330
EA
330
F0
330
F5
330
FA
330
100
330
101
 94
        0
  0
DICTIONARY
  5
D
102
{ACAD_REACTORS
330
C
102
}
330
C
100
AcDbDictionary
  0
DICTIONARY
  5
1A
102
{ACAD_REACTORS
330
C
102
}
330
C
100
AcDbDictionary
  0
DICTIONARY
  5
43
102
{ACAD_REACTORS
330
C
102
}
330
C
100
AcDbDictionary
  3
BYBLOCK
350
45
  3
BYLAYER
350
44
  3
GLOBAL
350
46
  0
DICTIONARY
  5
6B
102
{ACAD_REACTORS
330
C
102
}
330
C
100
AcDbDictionary
  3
STANDARD
350
6C
  0
DICTIONARY
  5
17
102
{ACAD_REACTORS
330
C
102
}
330
C
100
AcDbDictionary
  3
STANDARD
350
18
  0
DICTIONARY
  5
19
102
{ACAD_REACTORS
330
C
102
}
330
C
100
AcDbDictionary
  0
DICTIONARY
  5
47
102
{ACAD_REACTORS
330
C
102
}
330
C
100
AcDbDictionary
  3
A0
350
48
  3
A1
350
49
  3
A2
350
4A
  3
A3
350
4B
  3
A4
350
4C
  3
A5
350
4D
  3
A6
350
4E
  3
A7
350
4F
  3
A8
350
50
  3
A9
350
51
  3
B0
350
52
  3
B1
350
53
  3
B2
350
54
  3
B3
350
55
  3
B4
350
56
  3
B5
350
57
  3
B6
350
58
  3
B7
350
59
  3
B8
350
5A
  3
B9
350
5B
  3
C0
350
5C
  3
C1
350
5D
  3
C2
350
5E
  3
C3
350
5F
  3
C4
350
60
  3
C5
350
61
  3
C6
350
62
  3
C7
350
63
  3
C8
350
64
  3
C9
350
65
  3
D0
350
66
  3
D1
350
67
  3
D2
350
68
  0
DICTIONARY
  5
2A
102
{ACAD_REACTORS
330
C
102
}
330
C
100
AcDbDictionary
  3
2DWIREFRAME
350
2F
  3
BASIC
350
32
  3
BRIGHTEN
350
36
  3
COLORCHANGE
350
3A
  3
CONCEPTUAL
350
34
  3
DIM
350
35
  3
EDGECOLOROFF
350
3D
  3
FACEPATTERN
350
39
  3
FLAT
350
2B
  3
FLATWITHEDGES
350
2C
  3
GOURAUD
350
2D
  3
GOURAUDWITHEDGES
350
2E
  3
HIDDEN
350
31
  3
JITTEROFF
350
3B
  3
LINEPATTERN
350
38
  3
OVERHANGOFF
350
3C
  3
REALISTIC
350
33
  3
SHADED
350
42
  3
SHADED_WITH_EDGES
350
41
  3
SHADES_OF_GRAY
350
3E
  3
SKETCHY
350
3F
  3
THICKEN
350
37
  3
WIREFRAME
350
30
  3
X-RAY
350
40
  0
XRECORD
  5
3E9
102
{ACAD_REACTORS
330
C
102
}
330
C
100
AcDbXrecord
 90
        1
330
16C
330
1D3
330
1D8
330
1D9
330
15A
330
151
330
12F
330
1DB
330
1DC
330
C1
330
B0
330
A9
330
B5
330
1D7
330
AB
330
C2
330
C3
330
BA
330
DB
330
C8
330
1CE
330
1D5
330
CD
330
CE
330
BB
330
BC
330
D4
330
D5
330
E5
330
E6
330
F6
330
E0
330
CF
330
EC
330
D6
330
F1
330
EB
330
FB
330
FC
330
130
330
131
330
132
330
13F
330
140
330
141
330
142
330
143
330
17B
330
154
330
174
330
164
330
177
330
171
330
182
330
160
330
15F
330
167
330
161
330
178
330
1D2
330
15C
330
1A1
330
157
330
17F
330
186
330
15B
330
185
330
168
330
169
330
1DA
330
17C
330
1D4
330
16D
330
150
330
16E
330
1AC
330
1AE
330
1AF
330
1A0
330
1A2
330
1D6
330
1A3
330
1DD
330
1B0
330
1AD
  0
DICTIONARY
  5
31B
102
{ACAD_REACTORS
330
C
102
}
330
C
100
AcDbDictionary
  3
CEPSNID
350
325
  3
CEPSNTYPE
350
324
  3
DIMSTYLEDATA
350
33B
  3
FINGERPRINTGUID
350
326
  3
HYPERLINKBASE
350
31E
  3
INSUNITS
350
323
  3
LAYOUTDICT
350
320
  3
LWETCUNION
350
322
  3
PLOTSETDICT
350
321
  3
PSVPSCALE
350
328
  3
PUCSBASE
350
32B
  3
PUCSORGBACK
350
331
  3
PUCSORGBOTTOM
350
32D
  3
PUCSORGFRONT
350
330
  3
PUCSORGLEFT
350
32E
  3
PUCSORGRIGHT
350
32F
  3
PUCSORGTOP
350
32C
  3
PUCSORTHOREF
350
329
  3
PUCSORTHOVIEW
350
32A
  3
STYLESHEET
350
31F
  3
TSTACKALIGN
350
31C
  3
TSTACKSIZE
350
31D
  3
UCSBASE
350
334
  3
UCSORGBACK
350
33A
  3
UCSORGBOTTOM
350
336
  3
UCSORGFRONT
350
339
  3
UCSORGLEFT
350
337
  3
UCSORGRIGHT
350
338
  3
UCSORGTOP
350
335
  3
UCSORTHOREF
350
332
  3
UCSORTHOVIEW
350
333
  3
VERSIONGUID
350
327
  0
DICTIONARY
  5
6E
102
{ACAD_REACTORS
330
C
102
}
330
C
100
AcDbDictionary
  3
CANNOSCALE
350
3E0
  3
CMLEADERSTYLE
350
33D
  3
CTABLESTYLE
350
33C
  3
DIMASSOC
350
340
  3
HIDETEXT
350
341
  3
MSLTSCALE
350
3E1
  3
OLEFRAME
350
6F
  0
XRECORD
  5
342
102
{ACAD_REACTORS
330
C
102
}
330
C
100
AcDbXrecord
  1
DWGPROPS COOKIE
  2

  3

  4

  6

  7

  8
nobody
  9

300
=
301
=
302
=
303
=
304
=
305
=
306
=
307
=
308
=
309
=
 40
0.0
 41
2461298.046833253
 42
2461298.046834653
  1

 90
        0
  0
DICTIONARY
  5
210
102
{ACAD_REACTORS
330
C
102
}
330
C
100
AcDbDictionary
280
     1
  3
CAD_STANDARD
360
2AA
  3
DIM_UNITS
360
213
  3
FIRST_ANGLE
360
2AB
  3
ONSHAPE_ALT_DIM_POSTION
360
215
  3
ONSHAPE_ALT_DIM_UNIT
360
214
  3
ONSHAPE_ALT_DIM_UNIT_ENABLE
360
216
  3
ONSHAPE_ANG_TOL_PRECISION
360
217
  3
ONSHAPE_BREAK_DIMENSION_DEFAULT
360
2B0
  3
ONSHAPE_DIMENSION_FIT_STANDARD
360
212
  3
ONSHAPE_DIMENSION_TEXT_HOR
360
211
  3
ONSHAPE_FITCLASS_TOL_PRECISION
360
218
  3
ONSHAPE_JOGDIMENSION_LOCK_
360
219
  3
ONSHAPE_SHOWDIMENSIONSLINE
360
2AF
  3
ONSHAPE_UNDERLINEOVERRIDEN
360
2AE
  3
ONSHAPE_VSHARP_EXTENSION
360
2AD
  3
ONSHAPE_WELD_STANDARD
360
2AC
  0
XRECORD
  5
3DF
102
{ACAD_REACTORS
330
3DE
102
}
330
3DE
100
AcDbXrecord
102
VTR_0.000_0.000_1.000_1.000_VISUALSTYLE
340
2F
102
VTR_0.000_0.000_1.000_1.000_GRIDDISPLAY
 70
     3
102
VTR_0.000_0.000_1.000_1.000_GRIDMAJOR
 70
     5
102
VTR_0.000_0.000_1.000_1.000_DEFAULTLIGHTING
280
     1
102
VTR_0.000_0.000_1.000_1.000_DEFAULTLIGHTINGTYPE
 70
     1
102
VTR_0.000_0.000_1.000_1.000_BRIGHTNESS
141
0.0
102
VTR_0.000_0.000_1.000_1.000_CONTRAST
142
0.0
  0
XRECORD
  5
35E
102
{ACAD_REACTORS
330
35D
102
}
330
35D
100
AcDbXrecord
 40
586057.0
  1
{\pxqc,t3.6;DIMENSIONS ARE IN INCHES TOLERANCES EXCEPT AS NOTED}
  0
DICTIONARY
  5
AD
102
{ACAD_REACTORS
330
AC
102
}
330
AC
100
AcDbDictionary
280
     1
  3
TEXT
360
AE
  0
XRECORD
  5
35F
102
{ACAD_REACTORS
330
AC
102
}
330
AC
100
AcDbXrecord
 40
63151.0
  1
{\pxqr,t3.375;\H0.08;----}
  0
DICTIONARY
  5
B2
102
{ACAD_REACTORS
330
B1
102
}
330
B1
100
AcDbDictionary
280
     1
  3
TEXT
360
B3
  0
XRECORD
  5
360
102
{ACAD_REACTORS
330
B1
102
}
330
B1
100
AcDbXrecord
 40
63151.0
  1
{\pxqr;----}
  0
DICTIONARY
  5
B7
102
{ACAD_REACTORS
330
B6
102
}
330
B6
100
AcDbDictionary
280
     1
  3
TEXT
360
B8
  0
XRECORD
  5
361
102
{ACAD_REACTORS
330
B6
102
}
330
B6
100
AcDbXrecord
 40
74107.0
  1
{\pxqc,t3;PART 1}
  0
XRECORD
  5
363
102
{ACAD_REACTORS
330
362
102
}
330
362
100
AcDbXrecord
 40
59439.0
  1
{\pxqr,t3.375;\H0.08;.X}
  0
XRECORD
  5
365
102
{ACAD_REACTORS
330
364
102
}
330
364
100
AcDbXrecord
 40
361.0
  1
{\pxql,t3.375;±.03}
  0
DICTIONARY
  5
BE
102
{ACAD_REACTORS
330
BD
102
}
330
BD
100
AcDbDictionary
280
     1
  3
TEXT
360
BF
  0
XRECORD
  5
366
102
{ACAD_REACTORS
330
BD
102
}
330
BD
100
AcDbXrecord
 40
81821.0
  1
{\pxqr,t3.375;\H0.08;09/09/2026}
  0
XRECORD
  5
368
102
{ACAD_REACTORS
330
367
102
}
330
367
100
AcDbXrecord
 40
63230.0
  1
{\pxqr,t3.375;\H0.08;.XX}
  0
XRECORD
  5
36A
102
{ACAD_REACTORS
330
369
102
}
330
369
100
AcDbXrecord
 40
618.0
  1
{\pxql,t3.375;±.015}
  0
DICTIONARY
  5
C5
102
{ACAD_REACTORS
330
C4
102
}
330
C4
100
AcDbDictionary
280
     1
  3
TEXT
360
C6
  0
XRECORD
  5
36B
102
{ACAD_REACTORS
330
C4
102
}
330
C4
100
AcDbXrecord
 40
96877.0
  1
{\pxqr,t3.375;\H0.08;MARISSA ZHAI}
  0
DICTIONARY
  5
CA
102
{ACAD_REACTORS
330
C9
102
}
330
C9
100
AcDbDictionary
280
     1
  3
TEXT
360
CB
  0
XRECORD
  5
36C
102
{ACAD_REACTORS
330
C9
102
}
330
C9
100
AcDbXrecord
 40
65994.0
  1
{\pxqc,t3;----}
  0
XRECORD
  5
36E
102
{ACAD_REACTORS
330
36D
102
}
330
36D
100
AcDbXrecord
 40
65532.0
  1
{\pxqr,t3.375;\H0.08;.XXX}
  0
XRECORD
  5
370
102
{ACAD_REACTORS
330
36F
102
}
330
36F
100
AcDbXrecord
 40
614.0
  1
{\pxql,t3.375;±.005}
  0
DICTIONARY
  5
D1
102
{ACAD_REACTORS
330
D0
102
}
330
D0
100
AcDbDictionary
280
     1
  3
TEXT
360
D2
  0
XRECORD
  5
371
102
{ACAD_REACTORS
330
D0
102
}
330
D0
100
AcDbXrecord
 40
69606.0
  1
{\pxqr,t3;----}
  0
XRECORD
  5
373
102
{ACAD_REACTORS
330
372
102
}
330
372
100
AcDbXrecord
 40
66929.0
  1
{\pxqr,t3.375;\H0.08;ANGLE}
  0
XRECORD
  5
375
102
{ACAD_REACTORS
330
374
102
}
330
374
100
AcDbXrecord
 40
-221.0
  1
{\pxql,t3.375;\H0.08;±1°}
  0
DICTIONARY
  5
D8
102
{ACAD_REACTORS
330
D7
102
}
330
D7
100
AcDbDictionary
280
     1
  3
TEXT
360
D9
  0
XRECORD
  5
376
102
{ACAD_REACTORS
330
D7
102
}
330
D7
100
AcDbXrecord
 40
69606.0
  1
{\pxqr,t3.375;\H0.08;----}
  0
DICTIONARY
  5
DD
102
{ACAD_REACTORS
330
DC
102
}
330
DC
100
AcDbDictionary
280
     1
  3
TEXT
360
DE
  0
XRECORD
  5
377
102
{ACAD_REACTORS
330
DC
102
}
330
DC
100
AcDbXrecord
 40
64410.0
  1
{\pxqc,t3;----}
  0
DICTIONARY
  5
E2
102
{ACAD_REACTORS
330
E1
102
}
330
E1
100
AcDbDictionary
280
     1
  3
TEXT
360
E3
  0
XRECORD
  5
378
102
{ACAD_REACTORS
330
E1
102
}
330
E1
100
AcDbXrecord
 40
180127.0
  1
{\pxqc,t3;\fNoto Sans|b1|i0|c0|p0;A}
  0
XRECORD
  5
37A
102
{ACAD_REACTORS
330
379
102
}
330
379
100
AcDbXrecord
 40
515101.0
  1
{\pxqc,t3.6;\H0.05;DIMENSIONS & TOLERANCES   PER: ANSI Y14.5-2018}
  0
DICTIONARY
  5
E8
102
{ACAD_REACTORS
330
E7
102
}
330
E7
100
AcDbDictionary
280
     1
  3
TEXT
360
E9
  0
XRECORD
  5
37B
102
{ACAD_REACTORS
330
E7
102
}
330
E7
100
AcDbXrecord
 40
69606.0
  1
{\pxqr,t3.375;\H0.08;----}
  0
XRECORD
  5
37D
102
{ACAD_REACTORS
330
37C
102
}
330
37C
100
AcDbXrecord
 40
361714.0
  1
{\pxqc,t3.6;\H0.05;THIRD ANGLE PROJECTION}
  0
DICTIONARY
  5
EE
102
{ACAD_REACTORS
330
ED
102
}
330
ED
100
AcDbDictionary
280
     1
  3
TEXT
360
EF
  0
XRECORD
  5
37E
102
{ACAD_REACTORS
330
ED
102
}
330
ED
100
AcDbXrecord
 40
57316.0
  1
{\pxqr,t3;-}
  0
DICTIONARY
  5
F3
102
{ACAD_REACTORS
330
F2
102
}
330
F2
100
AcDbDictionary
280
     1
  3
TEXT
360
F4
  0
XRECORD
  5
37F
102
{ACAD_REACTORS
330
F2
102
}
330
F2
100
AcDbXrecord
 40
90119.0
  1
{\pxqr,t3;IN PROGRESS}
  0
DICTIONARY
  5
F8
102
{ACAD_REACTORS
330
F7
102
}
330
F7
100
AcDbDictionary
280
     1
  3
TEXT
360
F9
  0
XRECORD
  5
380
102
{ACAD_REACTORS
330
F7
102
}
330
F7
100
AcDbXrecord
 40
3057.0
  1
{\pxql,t3.375;\H0.08;SCALE: {1:3}}
  0
XRECORD
  5
382
102
{ACAD_REACTORS
330
381
102
}
330
381
100
AcDbXrecord
 40
4531.0
  1
{\pxql;UNITS: INCH}
  0
DICTIONARY
  5
FE
102
{ACAD_REACTORS
330
FD
102
}
330
FD
100
AcDbDictionary
280
     1
  3
TEXT
360
FF
  0
XRECORD
  5
383
102
{ACAD_REACTORS
330
FD
102
}
330
FD
100
AcDbXrecord
 40
4272.0
  1
{\pxql,t3.375;\H0.08;SHEET {1}{ OF }{1}}
  0
XRECORD
  5
385
102
{ACAD_REACTORS
330
384
102
}
330
384
100
AcDbXrecord
 40
186475.0
  1
{\pxqr,t3;\fNoto Sans|b1|i0|c0|p0;   }
  0
XRECORD
  5
387
102
{ACAD_REACTORS
330
386
102
}
330
386
100
AcDbXrecord
 40
512946.0
  1
{\pxqc;\fNoto Sans|b1|i0|c0|p0;Boston University - College of Engineering}
  0
XRECORD
  5
389
102
{ACAD_REACTORS
330
388
102
}
330
388
100
AcDbXrecord
 40
469565.0
  1
{\pxqc,t3;44 Cummington Mall Boston, MA 02215}
  0
XRECORD
  5
38B
102
{ACAD_REACTORS
330
38A
102
}
330
38A
100
AcDbXrecord
 40
76301.0
  1
{\pxqc,t3;bu.edu}
  0
XRECORD
  5
38D
102
{ACAD_REACTORS
330
38C
102
}
330
38C
100
AcDbXrecord
 40
218579.0
  1
{\pxqc;\fNoto Sans|b1|i0|c0|p0;\H0.1;REVISION}
  0
XRECORD
  5
38F
102
{ACAD_REACTORS
330
38E
102
}
330
38E
100
AcDbXrecord
 40
239317.0
  1
{\pxqc;\fNoto Sans|b1|i0|c0|p0;\H0.1;DESCRIPTION}
  0
XRECORD
  5
391
102
{ACAD_REACTORS
330
390
102
}
330
390
100
AcDbXrecord
 40
194930.0
  1
{\pxqc;\fNoto Sans|b1|i0|c0|p0;\H0.1;DATE}
  0
XRECORD
  5
393
102
{ACAD_REACTORS
330
392
102
}
330
392
100
AcDbXrecord
 40
223180.0
  1
{\pxqc;\fNoto Sans|b1|i0|c0|p0;\H0.1;APPROVER}
  0
XRECORD
  5
395
102
{ACAD_REACTORS
330
394
102
}
330
394
100
AcDbXrecord
 40
0.0
  1
{\pxqc;\H0.1;}
  0
XRECORD
  5
397
102
{ACAD_REACTORS
330
396
102
}
330
396
100
AcDbXrecord
 40
586057.0
  1
{\pxqc,t3.6;DIMENSIONS ARE IN INCHES TOLERANCES EXCEPT AS NOTED}
  0
XRECORD
  5
399
102
{ACAD_REACTORS
330
398
102
}
330
398
100
AcDbXrecord
 40
63151.0
  1
{\pxqr,t3.375;\H0.08;----}
  0
XRECORD
  5
39B
102
{ACAD_REACTORS
330
39A
102
}
330
39A
100
AcDbXrecord
 40
63151.0
  1
{\pxqr;----}
  0
XRECORD
  5
39D
102
{ACAD_REACTORS
330
39C
102
}
330
39C
100
AcDbXrecord
 40
74107.0
  1
{\pxqc,t3;PART 1}
  0
XRECORD
  5
39F
102
{ACAD_REACTORS
330
39E
102
}
330
39E
100
AcDbXrecord
 40
59439.0
  1
{\pxqr,t3.375;\H0.08;.X}
  0
XRECORD
  5
3A1
102
{ACAD_REACTORS
330
3A0
102
}
330
3A0
100
AcDbXrecord
 40
361.0
  1
{\pxql,t3.375;±.03}
  0
XRECORD
  5
3A3
102
{ACAD_REACTORS
330
3A2
102
}
330
3A2
100
AcDbXrecord
 40
81821.0
  1
{\pxqr,t3.375;\H0.08;09/09/2026}
  0
XRECORD
  5
3A5
102
{ACAD_REACTORS
330
3A4
102
}
330
3A4
100
AcDbXrecord
 40
63230.0
  1
{\pxqr,t3.375;\H0.08;.XX}
  0
XRECORD
  5
3A7
102
{ACAD_REACTORS
330
3A6
102
}
330
3A6
100
AcDbXrecord
 40
618.0
  1
{\pxql,t3.375;±.015}
  0
XRECORD
  5
3A9
102
{ACAD_REACTORS
330
3A8
102
}
330
3A8
100
AcDbXrecord
 40
96877.0
  1
{\pxqr,t3.375;\H0.08;MARISSA ZHAI}
  0
XRECORD
  5
3AB
102
{ACAD_REACTORS
330
3AA
102
}
330
3AA
100
AcDbXrecord
 40
65994.0
  1
{\pxqc,t3;----}
  0
XRECORD
  5
3AD
102
{ACAD_REACTORS
330
3AC
102
}
330
3AC
100
AcDbXrecord
 40
65532.0
  1
{\pxqr,t3.375;\H0.08;.XXX}
  0
XRECORD
  5
3AF
102
{ACAD_REACTORS
330
3AE
102
}
330
3AE
100
AcDbXrecord
 40
614.0
  1
{\pxql,t3.375;±.005}
  0
XRECORD
  5
3B1
102
{ACAD_REACTORS
330
3B0
102
}
330
3B0
100
AcDbXrecord
 40
69606.0
  1
{\pxqr,t3;----}
  0
XRECORD
  5
3B3
102
{ACAD_REACTORS
330
3B2
102
}
330
3B2
100
AcDbXrecord
 40
66929.0
  1
{\pxqr,t3.375;\H0.08;ANGLE}
  0
XRECORD
  5
3B5
102
{ACAD_REACTORS
330
3B4
102
}
330
3B4
100
AcDbXrecord
 40
-221.0
  1
{\pxql,t3.375;\H0.08;±1°}
  0
XRECORD
  5
3B7
102
{ACAD_REACTORS
330
3B6
102
}
330
3B6
100
AcDbXrecord
 40
69606.0
  1
{\pxqr,t3.375;\H0.08;----}
  0
XRECORD
  5
3B9
102
{ACAD_REACTORS
330
3B8
102
}
330
3B8
100
AcDbXrecord
 40
64410.0
  1
{\pxqc,t3;----}
  0
XRECORD
  5
3BB
102
{ACAD_REACTORS
330
3BA
102
}
330
3BA
100
AcDbXrecord
 40
180127.0
  1
{\pxqc,t3;\fNoto Sans|b1|i0|c0|p0;A}
  0
XRECORD
  5
3BD
102
{ACAD_REACTORS
330
3BC
102
}
330
3BC
100
AcDbXrecord
 40
515101.0
  1
{\pxqc,t3.6;\H0.05;DIMENSIONS & TOLERANCES   PER: ANSI Y14.5-2018}
  0
XRECORD
  5
3BF
102
{ACAD_REACTORS
330
3BE
102
}
330
3BE
100
AcDbXrecord
 40
69606.0
  1
{\pxqr,t3.375;\H0.08;----}
  0
XRECORD
  5
3C1
102
{ACAD_REACTORS
330
3C0
102
}
330
3C0
100
AcDbXrecord
 40
361714.0
  1
{\pxqc,t3.6;\H0.05;THIRD ANGLE PROJECTION}
  0
XRECORD
  5
3C3
102
{ACAD_REACTORS
330
3C2
102
}
330
3C2
100
AcDbXrecord
 40
57316.0
  1
{\pxqr,t3;-}
  0
XRECORD
  5
3C5
102
{ACAD_REACTORS
330
3C4
102
}
330
3C4
100
AcDbXrecord
 40
90119.0
  1
{\pxqr,t3;IN PROGRESS}
  0
XRECORD
  5
3C7
102
{ACAD_REACTORS
330
3C6
102
}
330
3C6
100
AcDbXrecord
 40
3057.0
  1
{\pxql,t3.375;\H0.08;SCALE: {1:3}}
  0
XRECORD
  5
3C9
102
{ACAD_REACTORS
330
3C8
102
}
330
3C8
100
AcDbXrecord
 40
4531.0
  1
{\pxql;UNITS: INCH}
  0
XRECORD
  5
3CB
102
{ACAD_REACTORS
330
3CA
102
}
330
3CA
100
AcDbXrecord
 40
4272.0
  1
{\pxql,t3.375;\H0.08;SHEET {1}{ OF }{1}}
  0
XRECORD
  5
3CD
102
{ACAD_REACTORS
330
3CC
102
}
330
3CC
100
AcDbXrecord
 40
186475.0
  1
{\pxqr,t3;\fNoto Sans|b1|i0|c0|p0;   }
  0
XRECORD
  5
3CF
102
{ACAD_REACTORS
330
3CE
102
}
330
3CE
100
AcDbXrecord
 40
512946.0
  1
{\pxqc;\fNoto Sans|b1|i0|c0|p0;Boston University - College of Engineering}
  0
XRECORD
  5
3D1
102
{ACAD_REACTORS
330
3D0
102
}
330
3D0
100
AcDbXrecord
 40
469565.0
  1
{\pxqc,t3;44 Cummington Mall Boston, MA 02215}
  0
XRECORD
  5
3D3
102
{ACAD_REACTORS
330
3D2
102
}
330
3D2
100
AcDbXrecord
 40
76301.0
  1
{\pxqc,t3;bu.edu}
  0
XRECORD
  5
3D5
102
{ACAD_REACTORS
330
3D4
102
}
330
3D4
100
AcDbXrecord
 40
218579.0
  1
{\pxqc;\fNoto Sans|b1|i0|c0|p0;\H0.1;REVISION}
  0
XRECORD
  5
3D7
102
{ACAD_REACTORS
330
3D6
102
}
330
3D6
100
AcDbXrecord
 40
239317.0
  1
{\pxqc;\fNoto Sans|b1|i0|c0|p0;\H0.1;DESCRIPTION}
  0
XRECORD
  5
3D9
102
{ACAD_REACTORS
330
3D8
102
}
330
3D8
100
AcDbXrecord
 40
194930.0
  1
{\pxqc;\fNoto Sans|b1|i0|c0|p0;\H0.1;DATE}
  0
XRECORD
  5
3DB
102
{ACAD_REACTORS
330
3DA
102
}
330
3DA
100
AcDbXrecord
 40
223180.0
  1
{\pxqc;\fNoto Sans|b1|i0|c0|p0;\H0.1;APPROVER}
  0
XRECORD
  5
3DD
102
{ACAD_REACTORS
330
3DC
102
}
330
3DC
100
AcDbXrecord
 40
0.0
  1
{\pxqc;\H0.1;}
  0
XRECORD
  5
344
102
{ACAD_REACTORS
330
343
102
}
330
343
100
AcDbXrecord
 40
1637.0
  1
{\pxql,t3;COURSE}
  0
XRECORD
  5
346
102
{ACAD_REACTORS
330
345
102
}
330
345
100
AcDbXrecord
 40
2143.0
  1
{\pxql,t3;SECTION}
  0
XRECORD
  5
348
102
{ACAD_REACTORS
330
347
102
}
330
347
100
AcDbXrecord
 40
726.0
  1
{\pxql,t3;DATE}
  0
XRECORD
  5
34A
102
{ACAD_REACTORS
330
349
102
}
330
349
100
AcDbXrecord
 40
715.0
  1
{\pxql,t3;NAME}
  0
XRECORD
  5
34C
102
{ACAD_REACTORS
330
34B
102
}
330
34B
100
AcDbXrecord
 40
2112.0
  1
{\pxql,t3;PROJECT}
  0
XRECORD
  5
34E
102
{ACAD_REACTORS
330
34D
102
}
330
34D
100
AcDbXrecord
 40
2646.0
  1
{\pxql,t3;MATERIAL}
  0
XRECORD
  5
350
102
{ACAD_REACTORS
330
34F
102
}
330
34F
100
AcDbXrecord
 40
3112.0
  1
{\pxql,t3;PART NAME}
  0
XRECORD
  5
352
102
{ACAD_REACTORS
330
351
102
}
330
351
100
AcDbXrecord
 40
10240.0
  1
{\pxql,t3;PART DESCRIPTION}
  0
XRECORD
  5
354
102
{ACAD_REACTORS
330
353
102
}
330
353
100
AcDbXrecord
 40
4817.0
  1
{\pxql,t3,14;PART NUMBER}
  0
XRECORD
  5
356
102
{ACAD_REACTORS
330
355
102
}
330
355
100
AcDbXrecord
 40
10145.0
  1
{\pxql;DRAWING REVISION}
  0
XRECORD
  5
358
102
{ACAD_REACTORS
330
357
102
}
330
357
100
AcDbXrecord
 40
8153.0
  1
{\pxql,t3;DRAWING\PSTATE}
  0
XRECORD
  5
35A
102
{ACAD_REACTORS
330
359
102
}
330
359
100
AcDbXrecord
 40
775.0
  1
{\pxql,t3;SIZE}
  0
XRECORD
  5
35C
102
{ACAD_REACTORS
330
35B
102
}
330
35B
100
AcDbXrecord
 40
11714.0
  1
{\pxql;ESTIMATED\PWEIGHT}
  0
XRECORD
  5
1E1
102
{ACAD_REACTORS
330
1E0
102
}
330
1E0
100
AcDbXrecord
330
0
  0
XRECORD
  5
205
102
{ACAD_REACTORS
330
204
102
}
330
204
100
AcDbXrecord
330
0
  0
XRECORD
  5
20C
102
{ACAD_REACTORS
330
20B
102
}
330
20B
100
AcDbXrecord
330
0
  0
XRECORD
  5
20F
102
{ACAD_REACTORS
330
20E
102
}
330
20E
100
AcDbXrecord
330
0
  0
BREAKDATA
  5
21F
102
{ACAD_REACTORS
330
21B
102
}
330
21B
100
AcDbBreakData
 70
     0
330
21A
 90
        0
  0
XRECORD
  5
21C
102
{ACAD_REACTORS
330
21B
102
}
330
21B
100
AcDbXrecord
 90
        1
 90
        0
  0
BREAKDATA
  5
23D
102
{ACAD_REACTORS
330
239
102
}
330
239
100
AcDbBreakData
 70
     0
330
238
 90
        0
  0
XRECORD
  5
23A
102
{ACAD_REACTORS
330
239
102
}
330
239
100
AcDbXrecord
 90
        1
 90
        0
  0
BREAKDATA
  5
259
102
{ACAD_REACTORS
330
256
102
}
330
256
100
AcDbBreakData
 70
     0
330
255
 90
        1
100
AcDbBreakPointRef
 71
     0
 72
     0
 91
       -1
 10
0.0
 20
0.0
 30
0.0
 11
0.0
 21
0.0
 31
0.0
331
238
 73
     5
 92
        0
  0
XRECORD
  5
257
102
{ACAD_REACTORS
330
256
102
}
330
256
100
AcDbXrecord
 90
        1
 90
        0
  0
BREAKDATA
  5
274
102
{ACAD_REACTORS
330
271
102
}
330
271
100
AcDbBreakData
 70
     0
330
270
 90
        2
100
AcDbBreakPointRef
 71
     0
 72
     0
 91
       -1
 10
0.0
 20
0.0
 30
0.0
 11
0.0
 21
0.0
 31
0.0
331
238
 73
     5
 92
        0
100
AcDbBreakPointRef
 71
     0
 72
     0
 91
       -1
 10
0.0
 20
0.0
 30
0.0
 11
0.0
 21
0.0
 31
0.0
331
255
 73
     5
 92
        0
  0
XRECORD
  5
272
102
{ACAD_REACTORS
330
271
102
}
330
271
100
AcDbXrecord
 90
        1
 90
        0
  0
XRECORD
  5
276
102
{ACAD_REACTORS
330
271
102
}
330
271
100
AcDbXrecord
 90
        1
300

  0
ACAD_PROXY_OBJECT
  5
275
102
{ACAD_REACTORS
330
271
102
}
330
271
100
AcDbProxyObject
 90
      499
 91
      513
 93
      370
310
4B5680008000000B004200078C881E080B8C4DCDCB004000078B004000078B0040C007894958CB0040000788804000
  0
BREAKDATA
  5
292
102
{ACAD_REACTORS
330
28E
102
}
330
28E
100
AcDbBreakData
 70
     0
330
28D
 90
        0
  0
XRECORD
  5
28F
102
{ACAD_REACTORS
330
28E
102
}
330
28E
100
AcDbXrecord
 90
        1
 90
        0
  0
MATERIAL
  5
45
102
{ACAD_REACTORS
330
43
102
}
102
{ACAD_XDICTIONARY
360
3E4
102
}
330
43
100
AcDbMaterial
  1
BYBLOCK
  0
MATERIAL
  5
44
102
{ACAD_REACTORS
330
43
102
}
102
{ACAD_XDICTIONARY
360
3E2
102
}
330
43
100
AcDbMaterial
  1
BYLAYER
  0
MATERIAL
  5
46
102
{ACAD_REACTORS
330
43
102
}
102
{ACAD_XDICTIONARY
360
3E6
102
}
330
43
100
AcDbMaterial
  1
GLOBAL
  0
ACAD_PROXY_OBJECT
  5
6C
102
{ACAD_REACTORS
330
6B
102
}
330
6B
100
AcDbProxyObject
 90
      499
 91
      505
 93
      610
310
40901902A4063FBFFFFFE056BD1B81E855B9FC0AD7A3703D0AD73F4214DD185B99185C9900AD7A3703D0AC73F90140501A02B5E8DC0F42B1CFC02B5E8DC0F42B1CFE5764000000000000300FC0
340
14
340
0
340
11
340
0
 94
        0
1001
ACAD_MLEADERVER
1070
     2
  0
MLINESTYLE
  5
18
102
{ACAD_REACTORS
330
17
102
}
330
17
100
AcDbMlineStyle
  2
Standard
 70
     0
  3

 62
   256
 51
90.0
 52
90.0
 71
     2
 49
0.5
 62
   256
  6
BYLAYER
 49
-0.5
 62
   256
  6
BYLAYER
  0
ACAD_PROXY_OBJECT
  5
48
102
{ACAD_REACTORS
330
47
102
}
330
47
100
AcDbProxyObject
 90
      499
 91
      503
 93
       41
310
903313A31580
  0
ACAD_PROXY_OBJECT
  5
49
102
{ACAD_REACTORS
330
47
102
}
330
47
100
AcDbProxyObject
 90
      499
 91
      503
 93
      105
310
903313A324000000000000004000
  0
ACAD_PROXY_OBJECT
  5
4A
102
{ACAD_REACTORS
330
47
102
}
330
47
100
AcDbProxyObject
 90
      499
 91
      503
 93
      105
310
903313A344000000000000104000
  0
ACAD_PROXY_OBJECT
  5
4B
102
{ACAD_REACTORS
330
47
102
}
330
47
100
AcDbProxyObject
 90
      499
 91
      503
 93
      105
310
903313A354000000000000144000
  0
ACAD_PROXY_OBJECT
  5
4C
102
{ACAD_REACTORS
330
47
102
}
330
47
100
AcDbProxyObject
 90
      499
 91
      503
 93
      105
310
903313A384000000000000204000
  0
ACAD_PROXY_OBJECT
  5
4D
102
{ACAD_REACTORS
330
47
102
}
330
47
100
AcDbProxyObject
 90
      499
 91
      503
 93
      113
310
904313A31304000000000000244000
  0
ACAD_PROXY_OBJECT
  5
4E
102
{ACAD_REACTORS
330
47
102
}
330
47
100
AcDbProxyObject
 90
      499
 91
      503
 93
      113
310
904313A31364000000000000304000
  0
ACAD_PROXY_OBJECT
  5
4F
102
{ACAD_REACTORS
330
47
102
}
330
47
100
AcDbProxyObject
 90
      499
 91
      503
 93
      113
310
904313A32304000000000000344000
  0
ACAD_PROXY_OBJECT
  5
50
102
{ACAD_REACTORS
330
47
102
}
330
47
100
AcDbProxyObject
 90
      499
 91
      503
 93
      113
310
904313A333040000000000003E4000
  0
ACAD_PROXY_OBJECT
  5
51
102
{ACAD_REACTORS
330
47
102
}
330
47
100
AcDbProxyObject
 90
      499
 91
      503
 93
      113
310
904313A34304000000000000444000
  0
ACAD_PROXY_OBJECT
  5
52
102
{ACAD_REACTORS
330
47
102
}
330
47
100
AcDbProxyObject
 90
      499
 91
      503
 93
      113
310
904313A35304000000000000494000
  0
ACAD_PROXY_OBJECT
  5
53
102
{ACAD_REACTORS
330
47
102
}
330
47
100
AcDbProxyObject
 90
      499
 91
      503
 93
      121
310
905313A3130304000000000000594000
  0
ACAD_PROXY_OBJECT
  5
54
102
{ACAD_REACTORS
330
47
102
}
330
47
100
AcDbProxyObject
 90
      499
 91
      503
 93
      105
310
903323A310000000000000010100
  0
ACAD_PROXY_OBJECT
  5
55
102
{ACAD_REACTORS
330
47
102
}
330
47
100
AcDbProxyObject
 90
      499
 91
      503
 93
      105
310
903343A310000000000000410100
  0
ACAD_PROXY_OBJECT
  5
56
102
{ACAD_REACTORS
330
47
102
}
330
47
100
AcDbProxyObject
 90
      499
 91
      503
 93
      105
310
903383A310000000000000810100
  0
ACAD_PROXY_OBJECT
  5
57
102
{ACAD_REACTORS
330
47
102
}
330
47
100
AcDbProxyObject
 90
      499
 91
      503
 93
      113
310
90431303A310000000000000910100
  0
ACAD_PROXY_OBJECT
  5
58
102
{ACAD_REACTORS
330
47
102
}
330
47
100
AcDbProxyObject
 90
      499
 91
      503
 93
      121
310
9053130303A310000000000001650100
  0
ACAD_PROXY_OBJECT
  5
59
102
{ACAD_REACTORS
330
47
102
}
330
47
100
AcDbProxyObject
 90
      499
 91
      503
 93
      257
310
90E312F31323822203D2031272D3022000000000000200FC000000000000284000
  0
ACAD_PROXY_OBJECT
  5
5A
102
{ACAD_REACTORS
330
47
102
}
330
47
100
AcDbProxyObject
 90
      499
 91
      503
 93
      249
310
90D312F363422203D2031272D3022000000000000240FC000000000000284000
  0
ACAD_PROXY_OBJECT
  5
5B
102
{ACAD_REACTORS
330
47
102
}
330
47
100
AcDbProxyObject
 90
      499
 91
      503
 93
      249
310
90D312F333222203D2031272D3022000000000000280FC000000000000284000
  0
ACAD_PROXY_OBJECT
  5
5C
102
{ACAD_REACTORS
330
47
102
}
330
47
100
AcDbProxyObject
 90
      499
 91
      503
 93
      249
310
90D312F313622203D2031272D30220000000000002C0FC000000000000284000
  0
ACAD_PROXY_OBJECT
  5
5D
102
{ACAD_REACTORS
330
47
102
}
330
47
100
AcDbProxyObject
 90
      499
 91
      503
 93
      249
310
90D332F333222203D2031272D30220000000000002E0FC000000000000284000
  0
ACAD_PROXY_OBJECT
  5
5E
102
{ACAD_REACTORS
330
47
102
}
330
47
100
AcDbProxyObject
 90
      499
 91
      503
 93
      241
310
90C312F3822203D2031272D3022000000000000300FC000000000000284000
  0
ACAD_PROXY_OBJECT
  5
5F
102
{ACAD_REACTORS
330
47
102
}
330
47
100
AcDbProxyObject
 90
      499
 91
      503
 93
      249
310
90D332F313622203D2031272D3022000000000000320FC000000000000284000
  0
ACAD_PROXY_OBJECT
  5
60
102
{ACAD_REACTORS
330
47
102
}
330
47
100
AcDbProxyObject
 90
      499
 91
      503
 93
      241
310
90C312F3422203D2031272D3022000000000000340FC000000000000284000
  0
ACAD_PROXY_OBJECT
  5
61
102
{ACAD_REACTORS
330
47
102
}
330
47
100
AcDbProxyObject
 90
      499
 91
      503
 93
      241
310
90C332F3822203D2031272D3022000000000000360FC000000000000284000
  0
ACAD_PROXY_OBJECT
  5
62
102
{ACAD_REACTORS
330
47
102
}
330
47
100
AcDbProxyObject
 90
      499
 91
      503
 93
      241
310
90C312F3222203D2031272D3022000000000000380FC000000000000284000
  0
ACAD_PROXY_OBJECT
  5
63
102
{ACAD_REACTORS
330
47
102
}
330
47
100
AcDbProxyObject
 90
      499
 91
      503
 93
      241
310
90C332F3422203D2031272D30220000000000003A0FC000000000000284000
  0
ACAD_PROXY_OBJECT
  5
64
102
{ACAD_REACTORS
330
47
102
}
330
47
100
AcDbProxyObject
 90
      499
 91
      503
 93
      161
310
90A3122203D2031272D30224000000000000284000
  0
ACAD_PROXY_OBJECT
  5
65
102
{ACAD_REACTORS
330
47
102
}
330
47
100
AcDbProxyObject
 90
      499
 91
      503
 93
      257
310
90E312D312F3222203D2031272D30220000000000003E0FC000000000000284000
  0
ACAD_PROXY_OBJECT
  5
66
102
{ACAD_REACTORS
330
47
102
}
330
47
100
AcDbProxyObject
 90
      499
 91
      503
 93
      225
310
90A3322203D2031272D302200000000000002100000000000000284000
  0
ACAD_PROXY_OBJECT
  5
67
102
{ACAD_REACTORS
330
47
102
}
330
47
100
AcDbProxyObject
 90
      499
 91
      503
 93
      225
310
90A3622203D2031272D302200000000000006100000000000000284000
  0
ACAD_PROXY_OBJECT
  5
68
102
{ACAD_REACTORS
330
47
102
}
330
47
100
AcDbProxyObject
 90
      499
 91
      503
 93
      249
310
90D31272D3022203D2031272D30220000000000000A100000000000000284000
  0
ACAD_PROXY_OBJECT
  5
2F
102
{ACAD_REACTORS
330
2A
102
}
330
2A
100
AcDbProxyObject
 90
      499
 91
      501
 93
      436
310
42CC9915DA5C99599C985B595049028333333333333E33F0000000000000F90107901411070040501600405405064090741402480A0340
1001
ACAD
1000
AcDbSavedByObjectVersion
1070
     0
  0
ACAD_PROXY_OBJECT
  5
32
102
{ACAD_REACTORS
330
2A
102
}
330
2A
100
AcDbProxyObject
 90
      499
 91
      501
 93
      388
310
4150985CDA58D07406404333333333333E33F0000000000000F90107A41107004050150841D405064090741402480A0350
1001
ACAD
1000
AcDbSavedByObjectVersion
1070
     0
  0
ACAD_PROXY_OBJECT
  5
36
102
{ACAD_REACTORS
330
2A
102
}
330
2A
100
AcDbProxyObject
 90
      499
 91
      501
 93
      428
310
42109C9A59DA1D195B90C409028333333333333E33F0000000000000F9010790141107004050150841D405064090741402480A029950
1001
ACAD
1000
AcDbSavedByObjectVersion
1070
     0
  0
ACAD_PROXY_OBJECT
  5
3A
102
{ACAD_REACTORS
330
2A
102
}
330
2A
100
AcDbProxyObject
 90
      499
 91
      501
 93
      452
310
42D0DBDB1BDC90DA185B99D95104090240C333333333333E33F0000000000000F90108901411070040501508421405064090741402480A0350
1001
ACAD
1000
AcDbSavedByObjectVersion
1070
     0
  0
ACAD_PROXY_OBJECT
  5
34
102
{ACAD_REACTORS
330
2A
102
}
330
2A
100
AcDbProxyObject
 90
      499
 91
      501
 93
      500
310
4290DBDB98D95C1D1D585B10940D028333333333333E33F0000000000000F90107902409070040501000000000018199010841D405064090740C02480A0340
1001
ACAD
1000
AcDbSavedByObjectVersion
1070
     0
  0
ACAD_PROXY_OBJECT
  5
35
102
{ACAD_REACTORS
330
2A
102
}
330
2A
100
AcDbProxyObject
 90
      499
 91
      501
 93
      412
310
40D11A5B50B409028333333333333E33F0000000000000F9010790141107004050150841D405064090741402480A02677FFFFFD0
1001
ACAD
1000
AcDbSavedByObjectVersion
1070
     0
  0
ACAD_PROXY_OBJECT
  5
3D
102
{ACAD_REACTORS
330
2A
102
}
330
2A
100
AcDbProxyObject
 90
      499
 91
      501
 93
      452
310
43115919D950DBDB1BDC93D999916409028333333333333E33F0000000000000F9010790141107004050150841D405064090741402480A0350
1001
ACAD
1000
AcDbSavedByObjectVersion
1070
     0
  0
ACAD_PROXY_OBJECT
  5
39
102
{ACAD_REACTORS
330
2A
102
}
330
2A
100
AcDbProxyObject
 90
      499
 91
      501
 93
      444
310
42D19858D95C185D1D195C9B90F409028333333333333E33F0000000000000F9010790141107004050150841D405064090741402480A0350
1001
ACAD
1000
AcDbSavedByObjectVersion
1070
     0
  0
ACAD_PROXY_OBJECT
  5
2B
102
{ACAD_REACTORS
330
2A
102
}
330
2A
100
AcDbProxyObject
 90
      499
 91
      501
 93
      380
310
41119B185D240901404333333333333E33F0000000000000F9010740A907004050150841D405064090741402480A1B50
1001
ACAD
1000
AcDbSavedByObjectVersion
1070
     0
  0
ACAD_PROXY_OBJECT
  5
2C
102
{ACAD_REACTORS
330
2A
102
}
330
2A
100
AcDbProxyObject
 90
      499
 91
      501
 93
      468
310
43519B185D15DA5D1A115919D95CD0140901404333333333333E33F0000000000000F90107409019070040501600405405064090741402480A1B50
1001
ACAD
1000
AcDbSavedByObjectVersion
1070
     0
  0
ACAD_PROXY_OBJECT
  5
2D
102
{ACAD_REACTORS
330
2A
102
}
330
2A
100
AcDbProxyObject
 90
      499
 91
      501
 93
      404
310
41D1DBDD5C985D5910240902404333333333333E33F0000000000000F9010740A9070040501641D405064090741402480A1B50
1001
ACAD
1000
AcDbSavedByObjectVersion
1070
     0
  0
ACAD_PROXY_OBJECT
  5
2E
102
{ACAD_REACTORS
330
2A
102
}
330
2A
100
AcDbProxyObject
 90
      499
 91
      501
 93
      492
310
4411DBDD5C985D5915DA5D1A115919D95CD0340902404333333333333E33F0000000000000F90107409019070040501600405405064090741402480A1B50
1001
ACAD
1000
AcDbSavedByObjectVersion
1070
     0
  0
ACAD_PROXY_OBJECT
  5
31
102
{ACAD_REACTORS
330
2A
102
}
330
2A
100
AcDbProxyObject
 90
      499
 91
      501
 93
      476
310
41921A5919195B90640502408333333333333E33F0000000000000F901079024090700405020000000000001110200405405064090740C02480A0340
1001
ACAD
1000
AcDbSavedByObjectVersion
1070
     0
  0
ACAD_PROXY_OBJECT
  5
3B
102
{ACAD_REACTORS
330
2A
102
}
330
2A
100
AcDbProxyObject
 90
      499
 91
      501
 93
      428
310
42529A5D1D195C93D999914409028333333333333E33F0000000000000F9010790141107004050150A41D405064090741402480A0350
1001
ACAD
1000
AcDbSavedByObjectVersion
1070
     0
  0
ACAD_PROXY_OBJECT
  5
38
102
{ACAD_REACTORS
330
2A
102
}
330
2A
100
AcDbProxyObject
 90
      499
 91
      501
 93
      444
310
42D31A5B995C185D1D195C9B90E409028333333333333E33F0000000000000F9010790141107004050750841D405064090741402483A0350
1001
ACAD
1000
AcDbSavedByObjectVersion
1070
     0
  0
ACAD_PROXY_OBJECT
  5
3C
102
{ACAD_REACTORS
330
2A
102
}
330
2A
100
AcDbProxyObject
 90
      499
 91
      501
 93
      444
310
42D3DD995C9A185B99D3D999915409028333333333333E33F0000000000000F9010790141107004050150941D405064090741402480A0350
1001
ACAD
1000
AcDbSavedByObjectVersion
1070
     0
  0
ACAD_PROXY_OBJECT
  5
33
102
{ACAD_REACTORS
330
2A
102
}
330
2A
100
AcDbProxyObject
 90
      499
 91
      501
 93
      428
310
425499585B1A5CDD1A58D08409038333333333333E33F0000000000000F9010740A907004050150800405405064090740C02480A1B40
1001
ACAD
1000
AcDbSavedByObjectVersion
1070
     0
  0
ACAD_PROXY_OBJECT
  5
42
102
{ACAD_REACTORS
330
2A
102
}
330
2A
100
AcDbProxyObject
 90
      499
 91
      501
 93
      420
310
4194DA1859195911B40902404333333333333E33F0000000000000F9010740A41107004050150800405405064090840C02480A0B40
1001
ACAD
1000
AcDbSavedByObjectVersion
1070
     0
  0
ACAD_PROXY_OBJECT
  5
41
102
{ACAD_REACTORS
330
2A
102
}
330
2A
100
AcDbProxyObject
 90
      499
 91
      501
 93
      516
310
4454DA18591959081DDA5D1A08195919D95CD1A40902404333333333333E33F0000000000000F901074090142907004050250800405405064090740C02480A0B40
1001
ACAD
1000
AcDbSavedByObjectVersion
1070
     0
  0
ACAD_PROXY_OBJECT
  5
3E
102
{ACAD_REACTORS
330
2A
102
}
330
2A
100
AcDbProxyObject
 90
      499
 91
      501
 93
      532
310
4394DA1859195CC81BD98811DC985E5174090240C333333333333E33F0000000000000F901079024090741D01000000000000111010841D405064090740C02480A0340
1001
ACAD
1000
AcDbSavedByObjectVersion
1070
     0
  0
ACAD_PROXY_OBJECT
  5
3F
102
{ACAD_REACTORS
330
2A
102
}
330
2A
100
AcDbProxyObject
 90
      499
 91
      501
 93
      476
310
41D4DAD95D18DA1E51840502408333333333333E33F0000000000000F901079024090741D01000000000000111010B41D405064090741802480A0340
1001
ACAD
1000
AcDbSavedByObjectVersion
1070
     0
  0
ACAD_PROXY_OBJECT
  5
37
102
{ACAD_REACTORS
330
2A
102
}
330
2A
100
AcDbProxyObject
 90
      499
 91
      501
 93
      412
310
41D51A1A58DAD95B90D409028333333333333E33F0000000000000F9010790141107004050150C41D405064090741402480A0350
1001
ACAD
1000
AcDbSavedByObjectVersion
1070
     0
  0
ACAD_PROXY_OBJECT
  5
30
102
{ACAD_REACTORS
330
2A
102
}
330
2A
100
AcDbProxyObject
 90
      499
 91
      501
 93
      420
310
4255DA5C99599C985B595059028333333333333E33F0000000000000F90107901411070040501600405405064090740C02480A0340
1001
ACAD
1000
AcDbSavedByObjectVersion
1070
     0
  0
ACAD_PROXY_OBJECT
  5
40
102
{ACAD_REACTORS
330
2A
102
}
330
2A
100
AcDbProxyObject
 90
      499
 91
      501
 93
      404
310
41560B54985E51940902404000000000000E03F0000000000000F9010740501907004050150841D405064090740C02480A1B40
1001
ACAD
1000
AcDbSavedByObjectVersion
1070
     0
  0
XRECORD
  5
325
102
{ACAD_REACTORS
330
31B
102
}
330
31B
100
AcDbXrecord
340
0
  0
XRECORD
  5
324
102
{ACAD_REACTORS
330
31B
102
}
330
31B
100
AcDbXrecord
 90
        0
  0
XRECORD
  5
33B
102
{ACAD_REACTORS
330
31B
102
}
330
31B
100
AcDbXrecord
1000
DSTYLE
1002
{
1070
   179
 70
     1
1070
   170
 70
     1
1070
   286
 70
     7
1070
   285
 70
     7
1070
   176
 70
     7
1070
   177
 70
     7
1070
   178
 70
     7
1070
   271
 70
     3
1070
    44
 40
0.08
1070
   144
 40
3.0
1070
   371
 70
    13
1070
   372
 70
    13
1070
   272
 70
     3
1070
   340
340
73
1070
   140
 40
0.12
1070
   284
 70
     7
1070
   288
 70
     1
1070
    78
 70
     7
1070
    90
 70
     1
1002
}
  0
XRECORD
  5
326
102
{ACAD_REACTORS
330
31B
102
}
330
31B
100
AcDbXrecord
  1
{3974b166-76b3-b872-e1e4-b63865f26375}
  0
XRECORD
  5
31E
102
{ACAD_REACTORS
330
31B
102
}
330
31B
100
AcDbXrecord
  1

  0
XRECORD
  5
323
102
{ACAD_REACTORS
330
31B
102
}
330
31B
100
AcDbXrecord
 90
        1
  0
XRECORD
  5
320
102
{ACAD_REACTORS
330
31B
102
}
330
31B
100
AcDbXrecord
340
1A
  0
XRECORD
  5
322
102
{ACAD_REACTORS
330
31B
102
}
330
31B
100
AcDbXrecord
 90
    10269
  0
XRECORD
  5
321
102
{ACAD_REACTORS
330
31B
102
}
330
31B
100
AcDbXrecord
340
19
  0
XRECORD
  5
328
102
{ACAD_REACTORS
330
31B
102
}
330
31B
100
AcDbXrecord
 40
0.0
  0
XRECORD
  5
32B
102
{ACAD_REACTORS
330
31B
102
}
330
31B
100
AcDbXrecord
340
0
  0
XRECORD
  5
331
102
{ACAD_REACTORS
330
31B
102
}
330
31B
100
AcDbXrecord
 10
0.0
 20
0.0
 30
0.0
  0
XRECORD
  5
32D
102
{ACAD_REACTORS
330
31B
102
}
330
31B
100
AcDbXrecord
 10
0.0
 20
0.0
 30
0.0
  0
XRECORD
  5
330
102
{ACAD_REACTORS
330
31B
102
}
330
31B
100
AcDbXrecord
 10
0.0
 20
0.0
 30
0.0
  0
XRECORD
  5
32E
102
{ACAD_REACTORS
330
31B
102
}
330
31B
100
AcDbXrecord
 10
0.0
 20
0.0
 30
0.0
  0
XRECORD
  5
32F
102
{ACAD_REACTORS
330
31B
102
}
330
31B
100
AcDbXrecord
 10
0.0
 20
0.0
 30
0.0
  0
XRECORD
  5
32C
102
{ACAD_REACTORS
330
31B
102
}
330
31B
100
AcDbXrecord
 10
0.0
 20
0.0
 30
0.0
  0
XRECORD
  5
329
102
{ACAD_REACTORS
330
31B
102
}
330
31B
100
AcDbXrecord
340
0
  0
XRECORD
  5
32A
102
{ACAD_REACTORS
330
31B
102
}
330
31B
100
AcDbXrecord
 70
     0
  0
XRECORD
  5
31F
102
{ACAD_REACTORS
330
31B
102
}
330
31B
100
AcDbXrecord
  1

  0
XRECORD
  5
31C
102
{ACAD_REACTORS
330
31B
102
}
330
31B
100
AcDbXrecord
 90
        1
  0
XRECORD
  5
31D
102
{ACAD_REACTORS
330
31B
102
}
330
31B
100
AcDbXrecord
 90
       70
  0
XRECORD
  5
334
102
{ACAD_REACTORS
330
31B
102
}
330
31B
100
AcDbXrecord
340
0
  0
XRECORD
  5
33A
102
{ACAD_REACTORS
330
31B
102
}
330
31B
100
AcDbXrecord
 10
0.0
 20
0.0
 30
0.0
  0
XRECORD
  5
336
102
{ACAD_REACTORS
330
31B
102
}
330
31B
100
AcDbXrecord
 10
0.0
 20
0.0
 30
0.0
  0
XRECORD
  5
339
102
{ACAD_REACTORS
330
31B
102
}
330
31B
100
AcDbXrecord
 10
0.0
 20
0.0
 30
0.0
  0
XRECORD
  5
337
102
{ACAD_REACTORS
330
31B
102
}
330
31B
100
AcDbXrecord
 10
0.0
 20
0.0
 30
0.0
  0
XRECORD
  5
338
102
{ACAD_REACTORS
330
31B
102
}
330
31B
100
AcDbXrecord
 10
0.0
 20
0.0
 30
0.0
  0
XRECORD
  5
335
102
{ACAD_REACTORS
330
31B
102
}
330
31B
100
AcDbXrecord
 10
0.0
 20
0.0
 30
0.0
  0
XRECORD
  5
332
102
{ACAD_REACTORS
330
31B
102
}
330
31B
100
AcDbXrecord
340
0
  0
XRECORD
  5
333
102
{ACAD_REACTORS
330
31B
102
}
330
31B
100
AcDbXrecord
 70
     0
  0
XRECORD
  5
327
102
{ACAD_REACTORS
330
31B
102
}
330
31B
100
AcDbXrecord
  1
{FAEB1C32-E019-11D5-929B-00C0DF256EC4}
  0
DICTIONARYVAR
  5
3E0
102
{ACAD_REACTORS
330
6E
102
}
330
6E
100
DictionaryVariables
280
     0
  1
1:1
  0
DICTIONARYVAR
  5
33D
102
{ACAD_REACTORS
330
6E
102
}
330
6E
100
DictionaryVariables
280
     0
  1
Standard
  0
DICTIONARYVAR
  5
33C
102
{ACAD_REACTORS
330
6E
102
}
330
6E
100
DictionaryVariables
280
     0
  1
Onshape-Standard
  0
DICTIONARYVAR
  5
340
102
{ACAD_REACTORS
330
6E
102
}
330
6E
100
DictionaryVariables
280
     0
  1
2
  0
DICTIONARYVAR
  5
341
102
{ACAD_REACTORS
330
6E
102
}
330
6E
100
DictionaryVariables
280
     0
  1
1
  0
DICTIONARYVAR
  5
3E1
102
{ACAD_REACTORS
330
6E
102
}
330
6E
100
DictionaryVariables
280
     0
  1
1
  0
DICTIONARYVAR
  5
6F
102
{ACAD_REACTORS
330
6E
102
}
330
6E
100
DictionaryVariables
280
     0
  1
0
  0
XRECORD
  5
2AA
102
{ACAD_REACTORS
330
210
102
}
330
210
100
AcDbXrecord
300
ANSI
  0
XRECORD
  5
213
102
{ACAD_REACTORS
330
210
102
}
330
210
100
AcDbXrecord
 70
     1
  0
ACAD_PROXY_OBJECT
  5
2AB
102
{ACAD_REACTORS
330
210
102
}
330
210
100
AcDbProxyObject
 90
      499
 91
      513
 93
       34
310
40C8804000
  0
XRECORD
  5
215
102
{ACAD_REACTORS
330
210
102
}
330
210
100
AcDbXrecord
 90
        0
  0
XRECORD
  5
214
102
{ACAD_REACTORS
330
210
102
}
330
210
100
AcDbXrecord
 90
        4
  0
XRECORD
  5
216
102
{ACAD_REACTORS
330
210
102
}
330
210
100
AcDbXrecord
 90
        0
  0
XRECORD
  5
217
102
{ACAD_REACTORS
330
210
102
}
330
210
100
AcDbXrecord
 90
        0
  0
ACAD_PROXY_OBJECT
  5
2B0
102
{ACAD_REACTORS
330
210
102
}
330
210
100
AcDbProxyObject
 90
      499
 91
      513
 93
       34
310
40C8804040
  0
XRECORD
  5
212
102
{ACAD_REACTORS
330
210
102
}
330
210
100
AcDbXrecord
300
ANSI
  0
XRECORD
  5
211
102
{ACAD_REACTORS
330
210
102
}
330
210
100
AcDbXrecord
 90
        5
  0
XRECORD
  5
218
102
{ACAD_REACTORS
330
210
102
}
330
210
100
AcDbXrecord
 90
        4
  0
XRECORD
  5
219
102
{ACAD_REACTORS
330
210
102
}
330
210
100
AcDbXrecord
 90
        0
  0
ACAD_PROXY_OBJECT
  5
2AF
102
{ACAD_REACTORS
330
210
102
}
330
210
100
AcDbProxyObject
 90
      499
 91
      513
 93
       34
310
40C8804040
  0
ACAD_PROXY_OBJECT
  5
2AE
102
{ACAD_REACTORS
330
210
102
}
330
210
100
AcDbProxyObject
 90
      499
 91
      513
 93
       34
310
40C8804040
  0
XRECORD
  5
2AD
102
{ACAD_REACTORS
330
210
102
}
330
210
100
AcDbXrecord
 90
        1
  0
XRECORD
  5
2AC
102
{ACAD_REACTORS
330
210
102
}
330
210
100
AcDbXrecord
 90
        0
  0
FIELD
  5
AE
102
{ACAD_REACTORS
330
AD
102
}
330
0
100
AcDbField
  1
_text
  2
{\pxqr,t3.375;\H0.08;%<\_FldIdx 0>%}
 90
        1
360
AF
 97
        0
 91
        0
 92
        0
 94
       41
 95
        2
 96
        0
300

 93
        1
  6
ACFD_FIELDTEXT_CHECKSUM
 90
        2
140
22190.0
  7
ACFD_FIELD_VALUE
 90
        4
  1
{\pxqr,t3.375;\H0.08;----}
301
{\pxqr,t3.375;\H0.08;----}
 98
       26
  0
FIELD
  5
B3
102
{ACAD_REACTORS
330
B2
102
}
330
0
100
AcDbField
  1
_text
  2
{\pxqr;%<\_FldIdx 0>%}
 90
        1
360
B4
 97
        0
 91
        0
 92
        0
 94
       41
 95
        2
 96
        0
300

 93
        1
  6
ACFD_FIELDTEXT_CHECKSUM
 90
        2
140
5995.0
  7
ACFD_FIELD_VALUE
 90
        4
  1
{\pxqr;----}
301
{\pxqr;----}
 98
       12
  0
FIELD
  5
B8
102
{ACAD_REACTORS
330
B7
102
}
330
0
100
AcDbField
  1
_text
  2
{\pxqc,t3;%<\_FldIdx 0>%}
 90
        1
360
B9
 97
        0
 91
        0
 92
        0
 94
       41
 95
        2
 96
        0
300

 93
        1
  6
ACFD_FIELDTEXT_CHECKSUM
 90
        2
140
11858.0
  7
ACFD_FIELD_VALUE
 90
        4
  1
{\pxqc,t3;PART 1}
301
{\pxqc,t3;PART 1}
 98
       17
  0
FIELD
  5
BF
102
{ACAD_REACTORS
330
BE
102
}
330
0
100
AcDbField
  1
_text
  2
{\pxqr,t3.375;\H0.08;%<\_FldIdx 0>%}
 90
        1
360
C0
 97
        0
 91
        0
 92
        0
 94
       41
 95
        2
 96
        0
300

 93
        1
  6
ACFD_FIELDTEXT_CHECKSUM
 90
        2
140
32122.0
  7
ACFD_FIELD_VALUE
 90
        4
  1
{\pxqr,t3.375;\H0.08;09/09/2026}
301
{\pxqr,t3.375;\H0.08;09/09/2026}
 98
       32
  0
FIELD
  5
C6
102
{ACAD_REACTORS
330
C5
102
}
330
0
100
AcDbField
  1
_text
  2
{\pxqr,t3.375;\H0.08;%<\_FldIdx 0>%}
 90
        1
360
C7
 97
        0
 91
        0
 92
        0
 94
       41
 95
        2
 96
        0
300

 93
        1
  6
ACFD_FIELDTEXT_CHECKSUM
 90
        2
140
42510.0
  7
ACFD_FIELD_VALUE
 90
        4
  1
{\pxqr,t3.375;\H0.08;MARISSA ZHAI}
301
{\pxqr,t3.375;\H0.08;MARISSA ZHAI}
 98
       34
  0
FIELD
  5
CB
102
{ACAD_REACTORS
330
CA
102
}
330
0
100
AcDbField
  1
_text
  2
{\pxqc,t3;%<\_FldIdx 0>%}
 90
        1
360
CC
 97
        0
 91
        0
 92
        0
 94
       41
 95
        2
 96
        0
300

 93
        1
  6
ACFD_FIELDTEXT_CHECKSUM
 90
        2
140
8692.0
  7
ACFD_FIELD_VALUE
 90
        4
  1
{\pxqc,t3;----}
301
{\pxqc,t3;----}
 98
       15
  0
FIELD
  5
D2
102
{ACAD_REACTORS
330
D1
102
}
330
0
100
AcDbField
  1
_text
  2
{\pxqr,t3;%<\_FldIdx 0>%}
 90
        1
360
D3
 97
        0
 91
        0
 92
        0
 94
       41
 95
        2
 96
        0
300

 93
        1
  6
ACFD_FIELDTEXT_CHECKSUM
 90
        2
140
8782.0
  7
ACFD_FIELD_VALUE
 90
        4
  1
{\pxqr,t3;----}
301
{\pxqr,t3;----}
 98
       15
  0
FIELD
  5
D9
102
{ACAD_REACTORS
330
D8
102
}
330
0
100
AcDbField
  1
_text
  2
{\pxqr,t3.375;\H0.08;%<\_FldIdx 0>%}
 90
        1
360
DA
 97
        0
 91
        0
 92
        0
 94
       41
 95
        2
 96
        0
300

 93
        1
  6
ACFD_FIELDTEXT_CHECKSUM
 90
        2
140
22190.0
  7
ACFD_FIELD_VALUE
 90
        4
  1
{\pxqr,t3.375;\H0.08;----}
301
{\pxqr,t3.375;\H0.08;----}
 98
       26
  0
FIELD
  5
DE
102
{ACAD_REACTORS
330
DD
102
}
330
0
100
AcDbField
  1
_text
  2
{\pxqc,t3;%<\_FldIdx 0>%}
 90
        1
360
DF
 97
        0
 91
        0
 92
        0
 94
       41
 95
        2
 96
        0
300

 93
        1
  6
ACFD_FIELDTEXT_CHECKSUM
 90
        2
140
8692.0
  7
ACFD_FIELD_VALUE
 90
        4
  1
{\pxqc,t3;----}
301
{\pxqc,t3;----}
 98
       15
  0
FIELD
  5
E3
102
{ACAD_REACTORS
330
E2
102
}
330
0
100
AcDbField
  1
_text
  2
{\pxqc,t3;\fNoto Sans|b1|i0|c0|p0;%<\_FldIdx 0>%}
  4
Noto Sans|b1|i0|c0|p0;%<\_FldIdx 0>%}
 90
        1
360
E4
 97
        0
 91
        0
 92
        0
 94
       41
 95
        2
 96
        0
300

 93
        1
  6
ACFD_FIELDTEXT_CHECKSUM
 90
        2
140
60243.0
  7
ACFD_FIELD_VALUE
 90
        4
  1
{\pxqc,t3;\fNoto Sans|b1|i0|c0|p0;A}
301
{\pxqc,t3;\fNoto Sans|b1|i0|c0|p0;A}
 98
       36
  0
FIELD
  5
E9
102
{ACAD_REACTORS
330
E8
102
}
330
0
100
AcDbField
  1
_text
  2
{\pxqr,t3.375;\H0.08;%<\_FldIdx 0>%}
 90
        1
360
EA
 97
        0
 91
        0
 92
        0
 94
       41
 95
        2
 96
        0
300

 93
        1
  6
ACFD_FIELDTEXT_CHECKSUM
 90
        2
140
22190.0
  7
ACFD_FIELD_VALUE
 90
        4
  1
{\pxqr,t3.375;\H0.08;----}
301
{\pxqr,t3.375;\H0.08;----}
 98
       26
  0
FIELD
  5
EF
102
{ACAD_REACTORS
330
EE
102
}
330
0
100
AcDbField
  1
_text
  2
{\pxqr,t3;%<\_FldIdx 0>%}
 90
        1
360
F0
 97
        0
 91
        0
 92
        0
 94
       41
 95
        2
 96
        0
300

 93
        1
  6
ACFD_FIELDTEXT_CHECKSUM
 90
        2
140
6652.0
  7
ACFD_FIELD_VALUE
 90
        4
  1
{\pxqr,t3;-}
301
{\pxqr,t3;-}
 98
       12
  0
FIELD
  5
F4
102
{ACAD_REACTORS
330
F3
102
}
330
0
100
AcDbField
  1
_text
  2
{\pxqr,t3;%<\_FldIdx 0>%}
 90
        1
360
F5
 97
        0
 91
        0
 92
        0
 94
       41
 95
        2
 96
        0
300

 93
        1
  6
ACFD_FIELDTEXT_CHECKSUM
 90
        2
140
20573.0
  7
ACFD_FIELD_VALUE
 90
        4
  1
{\pxqr,t3;IN PROGRESS}
301
{\pxqr,t3;IN PROGRESS}
 98
       22
  0
FIELD
  5
F9
102
{ACAD_REACTORS
330
F8
102
}
330
0
100
AcDbField
  1
_text
  2
{\pxql,t3.375;\H0.08;SCALE: {%<\_FldIdx 0>%}}
 90
        1
360
FA
 97
        0
 91
        0
 92
        0
 94
       41
 95
        2
 96
        0
300

 93
        1
  6
ACFD_FIELDTEXT_CHECKSUM
 90
        2
140
42599.0
  7
ACFD_FIELD_VALUE
 90
        4
  1
{\pxql,t3.375;\H0.08;SCALE: {1:3}}
301
{\pxql,t3.375;\H0.08;SCALE: {1:3}}
 98
       34
  0
FIELD
  5
FF
102
{ACAD_REACTORS
330
FE
102
}
330
0
100
AcDbField
  1
_text
  2
{\pxql,t3.375;\H0.08;SHEET {%<\_FldIdx 0>%}{ OF }{%<\_FldIdx 1>%}}
 90
        2
360
100
360
101
 97
        0
 91
        0
 92
        0
 94
       41
 95
        2
 96
        0
300

 93
        1
  6
ACFD_FIELDTEXT_CHECKSUM
 90
        2
140
64932.0
  7
ACFD_FIELD_VALUE
 90
        4
  1
{\pxql,t3.375;\H0.08;SHEET {1}{ OF }{1}}
301
{\pxql,t3.375;\H0.08;SHEET {1}{ OF }{1}}
 98
       40
  0
DICTIONARY
  5
3E4
330
45
100
AcDbDictionary
280
     1
  3
ACAD_XREC_ROUNDTRIP
360
3E5
  0
DICTIONARY
  5
3E2
330
44
100
AcDbDictionary
280
     1
  3
ACAD_XREC_ROUNDTRIP
360
3E3
  0
DICTIONARY
  5
3E6
330
46
100
AcDbDictionary
280
     1
  3
ACAD_XREC_ROUNDTRIP
360
3E7
  0
FIELD
  5
AF
330
AE
100
AcDbField
  1
Onshape
  2
\Onshape SheetRefModelMetadata63e96698f766042009c773b7 \f "%tc1"
  4
%tc1
 90
        0
 97
        0
 91
       63
 92
        0
 94
       59
 95
        2
 96
        0
300

 93
        0
  7
ACFD_FIELD_VALUE
 90
        4
  1
----
301
----
 98
        4
  0
FIELD
  5
B4
330
B3
100
AcDbField
  1
Onshape
  2
\Onshape SheetRefModelMetadata640dea781a626b4404d9c997 \f "%tc1"
  4
%tc1
 90
        0
 97
        0
 91
       63
 92
        0
 94
       59
 95
        2
 96
        0
300

 93
        0
  7
ACFD_FIELD_VALUE
 90
        4
  1
----
301
----
 98
        4
  0
FIELD
  5
B9
330
B8
100
AcDbField
  1
Onshape
  2
\Onshape SheetRefModelName \f "%tc1"
  4
%tc1
 90
        0
 97
        0
 91
       63
 92
        0
 94
       59
 95
        2
 96
        0
300

 93
        0
  7
ACFD_FIELD_VALUE
 90
        4
  1
Part 1
301
PART 1
 98
        6
  0
FIELD
  5
C0
330
BF
100
AcDbField
  1
Onshape
  2
\Onshape DrawingLastChangedDate \f "MM/dd/yyyy"
  4
MM/dd/yyyy
 90
        0
 97
        0
 91
       63
 92
        0
 94
       59
 95
        2
 96
        0
300

 93
        0
  7
ACFD_FIELD_VALUE
 90
        8
 92
        8
310
C588A16A00000000
301
09/09/2026
 98
       10
  0
FIELD
  5
C7
330
C6
100
AcDbField
  1
Onshape
  2
\Onshape DrawingLastChangedBy \f "%tc1"
  4
%tc1
 90
        0
 97
        0
 91
       63
 92
        0
 94
       59
 95
        2
 96
        0
300

 93
        0
  7
ACFD_FIELD_VALUE
 90
        4
  1
Marissa Zhai
301
MARISSA ZHAI
 98
       12
  0
FIELD
  5
CC
330
CB
100
AcDbField
  1
Onshape
  2
\Onshape SheetRefModelDescription \f "%tc1"
  4
%tc1
 90
        0
 97
        0
 91
       63
 92
        0
 94
       59
 95
        2
 96
        0
300

 93
        0
  7
ACFD_FIELD_VALUE
 90
        4
  1
----
301
----
 98
        4
  0
FIELD
  5
D3
330
D2
100
AcDbField
  1
Onshape
  2
\Onshape SheetRefModelProject \f "%tc1"
  4
%tc1
 90
        0
 97
        0
 91
       63
 92
        0
 94
       59
 95
        2
 96
        0
300

 93
        0
  7
ACFD_FIELD_VALUE
 90
        4
  1
----
301
----
 98
        4
  0
FIELD
  5
DA
330
D9
100
AcDbField
  1
Onshape
  2
\Onshape SheetRefModelMaterial \f "%tc1"
  4
%tc1
 90
        0
 97
        0
 91
       63
 92
        0
 94
       59
 95
        2
 96
        0
300

 93
        0
  7
ACFD_FIELD_VALUE
 90
        4
  1
----
301
----
 98
        4
  0
FIELD
  5
DF
330
DE
100
AcDbField
  1
Onshape
  2
\Onshape SheetRefModelPartNumber \f "%tc1"
  4
%tc1
 90
        0
 97
        0
 91
       63
 92
        0
 94
       59
 95
        2
 96
        0
300

 93
        0
  7
ACFD_FIELD_VALUE
 90
        4
  1
----
301
----
 98
        4
  0
FIELD
  5
E4
330
E3
100
AcDbField
  1
Onshape
  2
\Onshape SheetSize \f "%tc1"
  4
%tc1
 90
        0
 97
        0
 91
       63
 92
        0
 94
       59
 95
        2
 96
        0
300

 93
        0
  7
ACFD_FIELD_VALUE
 90
        4
  1
A
301
A
 98
        1
  0
FIELD
  5
EA
330
E9
100
AcDbField
  1
Onshape
  2
\Onshape SheetRefModelMetadata57f3fb8efa3416c06701d626 \f "%tc1"
  4
%tc1
 90
        0
 97
        0
 91
       63
 92
        0
 94
       59
 95
        2
 96
        0
300

 93
        0
  7
ACFD_FIELD_VALUE
 90
        4
  1
----
301
----
 98
        4
  0
FIELD
  5
F0
330
EF
100
AcDbField
  1
Onshape
  2
\Onshape SheetRefModelRevision \f "%tc1"
  4
%tc1
 90
        0
 97
        0
 91
       63
 92
        0
 94
       59
 95
        2
 96
        0
300

 93
        0
  7
ACFD_FIELD_VALUE
 90
        4
  1
-
301
-
 98
        1
  0
FIELD
  5
F5
330
F4
100
AcDbField
  1
Onshape
  2
\Onshape DrawingState \f "%tc1"
  4
%tc1
 90
        0
 97
        0
 91
       63
 92
        0
 94
       59
 95
        2
 96
        0
300

 93
        0
  7
ACFD_FIELD_VALUE
 90
        4
  1
In progress
301
IN PROGRESS
 98
       11
  0
FIELD
  5
FA
330
F9
100
AcDbField
  1
Onshape
  2
\Onshape SheetScale \f "%tc1"
  4
%tc1
 90
        0
 97
        0
 91
       63
 92
        0
 94
       59
 95
        2
 96
        0
300

 93
        0
  7
ACFD_FIELD_VALUE
 90
        4
  1
1:3
301
1:3
 98
        3
  0
FIELD
  5
100
330
FF
100
AcDbField
  1
Onshape
  2
\Onshape SheetNumber \f "%tc1"
  4
%tc1
 90
        0
 97
        0
 91
       63
 92
        0
 94
       59
 95
        2
 96
        0
300

 93
        0
  7
ACFD_FIELD_VALUE
 90
        4
  1
1
301
1
 98
        1
  0
FIELD
  5
101
330
FF
100
AcDbField
  1
Onshape
  2
\Onshape TotalSheets \f "%tc1"
  4
%tc1
 90
        0
 97
        0
 91
       63
 92
        0
 94
       59
 95
        2
 96
        0
300

 93
        0
  7
ACFD_FIELD_VALUE
 90
        4
  1
1
301
1
 98
        1
  0
XRECORD
  5
3E5
102
{ACAD_REACTORS
330
3E4
102
}
330
3E4
100
AcDbXrecord
102
MATERIAL
148
0.0
149
0.0
149
0.0
 93
        0
 94
      127
282
     0
 72
     1
 77
     1
171
     1
175
     1
179
     1
273
     0
  0
XRECORD
  5
3E3
102
{ACAD_REACTORS
330
3E2
102
}
330
3E2
100
AcDbXrecord
102
MATERIAL
148
0.0
149
0.0
149
0.0
 93
        0
 94
      127
282
     0
 72
     1
 77
     1
171
     1
175
     1
179
     1
273
     0
  0
XRECORD
  5
3E7
102
{ACAD_REACTORS
330
3E6
102
}
330
3E6
100
AcDbXrecord
102
MATERIAL
148
0.0
149
0.0
149
0.0
 93
        0
 94
      127
282
     0
 72
     1
 77
     1
171
     1
175
     1
179
     1
273
     0
  0
ENDSEC
  0
EOF
