  0
SECTION
  2
HEADER
  9
$ACADVER
  1
AC1014
  9
$ACADMAINTVER
 70
     9
  9
$DWGCODEPAGE
  3
ANSI_1252
  9
$INSBASE
 10
0.0
 20
0.0
 30
0.0
  9
$EXTMIN
 10
1.000000000000000E+20
 20
1.000000000000000E+20
 30
1.000000000000000E+20
  9
$EXTMAX
 10
-1.000000000000000E+20
 20
-1.000000000000000E+20
 30
-1.000000000000000E+20
  9
$LIMMIN
 10
0.0
 20
0.0
  9
$LIMMAX
 10
420.0
 20
297.0
  9
$ORTHOMODE
 70
     0
  9
$REGENMODE
 70
     1
  9
$FILLMODE
 70
     1
  9
$QTEXTMODE
 70
     0
  9
$MIRRTEXT
 70
     1
  9
$DRAGMODE
 70
     2
  9
$LTSCALE
 40
1.0
  9
$OSMODE
 70
    37
  9
$ATTMODE
 70
     1
  9
$TEXTSIZE
 40
2.5
  9
$TRACEWID
 40
1.0
  9
$TEXTSTYLE
  7
STANDARD
  9
$CLAYER
  8
0
  9
$CELTYPE
  6
BYLAYER
  9
$CECOLOR
 62
   256
  9
$CELTSCALE
 40
1.0
  9
$DELOBJ
 70
     1
  9
$DISPSILH
 70
     0
  9
$DIMSCALE
 40
1.0
  9
$DIMASZ
 40
2.5
  9
$DIMEXO
 40
0.625
  9
$DIMDLI
 40
3.75
  9
$DIMRND
 40
0.0
  9
$DIMDLE
 40
0.0
  9
$DIMEXE
 40
1.25
  9
$DIMTP
 40
0.0
  9
$DIMTM
 40
0.0
  9
$DIMTXT
 40
2.5
  9
$DIMCEN
 40
2.5
  9
$DIMTSZ
 40
0.0
  9
$DIMTOL
 70
     0
  9
$DIMLIM
 70
     0
  9
$DIMTIH
 70
     0
  9
$DIMTOH
 70
     0
  9
$DIMSE1
 70
     0
  9
$DIMSE2
 70
     0
  9
$DIMTAD
 70
     1
  9
$DIMZIN
 70
     8
  9
$DIMBLK
  1

  9
$DIMASO
 70
     1
  9
$DIMSHO
 70
     1
  9
$DIMPOST
  1

  9
$DIMAPOST
  1

  9
$DIMALT
 70
     0
  9
$DIMALTD
 70
     3
  9
$DIMALTF
 40
0.03937007874016
  9
$DIMLFAC
 40
1.0
  9
$DIMTOFL
 70
     1
  9
$DIMTVP
 40
0.0
  9
$DIMTIX
 70
     0
  9
$DIMSOXD
 70
     0
  9
$DIMSAH
 70
     0
  9
$DIMBLK1
  1

  9
$DIMBLK2
  1

  9
$DIMSTYLE
  2
ISO-25
  9
$DIMCLRD
 70
     0
  9
$DIMCLRE
 70
     0
  9
$DIMCLRT
 70
     0
  9
$DIMTFAC
 40
1.0
  9
$DIMGAP
 40
0.625
  9
$DIMJUST
 70
     0
  9
$DIMSD1
 70
     0
  9
$DIMSD2
 70
     0
  9
$DIMTOLJ
 70
     0
  9
$DIMTZIN
 70
     8
  9
$DIMALTZ
 70
     0
  9
$DIMALTTZ
 70
     0
  9
$DIMFIT
 70
     3
  9
$DIMUPT
 70
     0
  9
$DIMUNIT
 70
     2
  9
$DIMDEC
 70
     2
  9
$DIMTDEC
 70
     2
  9
$DIMALTU
 70
     2
  9
$DIMALTTD
 70
     3
  9
$DIMTXSTY
  7
STANDARD
  9
$DIMAUNIT
 70
     0
  9
$LUNITS
 70
     2
  9
$LUPREC
 70
     4
  9
$SKETCHINC
 40
1.0
  9
$FILLETRAD
 40
0.0
  9
$AUNITS
 70
     0
  9
$AUPREC
 70
     0
  9
$MENU
  1
.
  9
$ELEVATION
 40
0.0
  9
$PELEVATION
 40
0.0
  9
$THICKNESS
 40
0.0
  9
$LIMCHECK
 70
     0
  9
$CHAMFERA
 40
0.0
  9
$CHAMFERB
 40
0.0
  9
$CHAMFERC
 40
0.0
  9
$CHAMFERD
 40
0.0
  9
$SKPOLY
 70
     0
  9
$TDCREATE
 40
2461298.046302882
  9
$TDUPDATE
 40
2461298.046302963
  9
$TDINDWG
 40
0.0000000116
  9
$TDUSRTIMER
 40
0.0000000116
  9
$USRTIMER
 70
     1
  9
$ANGBASE
 50
0.0
  9
$ANGDIR
 70
     0
  9
$PDMODE
 70
     0
  9
$PDSIZE
 40
0.0
  9
$PLINEWID
 40
0.0
  9
$COORDS
 70
     1
  9
$SPLFRAME
 70
     0
  9
$SPLINETYPE
 70
     6
  9
$SPLINESEGS
 70
     8
  9
$ATTDIA
 70
     0
  9
$ATTREQ
 70
     1
  9
$HANDLING
 70
     1
  9
$HANDSEED
  5
100004A3
  9
$SURFTAB1
 70
     6
  9
$SURFTAB2
 70
     6
  9
$SURFTYPE
 70
     6
  9
$SURFU
 70
     6
  9
$SURFV
 70
     6
  9
$UCSNAME
  2

  9
$UCSORG
 10
0.0
 20
0.0
 30
0.0
  9
$UCSXDIR
 10
1.0
 20
0.0
 30
0.0
  9
$UCSYDIR
 10
0.0
 20
1.0
 30
0.0
  9
$PUCSNAME
  2

  9
$PUCSORG
 10
0.0
 20
0.0
 30
0.0
  9
$PUCSXDIR
 10
1.0
 20
0.0
 30
0.0
  9
$PUCSYDIR
 10
0.0
 20
1.0
 30
0.0
  9
$USERI1
 70
     0
  9
$USERI2
 70
     0
  9
$USERI3
 70
     0
  9
$USERI4
 70
     0
  9
$USERI5
 70
     0
  9
$USERR1
 40
0.0
  9
$USERR2
 40
0.0
  9
$USERR3
 40
0.0
  9
$USERR4
 40
0.0
  9
$USERR5
 40
0.0
  9
$WORLDVIEW
 70
     1
  9
$SHADEDGE
 70
     3
  9
$SHADEDIF
 70
    70
  9
$TILEMODE
 70
     1
  9
$MAXACTVP
 70
    64
  9
$PINSBASE
 10
0.0
 20
0.0
 30
0.0
  9
$PLIMCHECK
 70
     0
  9
$PEXTMIN
 10
1.000000000000000E+20
 20
1.000000000000000E+20
 30
1.000000000000000E+20
  9
$PEXTMAX
 10
-1.000000000000000E+20
 20
-1.000000000000000E+20
 30
-1.000000000000000E+20
  9
$PLIMMIN
 10
0.0
 20
0.0
  9
$PLIMMAX
 10
420.0
 20
297.0
  9
$UNITMODE
 70
     0
  9
$VISRETAIN
 70
     1
  9
$PLINEGEN
 70
     0
  9
$PSLTSCALE
 70
     1
  9
$TREEDEPTH
 70
  3020
  9
$PICKSTYLE
 70
     1
  9
$CMLSTYLE
  2
STANDARD
  9
$CMLJUST
 70
     0
  9
$CMLSCALE
 40
20.0
  9
$PROXYGRAPHICS
 70
     1
  9
$MEASUREMENT
 70
     1
  0
ENDSEC
  0
SECTION
  2
CLASSES
  0
CLASS
  1
ACDBDICTIONARYWDFLT
  2
AcDbDictionaryWithDefault
  3
ObjectDBX Classes
 90
        0
280
     0
281
     0
  0
CLASS
  1
VISUALSTYLE
  2
AcDbVisualStyle
  3
ObjectDBX Classes
 90
     4095
280
     0
281
     0
  0
CLASS
  1
MATERIAL
  2
AcDbMaterial
  3
ObjectDBX Classes
 90
     1153
280
     0
281
     0
  0
CLASS
  1
SCALE
  2
AcDbScale
  3
ObjectDBX Classes
 90
     1153
280
     0
281
     0
  0
CLASS
  1
TABLESTYLE
  2
AcDbTableStyle
  3
ObjectDBX Classes
 90
     4095
280
     0
281
     0
  0
CLASS
  1
MLEADERSTYLE
  2
AcDbMLeaderStyle
  3
ACDB_MLEADERSTYLE_CLASS
 90
     4095
280
     0
281
     0
  0
CLASS
  1
SUN
  2
AcDbSun
  3
SCENEOE
 90
     1153
280
     0
281
     0
  0
CLASS
  1
SORTENTSTABLE
  2
AcDbSortentsTable
  3
ObjectDBX Classes
 90
        0
280
     0
281
     0
  0
CLASS
  1
DICTIONARYVAR
  2
AcDbDictionaryVar
  3
ObjectDBX Classes
 90
        0
280
     0
281
     0
  0
CLASS
  1
XRECORD
  2
AcDbXrecord
  3
ObjectDBX Classes
 90
        0
280
     0
281
     0
  0
CLASS
  1
LWPOLYLINE
  2
AcDbPolyline
  3
ObjectDBX Classes
 90
        0
280
     0
281
     1
  0
CLASS
  1
HATCH
  2
AcDbHatch
  3
ObjectDBX Classes
 90
        0
280
     0
281
     1
  0
CLASS
  1
ACDBPLACEHOLDER
  2
AcDbPlaceHolder
  3
ObjectDBX Classes
 90
        0
280
     0
281
     0
  0
CLASS
  1
LAYOUT
  2
AcDbLayout
  3
ObjectDBX Classes
 90
        0
280
     0
281
     0
  0
ENDSEC
  0
SECTION
  2
TABLES
  0
TABLE
  2
VPORT
  5
8
102
{ACAD_XDICTIONARY
360
10000498
102
}
330
0
100
AcDbSymbolTable
 70
     1
  0
VPORT
  5
29
330
8
100
AcDbSymbolTableRecord
100
AcDbViewportTableRecord
  2
*ACTIVE
 70
     0
 10
0.0
 20
0.0
 11
1.0
 21
1.0
 12
344.1869158878504
 22
148.5
 13
0.0
 23
0.0
 14
10.0
 24
10.0
 15
10.0
 25
10.0
 16
0.0
 26
0.0
 36
1.0
 17
0.0
 27
0.0
 37
0.0
 40
297.0
 41
1.972972972850329
 42
50.0
 43
0.0
 44
0.0
 50
0.0
 51
0.0
 71
     0
 72
   100
 73
     1
 74
     3
 75
     0
 76
     0
 77
     0
 78
     0
  0
ENDTAB
  0
TABLE
  2
LTYPE
  5
5
330
0
100
AcDbSymbolTable
 70
     7
  0
LTYPE
  5
14
330
5
100
AcDbSymbolTableRecord
100
AcDbLinetypeTableRecord
  2
BYBLOCK
 70
     0
  3

 72
    65
 73
     0
 40
0.0
  0
LTYPE
  5
15
330
5
100
AcDbSymbolTableRecord
100
AcDbLinetypeTableRecord
  2
BYLAYER
 70
     0
  3

 72
    65
 73
     0
 40
0.0
  0
LTYPE
  5
16
330
5
100
AcDbSymbolTableRecord
100
AcDbLinetypeTableRecord
  2
CONTINUOUS
 70
     0
  3
Solid line
 72
    65
 73
     0
 40
0.0
  0
LTYPE
  5
10000024
330
5
100
AcDbSymbolTableRecord
100
AcDbLinetypeTableRecord
  2
ONS_PHANTOM
 70
     0
  3
Onshape Phantom line ______ __ __ ______
 72
    65
 73
     6
 40
0.4999999999999999
 49
0.25
 74
     0
 49
-0.05
 74
     0
 49
0.05
 74
     0
 49
-0.05
 74
     0
 49
0.05
 74
     0
 49
-0.05
 74
     0
  0
LTYPE
  5
10000025
330
5
100
AcDbSymbolTableRecord
100
AcDbLinetypeTableRecord
  2
CENTER
 70
     0
  3
Center line ____ _ ____ _ ____ _
 72
    65
 73
     4
 40
0.7874015748031495
 49
0.4921259842519685
 74
     0
 49
-0.0984251968503937
 74
     0
 49
0.0984251968503937
 74
     0
 49
-0.0984251968503937
 74
     0
  0
LTYPE
  5
10000026
330
5
100
AcDbSymbolTableRecord
100
AcDbLinetypeTableRecord
  2
DASHED
 70
     0
  3
Dashed line __ __ __ __ __
 72
    65
 73
     2
 40
0.75
 49
0.5
 74
     0
 49
-0.25
 74
     0
  0
LTYPE
  5
10000027
330
5
100
AcDbSymbolTableRecord
100
AcDbLinetypeTableRecord
  2
ONS_DASHDOT
 70
     0
  3
Onshape Dashed with Dot _ . ____ . ____
 72
    65
 73
     4
 40
0.71
 49
0.5
 74
     0
 49
-0.1
 74
     0
 49
0.01
 74
     0
 49
-0.1
 74
     0
  0
LTYPE
  5
10000028
330
5
100
AcDbSymbolTableRecord
100
AcDbLinetypeTableRecord
  2
ONS_DOTTED
 70
     0
  3
Onshape Dotted line . . . . . . .
 72
    65
 73
     2
 40
0.11
 49
0.01
 74
     0
 49
-0.1
 74
     0
  0
LTYPE
  5
10000029
330
5
100
AcDbSymbolTableRecord
100
AcDbLinetypeTableRecord
  2
HIDDEN
 70
     0
  3
Hidden line ____ ____ ____ ____ 
 72
    65
 73
     2
 40
0.15
 49
0.1
 74
     0
 49
-0.05
 74
     0
  0
ENDTAB
  0
TABLE
  2
LAYER
  5
2
330
0
100
AcDbSymbolTable
 70
    48
  0
LAYER
  5
10
330
2
100
AcDbSymbolTableRecord
100
AcDbLayerTableRecord
  2
0
 70
     0
 62
     7
  6
CONTINUOUS
  0
LAYER
  5
1000002A
330
2
100
AcDbSymbolTableRecord
100
AcDbLayerTableRecord
  2
SECTION_CUTTING_LINE
 70
     0
 62
     7
  6
ONS_DASHDOT
  0
LAYER
  5
1000002B
330
2
100
AcDbSymbolTableRecord
100
AcDbLayerTableRecord
  2
DETAIL_VIEW_BORDER
 70
     0
 62
     7
  6
CONTINUOUS
  0
LAYER
  5
1000002C
330
2
100
AcDbSymbolTableRecord
100
AcDbLayerTableRecord
  2
DETAIL_VIEW_PARENT_BORDER
 70
     0
 62
     7
  6
ONS_PHANTOM
  0
LAYER
  5
1000002D
330
2
100
AcDbSymbolTableRecord
100
AcDbLayerTableRecord
  2
TEXT
 70
     0
 62
     7
  6
CONTINUOUS
  0
LAYER
  5
1000002E
330
2
100
AcDbSymbolTableRecord
100
AcDbLayerTableRecord
  2
SKETCHED_GEOMETRY
 70
     0
 62
    -7
  6
CONTINUOUS
  0
LAYER
  5
1000002F
330
2
100
AcDbSymbolTableRecord
100
AcDbLayerTableRecord
  2
VIRTUAL_SHARPS
 70
     0
 62
    -7
  6
CONTINUOUS
  0
LAYER
  5
10000030
330
2
100
AcDbSymbolTableRecord
100
AcDbLayerTableRecord
  2
CENTERLINES
 70
     0
 62
    -7
  6
CENTER
  0
LAYER
  5
10000031
330
2
100
AcDbSymbolTableRecord
100
AcDbLayerTableRecord
  2
CENTERMARKS
 70
     0
 62
    -7
  6
CONTINUOUS
  0
LAYER
  5
10000032
330
2
100
AcDbSymbolTableRecord
100
AcDbLayerTableRecord
  2
TABLES
 70
     0
 62
     7
  6
CONTINUOUS
  0
LAYER
  5
10000033
330
2
100
AcDbSymbolTableRecord
100
AcDbLayerTableRecord
  2
IMAGES
 70
     0
 62
    -7
  6
CONTINUOUS
  0
LAYER
  5
10000034
330
2
100
AcDbSymbolTableRecord
100
AcDbLayerTableRecord
  2
ANNOTATION_LINES
 70
     0
 62
    -7
  6
CONTINUOUS
  0
LAYER
  5
10000035
330
2
100
AcDbSymbolTableRecord
100
AcDbLayerTableRecord
  2
ANNOTATION_TEXT
 70
     0
 62
    -7
  6
CONTINUOUS
  0
LAYER
  5
10000036
330
2
100
AcDbSymbolTableRecord
100
AcDbLayerTableRecord
  2
SIDE_THREAD_SYMBOLS
 70
     0
 62
     7
  6
CONTINUOUS
  0
LAYER
  5
10000037
330
2
100
AcDbSymbolTableRecord
100
AcDbLayerTableRecord
  2
SIDE_THREAD_SYMBOLS_HIDDEN
 70
     0
 62
    -7
  6
HIDDEN
  0
LAYER
  5
10000038
330
2
100
AcDbSymbolTableRecord
100
AcDbLayerTableRecord
  2
SURFACE_THREAD_SYMBOLS
 70
     0
 62
     7
  6
CONTINUOUS
  0
LAYER
  5
10000039
330
2
100
AcDbSymbolTableRecord
100
AcDbLayerTableRecord
  2
SURFACE_THREAD_SYMBOLS_ON_
 70
     0
 62
     7
  6
CONTINUOUS
  0
LAYER
  5
1000003A
330
2
100
AcDbSymbolTableRecord
100
AcDbLayerTableRecord
  2
SURFACE_THREAD_SYMBOLS_HID
 70
     0
 62
    -7
  6
HIDDEN
  0
LAYER
  5
1000003B
330
2
100
AcDbSymbolTableRecord
100
AcDbLayerTableRecord
  2
BLIND_THREAD_SYMBOLS
 70
     0
 62
     7
  6
CONTINUOUS
  0
LAYER
  5
1000003C
330
2
100
AcDbSymbolTableRecord
100
AcDbLayerTableRecord
  2
BLIND_THREAD_SYMBOLS_HIDDE
 70
     0
 62
    -7
  6
HIDDEN
  0
LAYER
  5
1000003D
330
2
100
AcDbSymbolTableRecord
100
AcDbLayerTableRecord
  2
EXPLODE_LINES
 70
     0
 62
     7
  6
ONS_PHANTOM
  0
LAYER
  5
1000003E
330
2
100
AcDbSymbolTableRecord
100
AcDbLayerTableRecord
  2
HIDDEN_EXPLODE_LINES
 70
     0
 62
    -7
  6
ONS_PHANTOM
  0
LAYER
  5
1000003F
330
2
100
AcDbSymbolTableRecord
100
AcDbLayerTableRecord
  2
BREAK_LINES
 70
     0
 62
    -7
  6
CONTINUOUS
  0
LAYER
  5
10000040
330
2
100
AcDbSymbolTableRecord
100
AcDbLayerTableRecord
  2
SHEETMETAL_BEND_LINES_UP
 70
     0
 62
     7
  6
CENTER
  0
LAYER
  5
10000041
330
2
100
AcDbSymbolTableRecord
100
AcDbLayerTableRecord
  2
SHEETMETAL_BEND_LINES_DOWN
 70
     0
 62
     7
  6
CENTER
  0
LAYER
  5
10000042
330
2
100
AcDbSymbolTableRecord
100
AcDbLayerTableRecord
  2
SHEETMETAL_BEND_TANGENT_LI
 70
     0
 62
     7
  6
CONTINUOUS
  0
LAYER
  5
10000043
330
2
100
AcDbSymbolTableRecord
100
AcDbLayerTableRecord
  2
SHEETMETAL_CUT_LINES
 70
     0
 62
     7
  6
CONTINUOUS
  0
LAYER
  5
10000044
330
2
100
AcDbSymbolTableRecord
100
AcDbLayerTableRecord
  2
SHEETMETAL_CBORE_CSINK_UP
 70
     0
 62
     7
  6
CONTINUOUS
  0
LAYER
  5
10000045
330
2
100
AcDbSymbolTableRecord
100
AcDbLayerTableRecord
  2
SHEETMETAL_CBORE_CSINK_DOW
 70
     0
 62
     7
  6
CONTINUOUS
  0
LAYER
  5
10000046
330
2
100
AcDbSymbolTableRecord
100
AcDbLayerTableRecord
  2
SHEETMETAL_CBORE_CSINK_UP_
 70
     0
 62
    -7
  6
HIDDEN
  0
LAYER
  5
10000047
330
2
100
AcDbSymbolTableRecord
100
AcDbLayerTableRecord
  2
SHEETMETAL_CBORE_CSINK_DO0
 70
     0
 62
    -7
  6
HIDDEN
  0
LAYER
  5
10000048
330
2
100
AcDbSymbolTableRecord
100
AcDbLayerTableRecord
  2
SHEETMETAL_FORM_TEAR
 70
     0
 62
     7
  6
CONTINUOUS
  0
LAYER
  5
10000049
330
2
100
AcDbSymbolTableRecord
100
AcDbLayerTableRecord
  2
SHEETMETAL_FORM_UP
 70
     0
 62
     7
  6
CENTER
  0
LAYER
  5
1000004A
330
2
100
AcDbSymbolTableRecord
100
AcDbLayerTableRecord
  2
SHEETMETAL_FORM_DOWN
 70
     0
 62
     7
  6
CENTER
  0
LAYER
  5
1000004B
330
2
100
AcDbSymbolTableRecord
100
AcDbLayerTableRecord
  2
SHEETMETAL_FORM_CENTERMARK
 70
     0
 62
     7
  6
CENTER
  0
LAYER
  5
1000004C
330
2
100
AcDbSymbolTableRecord
100
AcDbLayerTableRecord
  2
REGION_ASSOC_POINTS
 70
     0
 62
    -7
  6
CONTINUOUS
  0
LAYER
  5
1000004D
330
2
100
AcDbSymbolTableRecord
100
AcDbLayerTableRecord
  2
PATTERN_CENTERLINES
 70
     1
 62
    -7
  6
CENTER
  0
LAYER
  5
1000004E
330
2
100
AcDbSymbolTableRecord
100
AcDbLayerTableRecord
  2
HIDDEN
 70
     0
 62
    -7
  6
HIDDEN
  0
LAYER
  5
1000004F
330
2
100
AcDbSymbolTableRecord
100
AcDbLayerTableRecord
  2
VISIBLE
 70
     0
 62
     7
  6
CONTINUOUS
  0
LAYER
  5
10000050
330
2
100
AcDbSymbolTableRecord
100
AcDbLayerTableRecord
  2
MODELSKETCH_VISIBLE
 70
     0
 62
     7
  6
CONTINUOUS
  0
LAYER
  5
10000051
330
2
100
AcDbSymbolTableRecord
100
AcDbLayerTableRecord
  2
MODELSKETCH_POINT
 70
     0
 62
     7
  6
CONTINUOUS
  0
LAYER
  5
10000052
330
2
100
AcDbSymbolTableRecord
100
AcDbLayerTableRecord
  2
MODELSKETCH_CONSTRUCTION
 70
     0
 62
    -7
  6
CENTER
  0
LAYER
  5
10000053
330
2
100
AcDbSymbolTableRecord
100
AcDbLayerTableRecord
  2
HIDDEN_BASE_VIEW
 70
     0
 62
     7
  6
CONTINUOUS
  0
LAYER
  5
10000054
330
2
100
AcDbSymbolTableRecord
100
AcDbLayerTableRecord
  2
TANGENT_LINES
 70
     0
 62
    -7
  6
CONTINUOUS
  0
LAYER
  5
10000055
330
2
100
AcDbSymbolTableRecord
100
AcDbLayerTableRecord
  2
TANGENT_HIDDEN
 70
     0
 62
    -7
  6
HIDDEN
  0
LAYER
  5
10000056
330
2
100
AcDbSymbolTableRecord
100
AcDbLayerTableRecord
  2
INVISIBLE_LINES
 70
     0
 62
    -7
  6
CONTINUOUS
  0
LAYER
  5
10000057
330
2
100
AcDbSymbolTableRecord
100
AcDbLayerTableRecord
  2
VIEW_HATCHES
 70
     0
 62
    -7
  6
CONTINUOUS
  0
LAYER
  5
10000058
330
2
100
AcDbSymbolTableRecord
100
AcDbLayerTableRecord
  2
SECTION_JOG_LINES
 70
     0
 62
    -7
  6
CONTINUOUS
  0
ENDTAB
  0
TABLE
  2
STYLE
  5
3
330
0
100
AcDbSymbolTable
 70
     2
  0
STYLE
  5
11
330
3
100
AcDbSymbolTableRecord
100
AcDbTextStyleTableRecord
  2
STANDARD
 70
     0
 40
0.0
 41
1.0
 50
0.0
 71
     0
 42
2.5
  3
txt
  4

  0
STYLE
  5
10000004
330
3
100
AcDbSymbolTableRecord
100
AcDbTextStyleTableRecord
  2
TTFSTYLE
 70
     0
 40
0.0
 41
1.0
 50
0.0
 71
     0
 42
2.5
  3

  4

1001
ACAD
1000
Verdana
1071
       34
  0
ENDTAB
  0
TABLE
  2
VIEW
  5
6
330
0
100
AcDbSymbolTable
 70
     0
  0
ENDTAB
  0
TABLE
  2
UCS
  5
7
330
0
100
AcDbSymbolTable
 70
     0
  0
ENDTAB
  0
TABLE
  2
APPID
  5
9
330
0
100
AcDbSymbolTable
 70
     2
  0
APPID
  5
12
330
9
100
AcDbSymbolTableRecord
100
AcDbRegAppTableRecord
  2
ACAD
 70
     0
  0
APPID
  5
100004A2
330
9
100
AcDbSymbolTableRecord
100
AcDbRegAppTableRecord
  2
ACAD_MLEADERVER
 70
     0
  0
ENDTAB
  0
TABLE
  2
DIMSTYLE
  5
A
330
0
100
AcDbSymbolTable
 70
     1
  0
DIMSTYLE
105
27
330
A
100
AcDbSymbolTableRecord
100
AcDbDimStyleTableRecord
  2
ISO-25
 70
     0
  3

  4

  5

  6

  7

 40
1.0
 41
2.5
 42
0.625
 43
3.75
 44
1.25
 45
0.0
 46
0.0
 47
0.0
 48
0.0
140
2.5
141
2.5
142
0.0
143
0.03937007874016
144
1.0
145
0.0
146
1.0
147
0.625
 71
     0
 72
     0
 73
     0
 74
     0
 75
     0
 76
     0
 77
     1
 78
     8
170
     0
171
     3
172
     1
173
     0
174
     0
175
     0
176
     0
177
     0
178
     0
270
     2
271
     2
272
     2
273
     2
274
     3
340
11
275
     0
280
     0
281
     0
282
     0
283
     0
284
     8
285
     0
286
     0
287
     3
288
     0
  0
ENDTAB
  0
TABLE
  2
BLOCK_RECORD
  5
1
330
0
100
AcDbSymbolTable
 70
     0
  0
BLOCK_RECORD
  5
1F
102
{ACAD_XDICTIONARY
360
10000469
102
}
330
1
100
AcDbSymbolTableRecord
100
AcDbBlockTableRecord
  2
*MODEL_SPACE
  0
BLOCK_RECORD
  5
1B
330
1
100
AcDbSymbolTableRecord
100
AcDbBlockTableRecord
  2
*PAPER_SPACE
  0
ENDTAB
  0
ENDSEC
  0
SECTION
  2
BLOCKS
  0
BLOCK
  5
20
330
1F
100
AcDbEntity
  8
0
100
AcDbBlockBegin
  2
*MODEL_SPACE
 70
     0
 10
0.0
 20
0.0
 30
0.0
  3
*MODEL_SPACE
  1

  0
ENDBLK
  5
21
330
1F
100
AcDbEntity
  8
0
100
AcDbBlockEnd
  0
BLOCK
  5
1C
330
1B
100
AcDbEntity
 67
     1
  8
0
100
AcDbBlockBegin
  2
*PAPER_SPACE
 70
     0
 10
0.0
 20
0.0
 30
0.0
  3
*PAPER_SPACE
  1

  0
ENDBLK
  5
1D
330
1B
100
AcDbEntity
 67
     1
  8
0
100
AcDbBlockEnd
  0
ENDSEC
  0
SECTION
  2
ENTITIES
  0
LINE
  5
10000059
102
{ACAD_XDICTIONARY
360
1000005A
102
}
330
1F
100
AcDbEntity
  8
MODELSKETCH_VISIBLE
100
AcDbLine
 10
51.48730998234187
 20
69.11818306415377
 30
0.0
 11
42.54771590419795
 21
57.07311528858627
 31
0.0
  0
LINE
  5
1000005D
102
{ACAD_XDICTIONARY
360
1000005E
102
}
330
1F
100
AcDbEntity
  8
MODELSKETCH_VISIBLE
100
AcDbLine
 10
37.39481356918873
 20
77.5766423221447
 30
0.0
 11
30.96949182166982
 21
64.02248279671265
 31
0.0
  0
LINE
  5
10000061
102
{ACAD_XDICTIONARY
360
10000062
102
}
330
1F
100
AcDbEntity
  8
MODELSKETCH_VISIBLE
100
AcDbLine
 10
21.9259571265581
 20
83.13168224379346
 30
0.0
 11
18.26046703695723
 21
68.58643620245618
 31
0.0
  0
SPLINE
  5
10000065
102
{ACAD_XDICTIONARY
360
10000066
102
}
330
1F
100
AcDbEntity
  8
MODELSKETCH_VISIBLE
100
AcDbSpline
210
0.0
220
0.0
230
1.0
 70
     8
 71
     2
 72
     6
 73
     3
 74
     0
 42
0.0000000001
 43
0.00000001
 40
0.0
 40
0.0
 40
0.0
 40
1.0
 40
1.0
 40
1.0
 10
-53.71275388964433
 20
39.8366331189441
 30
0.0
 10
-54.10858722297766
 20
40.18689353561077
 30
0.0
 10
-54.76744138964433
 20
40.18689353561077
 30
0.0
  0
LINE
  5
10000069
102
{ACAD_XDICTIONARY
360
1000006A
102
}
330
1F
100
AcDbEntity
  8
MODELSKETCH_VISIBLE
100
AcDbLine
 10
-82.23532529104223
 20
-7.165680131737609
 30
0.0
 11
-67.31717891006318
 21
-5.600781235424389
 31
0.0
  0
SPLINE
  5
1000006D
102
{ACAD_XDICTIONARY
360
1000006E
102
}
330
1F
100
AcDbEntity
  8
MODELSKETCH_VISIBLE
100
AcDbSpline
210
0.0
220
0.0
230
1.0
 70
     8
 71
     2
 72
     6
 73
     3
 74
     0
 42
0.0000000001
 43
0.00000001
 40
0.0
 40
0.0
 40
0.0
 40
1.0
 40
1.0
 40
1.0
 10
-53.316920556311
 20
38.7702268689441
 30
0.0
 10
-53.316920556311
 20
39.48637270227744
 30
0.0
 10
-53.71275388964433
 20
39.8366331189441
 30
0.0
  0
LINE
  5
10000071
102
{ACAD_XDICTIONARY
360
10000072
102
}
330
1F
100
AcDbEntity
  8
MODELSKETCH_VISIBLE
100
AcDbLine
 10
-77.8326435247731
 20
29.78043392323637
 30
0.0
 11
-63.69998898434167
 21
24.7536978409637
 31
0.0
  0
SPLINE
  5
10000075
102
{ACAD_XDICTIONARY
360
10000076
102
}
330
1F
100
AcDbEntity
  8
MODELSKETCH_VISIBLE
100
AcDbSpline
210
0.0
220
0.0
230
1.0
 70
     8
 71
     2
 72
     6
 73
     3
 74
     0
 42
0.0000000001
 43
0.00000001
 40
0.0
 40
0.0
 40
0.0
 40
1.0
 40
1.0
 40
1.0
 10
-53.496608056311
 20
37.84314353561076
 30
0.0
 10
-53.316920556311
 20
38.29106020227744
 30
0.0
 10
-53.316920556311
 20
38.7702268689441
 30
0.0
  0
LINE
  5
10000079
102
{ACAD_XDICTIONARY
360
1000007A
102
}
330
1F
100
AcDbEntity
  8
MODELSKETCH_VISIBLE
100
AcDbLine
 10
-82.23532529104223
 20
10.37683649593363
 30
0.0
 11
-67.31717891006318
 21
8.811937599620407
 31
0.0
  0
SPLINE
  5
1000007D
102
{ACAD_XDICTIONARY
360
1000007E
102
}
330
1F
100
AcDbEntity
  8
MODELSKETCH_VISIBLE
100
AcDbSpline
210
0.0
220
0.0
230
1.0
 70
     8
 71
     2
 72
     6
 73
     3
 74
     0
 42
0.0000000001
 43
0.00000001
 40
0.0
 40
0.0
 40
0.0
 40
1.0
 40
1.0
 40
1.0
 10
-54.082545556311
 20
36.87048728561077
 30
0.0
 10
-53.676295556311
 20
37.3952268689441
 30
0.0
 10
-53.496608056311
 20
37.84314353561076
 30
0.0
  0
SPLINE
  5
10000081
102
{ACAD_XDICTIONARY
360
10000082
102
}
330
1F
100
AcDbEntity
  8
MODELSKETCH_VISIBLE
100
AcDbSpline
210
0.0
220
0.0
230
1.0
 70
     8
 71
     2
 72
     6
 73
     3
 74
     0
 42
0.0000000001
 43
0.00000001
 40
0.0
 40
0.0
 40
0.0
 40
1.0
 40
1.0
 40
1.0
 10
-55.816920556311
 20
34.98637270227744
 30
0.0
 10
-54.488795556311
 20
36.34574770227744
 30
0.0
 10
-54.082545556311
 20
36.87048728561077
 30
0.0
  0
LINE
  5
10000085
102
{ACAD_XDICTIONARY
360
10000086
102
}
330
1F
100
AcDbEntity
  8
MODELSKETCH_VISIBLE
100
AcDbLine
 10
21.9259571265581
 20
-79.92052587959745
 30
0.0
 11
18.26046703695723
 21
-65.37527983826017
 31
0.0
  0
LINE
  5
10000089
102
{ACAD_XDICTIONARY
360
1000008A
102
}
330
1F
100
AcDbEntity
  8
MODELSKETCH_VISIBLE
100
AcDbLine
 10
-58.80389972297766
 20
31.96814353561077
 30
0.0
 11
-55.816920556311
 21
34.98637270227744
 31
0.0
  0
LINE
  5
1000008D
102
{ACAD_XDICTIONARY
360
1000008E
102
}
330
1F
100
AcDbEntity
  8
MODELSKETCH_VISIBLE
100
AcDbLine
 10
-58.80389972297766
 20
30.21814353561077
 30
0.0
 11
-58.80389972297766
 21
31.96814353561077
 31
0.0
  0
LINE
  5
10000091
102
{ACAD_XDICTIONARY
360
10000092
102
}
330
1F
100
AcDbEntity
  8
MODELSKETCH_VISIBLE
100
AcDbLine
 10
51.48730998234187
 20
-65.90702669995775
 30
0.0
 11
42.54771590419795
 21
-53.86195892439027
 31
0.0
  0
LINE
  5
10000095
102
{ACAD_XDICTIONARY
360
10000096
102
}
330
1F
100
AcDbEntity
  8
MODELSKETCH_VISIBLE
100
AcDbLine
 10
-50.48619138964433
 20
30.21814353561077
 30
0.0
 11
-58.80389972297767
 21
30.21814353561077
 31
0.0
  0
LINE
  5
10000099
102
{ACAD_XDICTIONARY
360
1000009A
102
}
330
1F
100
AcDbEntity
  8
MODELSKETCH_VISIBLE
100
AcDbLine
 10
63.66486727611755
 20
-54.86840873706777
 30
0.0
 11
52.55264923833479
 21
-44.7927643268687
 31
0.0
  0
SPLINE
  5
1000009D
102
{ACAD_XDICTIONARY
360
1000009E
102
}
330
1F
100
AcDbEntity
  8
MODELSKETCH_VISIBLE
100
AcDbSpline
210
0.0
220
0.0
230
1.0
 70
     8
 71
     2
 72
     6
 73
     3
 74
     0
 42
0.0000000001
 43
0.00000001
 40
0.0
 40
0.0
 40
0.0
 40
1.0
 40
1.0
 40
1.0
 10
6.2116143410119
 20
-55.83735074089375
 30
0.0
 10
7.935572674345234
 20
-55.83735074089375
 30
0.0
 10
8.9577080910119
 20
-56.80610074089375
 30
0.0
  0
LINE
  5
100000A1
102
{ACAD_XDICTIONARY
360
100000A2
102
}
330
1F
100
AcDbEntity
  8
MODELSKETCH_VISIBLE
100
AcDbLine
 10
-1.413385658988097
 20
-51.54047574089375
 30
0.0
 11
-1.413385658988097
 21
-63.43891324089375
 31
0.0
  0
LINE
  5
100000A5
102
{ACAD_XDICTIONARY
360
100000A6
102
}
330
1F
100
AcDbEntity
  8
MODELSKETCH_VISIBLE
100
AcDbLine
 10
-3.481093992321429
 20
-51.54047574089375
 30
0.0
 11
-1.413385658988097
 21
-51.54047574089375
 31
0.0
  0
LINE
  5
100000A9
102
{ACAD_XDICTIONARY
360
100000AA
102
}
330
1F
100
AcDbEntity
  8
MODELSKETCH_VISIBLE
100
AcDbLine
 10
-7.314427325654761
 20
-54.59255907422709
 30
0.0
 11
-3.481093992321429
 21
-51.54047574089376
 31
0.0
  0
LINE
  5
100000AD
102
{ACAD_XDICTIONARY
360
100000AE
102
}
330
1F
100
AcDbEntity
  8
MODELSKETCH_VISIBLE
100
AcDbLine
 10
37.39481356918873
 20
-74.36548595794868
 30
0.0
 11
30.96949182166982
 21
-60.81132643251662
 31
0.0
  0
LINE
  5
100000B1
102
{ACAD_XDICTIONARY
360
100000B2
102
}
330
1F
100
AcDbEntity
  8
MODELSKETCH_VISIBLE
100
AcDbLine
 10
72.2866314658145
 20
-43.65294008442028
 30
0.0
 11
74.74747205976895
 21
-39.30043924339267
 31
0.0
  0
LINE
  5
100000B5
102
{ACAD_XDICTIONARY
360
100000B6
102
}
330
1F
100
AcDbEntity
  8
MODELSKETCH_VISIBLE
100
AcDbLine
 10
-6.100885658988094
 20
-56.10557990756042
 30
0.0
 11
-7.314427325654763
 21
-54.59255907422708
 31
0.0
  0
LINE
  5
100000B9
102
{ACAD_XDICTIONARY
360
100000BA
102
}
330
1F
100
AcDbEntity
  8
MODELSKETCH_VISIBLE
100
AcDbLine
 10
49.80361476065775
 20
37.31451627409134
 30
0.0
 11
50.08746892732442
 21
37.371807940758
 31
0.0
  0
LINE
  5
100000BD
102
{ACAD_XDICTIONARY
360
100000BE
102
}
330
1F
100
AcDbEntity
  8
MODELSKETCH_VISIBLE
100
AcDbLine
 10
-4.733698158988098
 20
-55.00662157422709
 30
0.0
 11
-6.100885658988094
 21
-56.10557990756042
 31
0.0
  0
LINE
  5
100000C1
102
{ACAD_XDICTIONARY
360
100000C2
102
}
330
1F
100
AcDbEntity
  8
MODELSKETCH_VISIBLE
100
AcDbLine
 10
50.02236476065776
 20
39.65045377409133
 30
0.0
 11
49.80361476065775
 21
37.31451627409134
 31
0.0
  0
SPLINE
  5
100000C5
102
{ACAD_XDICTIONARY
360
100000C6
102
}
330
1F
100
AcDbEntity
  8
MODELSKETCH_VISIBLE
100
AcDbSpline
210
0.0
220
0.0
230
1.0
 70
     8
 71
     2
 72
     6
 73
     3
 74
     0
 42
0.0000000001
 43
0.00000001
 40
0.0
 40
0.0
 40
0.0
 40
1.0
 40
1.0
 40
1.0
 10
-3.863906492321429
 20
-54.18630907422708
 30
0.0
 10
-4.488906492321429
 20
-54.81130907422708
 30
0.0
 10
-4.733698158988096
 20
-55.00662157422709
 30
0.0
  0
LINE
  5
100000C9
102
{ACAD_XDICTIONARY
360
100000CA
102
}
330
1F
100
AcDbEntity
  8
MODELSKETCH_VISIBLE
100
AcDbLine
 10
54.26976059399109
 20
39.65045377409133
 30
0.0
 11
50.02236476065776
 21
39.65045377409133
 31
0.0
  0
LINE
  5
100000CD
102
{ACAD_XDICTIONARY
360
100000CE
102
}
330
1F
100
AcDbEntity
  8
MODELSKETCH_VISIBLE
100
AcDbLine
 10
-3.90296899232143
 20
-55.42328824089375
 30
0.0
 11
-3.86390649232143
 21
-54.18630907422708
 31
0.0
  0
LINE
  5
100000D1
102
{ACAD_XDICTIONARY
360
100000D2
102
}
330
1F
100
AcDbEntity
  8
MODELSKETCH_VISIBLE
100
AcDbLine
 10
54.26976059399109
 20
41.78326627409133
 30
0.0
 11
54.26976059399109
 21
39.65045377409133
 31
0.0
  0
LINE
  5
100000D5
102
{ACAD_XDICTIONARY
360
100000D6
102
}
330
1F
100
AcDbEntity
  8
MODELSKETCH_VISIBLE
100
AcDbLine
 10
-3.929010658988096
 20
-56.55349657422708
 30
0.0
 11
-3.90296899232143
 21
-55.42328824089375
 31
0.0
  0
LINE
  5
100000D9
102
{ACAD_XDICTIONARY
360
100000DA
102
}
330
1F
100
AcDbEntity
  8
MODELSKETCH_VISIBLE
100
AcDbLine
 10
-3.929010658988096
 20
-63.43891324089375
 30
0.0
 11
-3.929010658988096
 21
-56.55349657422709
 31
0.0
  0
LINE
  5
100000DD
102
{ACAD_XDICTIONARY
360
100000DE
102
}
330
1F
100
AcDbEntity
  8
MODELSKETCH_VISIBLE
100
AcDbLine
 10
47.36871892732442
 20
35.72076627409133
 30
0.0
 11
47.81663559399109
 21
41.78326627409133
 31
0.0
  0
LINE
  5
100000E1
102
{ACAD_XDICTIONARY
360
100000E2
102
}
330
1F
100
AcDbEntity
  8
MODELSKETCH_VISIBLE
100
AcDbLine
 10
-1.413385658988097
 20
-63.43891324089375
 30
0.0
 11
-3.929010658988096
 21
-63.43891324089375
 31
0.0
  0
LINE
  5
100000E5
102
{ACAD_XDICTIONARY
360
100000E6
102
}
330
1F
100
AcDbEntity
  8
MODELSKETCH_VISIBLE
100
AcDbLine
 10
48.37132309399109
 20
35.18170377409133
 30
0.0
 11
47.36871892732442
 21
35.72076627409134
 31
0.0
  0
LINE
  5
100000E9
102
{ACAD_XDICTIONARY
360
100000EA
102
}
330
1F
100
AcDbEntity
  8
MODELSKETCH_VISIBLE
100
AcDbLine
 10
3.88088517434524
 20
-82.39442181790197
 30
0.0
 11
-1.119114825654757
 21
-82.39442181790197
 31
0.0
  0
LINE
  5
100000ED
102
{ACAD_XDICTIONARY
360
100000EE
102
}
330
1F
100
AcDbEntity
  8
MODELSKETCH_VISIBLE
100
AcDbLine
 10
3.880885174345233
 20
-70.39442181790199
 30
0.0
 11
3.880885174345234
 21
-82.39442181790197
 31
0.0
  0
LINE
  5
100000F1
102
{ACAD_XDICTIONARY
360
100000F2
102
}
330
1F
100
AcDbEntity
  8
MODELSKETCH_VISIBLE
100
AcDbLine
 10
-1.119114825654771
 20
-70.39442181790199
 30
0.0
 11
-1.119114825654771
 21
-82.39442181790197
 31
0.0
  0
LINE
  5
100000F5
102
{ACAD_XDICTIONARY
360
100000F6
102
}
330
1F
100
AcDbEntity
  8
MODELSKETCH_VISIBLE
100
AcDbLine
 10
3.88088517434524
 20
-70.39442181790199
 30
0.0
 11
-1.119114825654757
 21
-70.39442181790199
 31
0.0
  0
LINE
  5
100000F9
102
{ACAD_XDICTIONARY
360
100000FA
102
}
330
1F
100
AcDbEntity
  8
MODELSKETCH_VISIBLE
100
AcDbLine
 10
-1.119114825654771
 20
73.60557818209801
 30
0.0
 11
-1.119114825654771
 21
85.605578182098
 31
0.0
  0
LINE
  5
100000FD
102
{ACAD_XDICTIONARY
360
100000FE
102
}
330
1F
100
AcDbEntity
  8
MODELSKETCH_VISIBLE
100
AcDbLine
 10
3.88088517434524
 20
85.605578182098
 30
0.0
 11
-1.119114825654757
 21
85.605578182098
 31
0.0
  0
LINE
  5
10000101
102
{ACAD_XDICTIONARY
360
10000102
102
}
330
1F
100
AcDbEntity
  8
MODELSKETCH_VISIBLE
100
AcDbLine
 10
3.88088517434524
 20
73.60557818209801
 30
0.0
 11
-1.119114825654757
 21
73.60557818209801
 31
0.0
  0
SPLINE
  5
10000105
102
{ACAD_XDICTIONARY
360
10000106
102
}
330
1F
100
AcDbEntity
  8
MODELSKETCH_VISIBLE
100
AcDbSpline
210
0.0
220
0.0
230
1.0
 70
     8
 71
     2
 72
     6
 73
     3
 74
     0
 42
0.0000000001
 43
0.00000001
 40
0.0
 40
0.0
 40
0.0
 40
1.0
 40
1.0
 40
1.0
 10
4.620468507678572
 20
67.3966566244653
 30
0.0
 10
4.238958091011906
 20
66.44092745779862
 30
0.0
 10
4.238958091011906
 20
64.25082329113197
 30
0.0
  0
SPLINE
  5
10000109
102
{ACAD_XDICTIONARY
360
1000010A
102
}
330
1F
100
AcDbEntity
  8
MODELSKETCH_VISIBLE
100
AcDbSpline
210
0.0
220
0.0
230
1.0
 70
     8
 71
     2
 72
     6
 73
     3
 74
     0
 42
0.0000000001
 43
0.00000001
 40
0.0
 40
0.0
 40
0.0
 40
1.0
 40
1.0
 40
1.0
 10
5.889999757678573
 20
68.35238579113197
 30
0.0
 10
5.001978924345238
 20
68.35238579113197
 30
0.0
 10
4.620468507678572
 20
67.3966566244653
 30
0.0
  0
SPLINE
  5
1000010D
102
{ACAD_XDICTIONARY
360
1000010E
102
}
330
1F
100
AcDbEntity
  8
MODELSKETCH_VISIBLE
100
AcDbSpline
210
0.0
220
0.0
230
1.0
 70
     8
 71
     2
 72
     6
 73
     3
 74
     0
 42
0.0000000001
 43
0.00000001
 40
0.0
 40
0.0
 40
0.0
 40
1.0
 40
1.0
 40
1.0
 10
7.155624757678574
 20
67.3966566244653
 30
0.0
 10
6.759791424345241
 20
68.35238579113197
 30
0.0
 10
5.889999757678573
 20
68.35238579113197
 30
0.0
  0
SPLINE
  5
10000111
102
{ACAD_XDICTIONARY
360
10000112
102
}
330
1F
100
AcDbEntity
  8
MODELSKETCH_VISIBLE
100
AcDbSpline
210
0.0
220
0.0
230
1.0
 70
     8
 71
     2
 72
     6
 73
     3
 74
     0
 42
0.0000000001
 43
0.00000001
 40
0.0
 40
0.0
 40
0.0
 40
1.0
 40
1.0
 40
1.0
 10
7.160833091011907
 20
61.12712537446529
 30
0.0
 10
7.551458091011907
 20
62.08676079113196
 30
0.0
 10
7.551458091011907
 20
64.25082329113197
 30
0.0
  0
SPLINE
  5
10000115
102
{ACAD_XDICTIONARY
360
10000116
102
}
330
1F
100
AcDbEntity
  8
MODELSKETCH_VISIBLE
100
AcDbSpline
210
0.0
220
0.0
230
1.0
 70
     8
 71
     2
 72
     6
 73
     3
 74
     0
 42
0.0000000001
 43
0.00000001
 40
0.0
 40
0.0
 40
0.0
 40
1.0
 40
1.0
 40
1.0
 10
-40.6446236159382
 20
-27.69744349226293
 30
0.0
 10
-41.53264444927153
 20
-27.69744349226293
 30
0.0
 10
-41.9141548659382
 20
-28.65317265892959
 30
0.0
  0
SPLINE
  5
10000119
102
{ACAD_XDICTIONARY
360
1000011A
102
}
330
1F
100
AcDbEntity
  8
MODELSKETCH_VISIBLE
100
AcDbSpline
210
0.0
220
0.0
230
1.0
 70
     8
 71
     2
 72
     6
 73
     3
 74
     0
 42
0.0000000001
 43
0.00000001
 40
0.0
 40
0.0
 40
0.0
 40
1.0
 40
1.0
 40
1.0
 10
9.979843507678565
 20
-59.45974657422708
 30
0.0
 10
9.979843507678565
 20
-61.45193407422708
 30
0.0
 10
8.750676841011899
 20
-62.52745490756041
 30
0.0
  0
SPLINE
  5
1000011D
102
{ACAD_XDICTIONARY
360
1000011E
102
}
330
1F
100
AcDbEntity
  8
MODELSKETCH_VISIBLE
100
AcDbSpline
210
0.0
220
0.0
230
1.0
 70
     8
 71
     2
 72
     6
 73
     3
 74
     0
 42
0.0000000001
 43
0.00000001
 40
0.0
 40
0.0
 40
0.0
 40
1.0
 40
1.0
 40
1.0
 10
-0.5305731589880982
 20
65.64405245779862
 30
0.0
 10
-1.206354408988099
 20
64.86280245779864
 30
0.0
 10
-2.427708575654766
 20
64.5685316244653
 30
0.0
  0
LINE
  5
10000121
102
{ACAD_XDICTIONARY
360
10000122
102
}
330
1F
100
AcDbEntity
  8
MODELSKETCH_VISIBLE
100
AcDbLine
 10
-54.24358194927153
 20
-37.74692265892959
 30
0.0
 11
-54.24358194927153
 21
-35.99692265892959
 31
0.0
  0
SPLINE
  5
10000125
102
{ACAD_XDICTIONARY
360
10000126
102
}
330
1F
100
AcDbEntity
  8
MODELSKETCH_VISIBLE
100
AcDbSpline
210
0.0
220
0.0
230
1.0
 70
     8
 71
     2
 72
     6
 73
     3
 74
     0
 42
0.0000000001
 43
0.00000001
 40
0.0
 40
0.0
 40
0.0
 40
1.0
 40
1.0
 40
1.0
 10
2.029322674345236
 20
-60.78526740756042
 30
0.0
 10
2.669947674345235
 20
-61.12641324089375
 30
0.0
 10
3.525416424345234
 20
-61.34255907422708
 30
0.0
  0
SPLINE
  5
10000129
102
{ACAD_XDICTIONARY
360
1000012A
102
}
330
1F
100
AcDbEntity
  8
MODELSKETCH_VISIBLE
100
AcDbSpline
210
0.0
220
0.0
230
1.0
 70
     8
 71
     2
 72
     6
 73
     3
 74
     0
 42
0.0000000001
 43
0.00000001
 40
0.0
 40
0.0
 40
0.0
 40
1.0
 40
1.0
 40
1.0
 10
0.4941664243452351
 20
61.76905245779862
 30
0.0
 10
0.4941664243452351
 20
60.05290662446529
 30
0.0
 10
-0.7506252423214325
 20
59.09587537446529
 30
0.0
  0
SPLINE
  5
1000012D
102
{ACAD_XDICTIONARY
360
1000012E
102
}
330
1F
100
AcDbEntity
  8
MODELSKETCH_VISIBLE
100
AcDbSpline
210
0.0
220
0.0
230
1.0
 70
     8
 71
     2
 72
     6
 73
     3
 74
     0
 42
0.0000000001
 43
0.00000001
 40
0.0
 40
0.0
 40
0.0
 40
1.0
 40
1.0
 40
1.0
 10
-48.93629028260487
 20
-30.12192265892959
 30
0.0
 10
-48.75660278260487
 20
-29.67400599226293
 30
0.0
 10
-48.75660278260487
 20
-29.19483932559626
 30
0.0
  0
CIRCLE
  5
10000131
102
{ACAD_XDICTIONARY
360
10000132
102
}
330
1F
100
AcDbEntity
  8
MODELSKETCH_VISIBLE
100
AcDbCircle
 10
0.0
 20
0.0
 30
0.0
 40
92.075
  0
LINE
  5
10000135
102
{ACAD_XDICTIONARY
360
10000136
102
}
330
1F
100
AcDbEntity
  8
MODELSKETCH_VISIBLE
100
AcDbLine
 10
61.84062944734826
 20
-37.74692265892959
 30
0.0
 11
72.28663146581448
 21
-43.65294008442029
 31
0.0
  0
SPLINE
  5
10000139
102
{ACAD_XDICTIONARY
360
1000013A
102
}
330
1F
100
AcDbEntity
  8
MODELSKETCH_VISIBLE
100
AcDbSpline
210
0.0
220
0.0
230
1.0
 70
     8
 71
     2
 72
     6
 73
     3
 74
     0
 42
0.0000000001
 43
0.00000001
 40
0.0
 40
0.0
 40
0.0
 40
1.0
 40
1.0
 40
1.0
 10
2.757187257678571
 20
68.89535454113197
 30
0.0
 10
3.775416424345238
 20
70.3888441244653
 30
0.0
 10
5.889999757678573
 20
70.3888441244653
 30
0.0
  0
SPLINE
  5
1000013D
102
{ACAD_XDICTIONARY
360
1000013E
102
}
330
1F
100
AcDbEntity
  8
MODELSKETCH_VISIBLE
100
AcDbSpline
210
0.0
220
0.0
230
1.0
 70
     8
 71
     2
 72
     6
 73
     3
 74
     0
 42
0.0000000001
 43
0.00000001
 40
0.0
 40
0.0
 40
0.0
 40
1.0
 40
1.0
 40
1.0
 10
-42.29566528260487
 20
-31.79900599226293
 30
0.0
 10
-42.29566528260487
 20
-33.98650599226293
 30
0.0
 10
-41.91806111593819
 20
-34.93442265892959
 30
0.0
  0
LINE
  5
10000141
102
{ACAD_XDICTIONARY
360
10000142
102
}
330
1F
100
AcDbEntity
  8
MODELSKETCH_VISIBLE
100
AcDbLine
 10
84.99709563973268
 20
-7.165680131737608
 30
0.0
 11
70.07894925875365
 21
-5.600781235424391
 31
0.0
  0
SPLINE
  5
10000145
102
{ACAD_XDICTIONARY
360
10000146
102
}
330
1F
100
AcDbEntity
  8
MODELSKETCH_VISIBLE
100
AcDbSpline
210
0.0
220
0.0
230
1.0
 70
     8
 71
     2
 72
     6
 73
     3
 74
     0
 42
0.0000000001
 43
0.00000001
 40
0.0
 40
0.0
 40
0.0
 40
1.0
 40
1.0
 40
1.0
 10
-58.83514972297767
 20
40.58533103561076
 30
0.0
 10
-57.957545556311
 20
41.33533103561076
 30
0.0
 10
-57.379420556311
 20
41.64392478561077
 30
0.0
  0
SPLINE
  5
10000149
102
{ACAD_XDICTIONARY
360
1000014A
102
}
330
1F
100
AcDbEntity
  8
MODELSKETCH_VISIBLE
100
AcDbSpline
210
0.0
220
0.0
230
1.0
 70
     8
 71
     2
 72
     6
 73
     3
 74
     0
 42
0.0000000001
 43
0.00000001
 40
0.0
 40
0.0
 40
0.0
 40
1.0
 40
1.0
 40
1.0
 10
5.143906007678568
 20
-61.55870490756041
 30
0.0
 10
7.448593507678566
 20
-61.55870490756041
 30
0.0
 10
7.448593507678566
 20
-59.67068407422708
 30
0.0
  0
SPLINE
  5
1000014D
102
{ACAD_XDICTIONARY
360
1000014E
102
}
330
1F
100
AcDbEntity
  8
MODELSKETCH_VISIBLE
100
AcDbSpline
210
0.0
220
0.0
230
1.0
 70
     8
 71
     2
 72
     6
 73
     3
 74
     0
 42
0.0000000001
 43
0.00000001
 40
0.0
 40
0.0
 40
0.0
 40
1.0
 40
1.0
 40
1.0
 10
-4.305312742321435
 20
58.13884412446529
 30
0.0
 10
-6.242812742321437
 20
58.13884412446529
 30
0.0
 10
-7.740208575654772
 20
58.78207329113196
 30
0.0
  0
SPLINE
  5
10000151
102
{ACAD_XDICTIONARY
360
10000152
102
}
330
1F
100
AcDbEntity
  8
MODELSKETCH_VISIBLE
100
AcDbSpline
210
0.0
220
0.0
230
1.0
 70
     8
 71
     2
 72
     6
 73
     3
 74
     0
 42
0.0000000001
 43
0.00000001
 40
0.0
 40
0.0
 40
0.0
 40
1.0
 40
1.0
 40
1.0
 10
-49.15243611593819
 20
-28.12843307559626
 30
0.0
 10
-49.54826944927153
 20
-27.77817265892959
 30
0.0
 10
-50.20712361593819
 20
-27.77817265892959
 30
0.0
  0
LINE
  5
10000155
102
{ACAD_XDICTIONARY
360
10000156
102
}
330
1F
100
AcDbEntity
  8
MODELSKETCH_VISIBLE
100
AcDbLine
 10
80.59441387346358
 20
-26.56927755904035
 30
0.0
 11
66.46175933303212
 21
-21.54254147676767
 31
0.0
  0
LINE
  5
10000159
102
{ACAD_XDICTIONARY
360
1000015A
102
}
330
1F
100
AcDbEntity
  8
MODELSKETCH_VISIBLE
100
AcDbLine
 10
-57.46796222297766
 20
38.96553936894411
 30
0.0
 11
-58.83514972297767
 21
40.58533103561077
 31
0.0
  0
SPLINE
  5
1000015D
102
{ACAD_XDICTIONARY
360
1000015E
102
}
330
1F
100
AcDbEntity
  8
MODELSKETCH_VISIBLE
100
AcDbSpline
210
0.0
220
0.0
230
1.0
 70
     8
 71
     2
 72
     6
 73
     3
 74
     0
 42
0.0000000001
 43
0.00000001
 40
0.0
 40
0.0
 40
0.0
 40
1.0
 40
1.0
 40
1.0
 10
3.525416424345234
 20
-61.34255907422708
 30
0.0
 10
4.380885174345234
 20
-61.55870490756041
 30
0.0
 10
5.143906007678568
 20
-61.55870490756041
 30
0.0
  0
SPLINE
  5
10000161
102
{ACAD_XDICTIONARY
360
10000162
102
}
330
1F
100
AcDbEntity
  8
MODELSKETCH_VISIBLE
100
AcDbSpline
210
0.0
220
0.0
230
1.0
 70
     8
 71
     2
 72
     6
 73
     3
 74
     0
 42
0.0000000001
 43
0.00000001
 40
0.0
 40
0.0
 40
0.0
 40
1.0
 40
1.0
 40
1.0
 10
-0.7506252423214325
 20
59.09587537446529
 30
0.0
 10
-1.9954169089881
 20
58.13884412446529
 30
0.0
 10
-4.305312742321435
 20
58.13884412446529
 30
0.0
  0
SPLINE
  5
10000165
102
{ACAD_XDICTIONARY
360
10000166
102
}
330
1F
100
AcDbEntity
  8
MODELSKETCH_VISIBLE
100
AcDbSpline
210
0.0
220
0.0
230
1.0
 70
     8
 71
     2
 72
     6
 73
     3
 74
     0
 42
0.0000000001
 43
0.00000001
 40
0.0
 40
0.0
 40
0.0
 40
1.0
 40
1.0
 40
1.0
 10
-48.75660278260487
 20
-29.19483932559626
 30
0.0
 10
-48.75660278260487
 20
-28.47869349226293
 30
0.0
 10
-49.15243611593819
 20
-28.12843307559626
 30
0.0
  0
LINE
  5
10000169
102
{ACAD_XDICTIONARY
360
1000016A
102
}
330
1F
100
AcDbEntity
  8
MODELSKETCH_VISIBLE
100
AcDbLine
 10
-77.8326435247731
 20
-26.56927755904035
 30
0.0
 11
-63.69998898434164
 21
-21.54254147676767
 31
0.0
  0
SPLINE
  5
1000016D
102
{ACAD_XDICTIONARY
360
1000016E
102
}
330
1F
100
AcDbEntity
  8
MODELSKETCH_VISIBLE
100
AcDbSpline
210
0.0
220
0.0
230
1.0
 70
     8
 71
     2
 72
     6
 73
     3
 74
     0
 42
0.0000000001
 43
0.00000001
 40
0.0
 40
0.0
 40
0.0
 40
1.0
 40
1.0
 40
1.0
 10
-56.10858722297767
 20
39.86918520227744
 30
0.0
 10
-56.75962888964433
 20
39.5514768689441
 30
0.0
 10
-57.46796222297767
 20
38.96553936894411
 30
0.0
  0
SPLINE
  5
10000171
102
{ACAD_XDICTIONARY
360
10000172
102
}
330
1F
100
AcDbEntity
  8
MODELSKETCH_VISIBLE
100
AcDbSpline
210
0.0
220
0.0
230
1.0
 70
     8
 71
     2
 72
     6
 73
     3
 74
     0
 42
0.0000000001
 43
0.00000001
 40
0.0
 40
0.0
 40
0.0
 40
1.0
 40
1.0
 40
1.0
 10
-0.2454169089880984
 20
63.64535454113196
 30
0.0
 10
0.4941664243452351
 20
62.94873995779862
 30
0.0
 10
0.4941664243452351
 20
61.76905245779862
 30
0.0
  0
SPLINE
  5
10000175
102
{ACAD_XDICTIONARY
360
10000176
102
}
330
1F
100
AcDbEntity
  8
MODELSKETCH_VISIBLE
100
AcDbSpline
210
0.0
220
0.0
230
1.0
 70
     8
 71
     2
 72
     6
 73
     3
 74
     0
 42
0.0000000001
 43
0.00000001
 40
0.0
 40
0.0
 40
0.0
 40
1.0
 40
1.0
 40
1.0
 10
-49.52222778260487
 20
-31.09457890892959
 30
0.0
 10
-49.11597778260486
 20
-30.56983932559626
 30
0.0
 10
-48.93629028260487
 20
-30.12192265892959
 30
0.0
  0
LINE
  5
10000179
102
{ACAD_XDICTIONARY
360
1000017A
102
}
330
1F
100
AcDbEntity
  8
MODELSKETCH_VISIBLE
100
AcDbLine
 10
72.28663146581448
 20
46.86409644861631
 30
0.0
 11
74.74747205976895
 21
42.5115956075887
 31
0.0
  0
SPLINE
  5
1000017D
102
{ACAD_XDICTIONARY
360
1000017E
102
}
330
1F
100
AcDbEntity
  8
MODELSKETCH_VISIBLE
100
AcDbSpline
210
0.0
220
0.0
230
1.0
 70
     8
 71
     2
 72
     6
 73
     3
 74
     0
 42
0.0000000001
 43
0.00000001
 40
0.0
 40
0.0
 40
0.0
 40
1.0
 40
1.0
 40
1.0
 10
-3.841771075654768
 20
70.37061495779864
 30
0.0
 10
-1.9954169089881
 20
70.37061495779864
 30
0.0
 10
-0.925104408988099
 20
69.62191704113197
 30
0.0
  0
SPLINE
  5
10000181
102
{ACAD_XDICTIONARY
360
10000182
102
}
330
1F
100
AcDbEntity
  8
MODELSKETCH_VISIBLE
100
AcDbSpline
210
0.0
220
0.0
230
1.0
 70
     8
 71
     2
 72
     6
 73
     3
 74
     0
 42
0.0000000001
 43
0.00000001
 40
0.0
 40
0.0
 40
0.0
 40
1.0
 40
1.0
 40
1.0
 10
-37.49879028260486
 20
-36.41228724226293
 30
0.0
 10
-38.5196236159382
 20
-37.91098515892959
 30
0.0
 10
-40.6446236159382
 20
-37.91098515892959
 30
0.0
  0
LINE
  5
10000185
102
{ACAD_XDICTIONARY
360
10000186
102
}
330
1F
100
AcDbEntity
  8
MODELSKETCH_VISIBLE
100
AcDbLine
 10
74.74747205976894
 20
42.51159560758872
 30
0.0
 11
64.30147004130272
 21
36.60557818209801
 31
0.0
  0
SPLINE
  5
10000189
102
{ACAD_XDICTIONARY
360
1000018A
102
}
330
1F
100
AcDbEntity
  8
MODELSKETCH_VISIBLE
100
AcDbSpline
210
0.0
220
0.0
230
1.0
 70
     8
 71
     2
 72
     6
 73
     3
 74
     0
 42
0.0000000001
 43
0.00000001
 40
0.0
 40
0.0
 40
0.0
 40
1.0
 40
1.0
 40
1.0
 10
-7.724583575654772
 20
69.19873995779862
 30
0.0
 10
-6.096979408988103
 20
70.37061495779864
 30
0.0
 10
-3.841771075654768
 20
70.37061495779864
 30
0.0
  0
SPLINE
  5
1000018D
102
{ACAD_XDICTIONARY
360
1000018E
102
}
330
1F
100
AcDbEntity
  8
MODELSKETCH_VISIBLE
100
AcDbSpline
210
0.0
220
0.0
230
1.0
 70
     8
 71
     2
 72
     6
 73
     3
 74
     0
 42
0.0000000001
 43
0.00000001
 40
0.0
 40
0.0
 40
0.0
 40
1.0
 40
1.0
 40
1.0
 10
-36.47795694927153
 20
-31.79900599226293
 30
0.0
 10
-36.47795694927153
 20
-34.91358932559626
 30
0.0
 10
-37.49879028260486
 20
-36.41228724226293
 30
0.0
  0
SPLINE
  5
10000191
102
{ACAD_XDICTIONARY
360
10000192
102
}
330
1F
100
AcDbEntity
  8
MODELSKETCH_VISIBLE
100
AcDbSpline
210
0.0
220
0.0
230
1.0
 70
     8
 71
     2
 72
     6
 73
     3
 74
     0
 42
0.0000000001
 43
0.00000001
 40
0.0
 40
0.0
 40
0.0
 40
1.0
 40
1.0
 40
1.0
 10
7.551458091011907
 20
64.25082329113197
 30
0.0
 10
7.551458091011907
 20
66.44092745779862
 30
0.0
 10
7.155624757678574
 20
67.3966566244653
 30
0.0
  0
LINE
  5
10000195
102
{ACAD_XDICTIONARY
360
10000196
102
}
330
1F
100
AcDbEntity
  8
MODELSKETCH_VISIBLE
100
AcDbLine
 10
-61.53969969261227
 20
36.60557818209801
 30
0.0
 11
-59.0788590986578
 21
40.95807902312561
 31
0.0
  0
SPLINE
  5
10000199
102
{ACAD_XDICTIONARY
360
1000019A
102
}
330
1F
100
AcDbEntity
  8
MODELSKETCH_VISIBLE
100
AcDbSpline
210
0.0
220
0.0
230
1.0
 70
     8
 71
     2
 72
     6
 73
     3
 74
     0
 42
0.0000000001
 43
0.00000001
 40
0.0
 40
0.0
 40
0.0
 40
1.0
 40
1.0
 40
1.0
 10
-2.328750242321434
 20
66.98519829113197
 30
0.0
 10
-2.328750242321434
 20
68.33676079113197
 30
0.0
 10
-4.021458575654768
 20
68.33676079113197
 30
0.0
  0
LINE
  5
1000019D
102
{ACAD_XDICTIONARY
360
1000019E
102
}
330
1F
100
AcDbEntity
  8
MODELSKETCH_VISIBLE
100
AcDbLine
 10
-49.57951944927153
 20
-34.07765182559626
 30
0.0
 11
-51.11076944927153
 21
-35.51775599226292
 31
0.0
  0
CIRCLE
  5
100001A1
102
{ACAD_XDICTIONARY
360
100001A2
102
}
330
1F
100
AcDbEntity
  8
MODELSKETCH_VISIBLE
100
AcDbCircle
 10
-14.5
 20
84.48979598152667
 30
0.0
 40
3.034105634547261
  0
SPLINE
  5
100001A5
102
{ACAD_XDICTIONARY
360
100001A6
102
}
330
1F
100
AcDbEntity
  8
MODELSKETCH_VISIBLE
100
AcDbSpline
210
0.0
220
0.0
230
1.0
 70
     8
 71
     2
 72
     6
 73
     3
 74
     0
 42
0.0000000001
 43
0.00000001
 40
0.0
 40
0.0
 40
0.0
 40
1.0
 40
1.0
 40
1.0
 10
-47.059108056311
 20
35.69991436894411
 30
0.0
 10
-47.57994138964433
 20
35.6139768689441
 30
0.0
 10
-47.90546222297766
 20
35.51501853561076
 30
0.0
  0
LINE
  5
100001A9
102
{ACAD_XDICTIONARY
360
100001AA
102
}
330
1F
100
AcDbEntity
  8
MODELSKETCH_VISIBLE
100
AcDbLine
 10
-61.53969969261228
 20
-33.39442181790198
 30
0.0
 11
-59.0788590986578
 21
-37.74692265892959
 31
0.0
  0
SPLINE
  5
100001AD
102
{ACAD_XDICTIONARY
360
100001AE
102
}
330
1F
100
AcDbEntity
  8
MODELSKETCH_VISIBLE
100
AcDbSpline
210
0.0
220
0.0
230
1.0
 70
     8
 71
     2
 72
     6
 73
     3
 74
     0
 42
0.0000000001
 43
0.00000001
 40
0.0
 40
0.0
 40
0.0
 40
1.0
 40
1.0
 40
1.0
 10
9.03583309101191
 20
59.63754204113195
 30
0.0
 10
8.014999757678574
 20
58.13884412446529
 30
0.0
 10
5.889999757678573
 20
58.13884412446529
 30
0.0
  0
SPLINE
  5
100001B1
102
{ACAD_XDICTIONARY
360
100001B2
102
}
330
1F
100
AcDbEntity
  8
MODELSKETCH_VISIBLE
100
AcDbSpline
210
0.0
220
0.0
230
1.0
 70
     8
 71
     2
 72
     6
 73
     3
 74
     0
 42
0.0000000001
 43
0.00000001
 40
0.0
 40
0.0
 40
0.0
 40
1.0
 40
1.0
 40
1.0
 10
-44.79566528260487
 20
-31.79900599226293
 30
0.0
 10
-44.79566528260487
 20
-28.64796432559626
 30
0.0
 10
-43.7774361159382
 20
-27.15447474226293
 30
0.0
  0
LINE
  5
100001B5
102
{ACAD_XDICTIONARY
360
100001B6
102
}
330
1F
100
AcDbEntity
  8
MODELSKETCH_VISIBLE
100
AcDbLine
 10
3.880885174345233
 20
73.60557818209801
 30
0.0
 11
3.880885174345234
 21
85.605578182098
 31
0.0
  0
SPLINE
  5
100001B9
102
{ACAD_XDICTIONARY
360
100001BA
102
}
330
1F
100
AcDbEntity
  8
MODELSKETCH_VISIBLE
100
AcDbSpline
210
0.0
220
0.0
230
1.0
 70
     8
 71
     2
 72
     6
 73
     3
 74
     0
 42
0.0000000001
 43
0.00000001
 40
0.0
 40
0.0
 40
0.0
 40
1.0
 40
1.0
 40
1.0
 10
54.97354156382876
 20
-35.44281011029408
 30
0.0
 10
53.95270823049543
 20
-36.94150802696075
 30
0.0
 10
51.82770823049543
 20
-36.94150802696075
 30
0.0
  0
LINE
  5
100001BD
102
{ACAD_XDICTIONARY
360
100001BE
102
}
330
1F
100
AcDbEntity
  8
MODELSKETCH_VISIBLE
100
AcDbLine
 10
84.99709563973268
 20
10.37683649593363
 30
0.0
 11
70.07894925875365
 21
8.811937599620409
 31
0.0
  0
SPLINE
  5
100001C1
102
{ACAD_XDICTIONARY
360
100001C2
102
}
330
1F
100
AcDbEntity
  8
MODELSKETCH_VISIBLE
100
AcDbSpline
210
0.0
220
0.0
230
1.0
 70
     8
 71
     2
 72
     6
 73
     3
 74
     0
 42
0.0000000001
 43
0.00000001
 40
0.0
 40
0.0
 40
0.0
 40
1.0
 40
1.0
 40
1.0
 10
-57.379420556311
 20
41.64392478561077
 30
0.0
 10
-56.801295556311
 20
41.95251853561077
 30
0.0
 10
-56.117701806311
 20
42.11918520227744
 30
0.0
  0
LINE
  5
100001C5
102
{ACAD_XDICTIONARY
360
100001C6
102
}
330
1F
100
AcDbEntity
  8
MODELSKETCH_VISIBLE
100
AcDbLine
 10
63.66486727611755
 20
58.0795651012638
 30
0.0
 11
52.55264923833479
 21
48.00392069106473
 31
0.0
  0
SPLINE
  5
100001C9
102
{ACAD_XDICTIONARY
360
100001CA
102
}
330
1F
100
AcDbEntity
  8
MODELSKETCH_VISIBLE
100
AcDbSpline
210
0.0
220
0.0
230
1.0
 70
     8
 71
     2
 72
     6
 73
     3
 74
     0
 42
0.0000000001
 43
0.00000001
 40
0.0
 40
0.0
 40
0.0
 40
1.0
 40
1.0
 40
1.0
 10
8.9577080910119
 20
-56.80610074089375
 30
0.0
 10
9.979843507678565
 20
-57.77485074089375
 30
0.0
 10
9.979843507678565
 20
-59.45974657422708
 30
0.0
  0
SPLINE
  5
100001CD
102
{ACAD_XDICTIONARY
360
100001CE
102
}
330
1F
100
AcDbEntity
  8
MODELSKETCH_VISIBLE
100
AcDbSpline
210
0.0
220
0.0
230
1.0
 70
     8
 71
     2
 72
     6
 73
     3
 74
     0
 42
0.0000000001
 43
0.00000001
 40
0.0
 40
0.0
 40
0.0
 40
1.0
 40
1.0
 40
1.0
 10
0.145208091011902
 20
67.53988579113197
 30
0.0
 10
0.145208091011902
 20
66.42530245779862
 30
0.0
 10
-0.5305731589880982
 20
65.64405245779862
 30
0.0
  0
LINE
  5
100001D1
102
{ACAD_XDICTIONARY
360
100001D2
102
}
330
1F
100
AcDbEntity
  8
MODELSKETCH_VISIBLE
100
AcDbLine
 10
-45.92587361593819
 20
-37.74692265892959
 30
0.0
 11
-54.24358194927153
 21
-37.74692265892959
 31
0.0
  0
CIRCLE
  5
100001D5
102
{ACAD_XDICTIONARY
360
100001D6
102
}
330
1F
100
AcDbEntity
  8
MODELSKETCH_VISIBLE
100
AcDbCircle
 10
17.5
 20
2.666666666666665
 30
0.0
 40
2.25
  0
LINE
  5
100001D9
102
{ACAD_XDICTIONARY
360
100001DA
102
}
330
1F
100
AcDbEntity
  8
MODELSKETCH_VISIBLE
100
AcDbLine
 10
9.1647393410119
 20
-53.67328824089375
 30
0.0
 11
4.917343507678567
 21
-53.67328824089375
 31
0.0
  0
SPLINE
  5
100001DD
102
{ACAD_XDICTIONARY
360
100001DE
102
}
330
1F
100
AcDbEntity
  8
MODELSKETCH_VISIBLE
100
AcDbSpline
210
0.0
220
0.0
230
1.0
 70
     8
 71
     2
 72
     6
 73
     3
 74
     0
 42
0.0000000001
 43
0.00000001
 40
0.0
 40
0.0
 40
0.0
 40
1.0
 40
1.0
 40
1.0
 10
4.616562257678573
 20
61.11540662446529
 30
0.0
 10
4.994166424345239
 20
60.16748995779862
 30
0.0
 10
5.889999757678573
 20
60.16748995779862
 30
0.0
  0
SPLINE
  5
100001E1
102
{ACAD_XDICTIONARY
360
100001E2
102
}
330
1F
100
AcDbEntity
  8
MODELSKETCH_VISIBLE
100
AcDbSpline
210
0.0
220
0.0
230
1.0
 70
     8
 71
     2
 72
     6
 73
     3
 74
     0
 42
0.0000000001
 43
0.00000001
 40
0.0
 40
0.0
 40
0.0
 40
1.0
 40
1.0
 40
1.0
 10
-38.98316528260487
 20
-31.79900599226293
 30
0.0
 10
-38.98316528260487
 20
-29.60890182559626
 30
0.0
 10
-39.3789986159382
 20
-28.65317265892959
 30
0.0
  0
SPLINE
  5
100001E5
102
{ACAD_XDICTIONARY
360
100001E6
102
}
330
1F
100
AcDbEntity
  8
MODELSKETCH_VISIBLE
100
AcDbSpline
210
0.0
220
0.0
230
1.0
 70
     8
 71
     2
 72
     6
 73
     3
 74
     0
 42
0.0000000001
 43
0.00000001
 40
0.0
 40
0.0
 40
0.0
 40
1.0
 40
1.0
 40
1.0
 10
8.750676841011899
 20
-62.52745490756041
 30
0.0
 10
7.521510174345234
 20
-63.60297574089375
 30
0.0
 10
5.2350518410119
 20
-63.60297574089375
 30
0.0
  0
LINE
  5
100001E9
102
{ACAD_XDICTIONARY
360
100001EA
102
}
330
1F
100
AcDbEntity
  8
MODELSKETCH_VISIBLE
100
AcDbLine
 10
-2.427708575654766
 20
64.5685316244653
 30
0.0
 11
-2.427708575654766
 21
64.5216566244653
 31
0.0
  0
LINE
  5
100001ED
102
{ACAD_XDICTIONARY
360
100001EE
102
}
330
1F
100
AcDbEntity
  8
MODELSKETCH_VISIBLE
100
AcDbLine
 10
-54.24358194927153
 20
-35.99692265892959
 30
0.0
 11
-51.25660278260486
 21
-32.97869349226293
 31
0.0
  0
LINE
  5
100001F1
102
{ACAD_XDICTIONARY
360
100001F2
102
}
330
1F
100
AcDbEntity
  8
MODELSKETCH_VISIBLE
100
AcDbLine
 10
80.59441387346358
 20
29.78043392323637
 30
0.0
 11
66.46175933303212
 21
24.7536978409637
 31
0.0
  0
SPLINE
  5
100001F5
102
{ACAD_XDICTIONARY
360
100001F6
102
}
330
1F
100
AcDbEntity
  8
MODELSKETCH_VISIBLE
100
AcDbSpline
210
0.0
220
0.0
230
1.0
 70
     8
 71
     2
 72
     6
 73
     3
 74
     0
 42
0.0000000001
 43
0.00000001
 40
0.0
 40
0.0
 40
0.0
 40
1.0
 40
1.0
 40
1.0
 10
5.2350518410119
 20
-63.60297574089375
 30
0.0
 10
3.248072674345235
 20
-63.60297574089375
 30
0.0
 10
2.029322674345236
 20
-62.95974657422708
 30
0.0
  0
SPLINE
  5
100001F9
102
{ACAD_XDICTIONARY
360
100001FA
102
}
330
1F
100
AcDbEntity
  8
MODELSKETCH_VISIBLE
100
AcDbSpline
210
0.0
220
0.0
230
1.0
 70
     8
 71
     2
 72
     6
 73
     3
 74
     0
 42
0.0000000001
 43
0.00000001
 40
0.0
 40
0.0
 40
0.0
 40
1.0
 40
1.0
 40
1.0
 10
-2.427708575654766
 20
64.5216566244653
 30
0.0
 10
-0.9850002423214327
 20
64.3419691244653
 30
0.0
 10
-0.2454169089880984
 20
63.64535454113196
 30
0.0
  0
SPLINE
  5
100001FD
102
{ACAD_XDICTIONARY
360
100001FE
102
}
330
1F
100
AcDbEntity
  8
MODELSKETCH_VISIBLE
100
AcDbSpline
210
0.0
220
0.0
230
1.0
 70
     8
 71
     2
 72
     6
 73
     3
 74
     0
 42
0.0000000001
 43
0.00000001
 40
0.0
 40
0.0
 40
0.0
 40
1.0
 40
1.0
 40
1.0
 10
-51.25660278260487
 20
-32.97869349226293
 30
0.0
 10
-49.92847778260487
 20
-31.61931849226292
 30
0.0
 10
-49.52222778260487
 20
-31.09457890892959
 30
0.0
  0
SPLINE
  5
10000201
102
{ACAD_XDICTIONARY
360
10000202
102
}
330
1F
100
AcDbEntity
  8
MODELSKETCH_VISIBLE
100
AcDbSpline
210
0.0
220
0.0
230
1.0
 70
     8
 71
     2
 72
     6
 73
     3
 74
     0
 42
0.0000000001
 43
0.00000001
 40
0.0
 40
0.0
 40
0.0
 40
1.0
 40
1.0
 40
1.0
 10
7.448593507678566
 20
-59.67068407422708
 30
0.0
 10
7.448593507678566
 20
-57.87120490756042
 30
0.0
 10
5.063176841011901
 20
-57.87120490756042
 30
0.0
  0
LINE
  5
10000205
102
{ACAD_XDICTIONARY
360
10000206
102
}
330
1F
100
AcDbEntity
  8
MODELSKETCH_VISIBLE
100
AcDbLine
 10
-7.740208575654772
 20
58.78207329113195
 30
0.0
 11
-7.740208575654772
 21
60.92269829113196
 31
0.0
  0
SPLINE
  5
10000209
102
{ACAD_XDICTIONARY
360
1000020A
102
}
330
1F
100
AcDbEntity
  8
MODELSKETCH_VISIBLE
100
AcDbSpline
210
0.0
220
0.0
230
1.0
 70
     8
 71
     2
 72
     6
 73
     3
 74
     0
 42
0.0000000001
 43
0.00000001
 40
0.0
 40
0.0
 40
0.0
 40
1.0
 40
1.0
 40
1.0
 10
-50.20712361593819
 20
-27.77817265892959
 30
0.0
 10
-50.89722778260487
 20
-27.77817265892959
 30
0.0
 10
-51.54826944927153
 20
-28.09588099226293
 30
0.0
  0
SPLINE
  5
1000020D
102
{ACAD_XDICTIONARY
360
1000020E
102
}
330
1F
100
AcDbEntity
  8
MODELSKETCH_VISIBLE
100
AcDbSpline
210
0.0
220
0.0
230
1.0
 70
     8
 71
     2
 72
     6
 73
     3
 74
     0
 42
0.0000000001
 43
0.00000001
 40
0.0
 40
0.0
 40
0.0
 40
1.0
 40
1.0
 40
1.0
 10
5.063176841011901
 20
-57.87120490756042
 30
0.0
 10
4.6334893410119
 20
-57.87120490756042
 30
0.0
 10
4.112656007678567
 20
-57.95714240756042
 30
0.0
  0
SPLINE
  5
10000211
102
{ACAD_XDICTIONARY
360
10000212
102
}
330
1F
100
AcDbEntity
  8
MODELSKETCH_VISIBLE
100
AcDbSpline
210
0.0
220
0.0
230
1.0
 70
     8
 71
     2
 72
     6
 73
     3
 74
     0
 42
0.0000000001
 43
0.00000001
 40
0.0
 40
0.0
 40
0.0
 40
1.0
 40
1.0
 40
1.0
 10
-7.740208575654772
 20
60.92269829113196
 30
0.0
 10
-7.050104408988104
 20
60.57373995779862
 30
0.0
 10
-6.219375242321436
 20
60.35368787446529
 30
0.0
  0
SPLINE
  5
10000215
102
{ACAD_XDICTIONARY
360
10000216
102
}
330
1F
100
AcDbEntity
  8
MODELSKETCH_VISIBLE
100
AcDbSpline
210
0.0
220
0.0
230
1.0
 70
     8
 71
     2
 72
     6
 73
     3
 74
     0
 42
0.0000000001
 43
0.00000001
 40
0.0
 40
0.0
 40
0.0
 40
1.0
 40
1.0
 40
1.0
 10
-51.54826944927153
 20
-28.09588099226293
 30
0.0
 10
-52.1993111159382
 20
-28.41358932559626
 30
0.0
 10
-52.90764444927154
 20
-28.99952682559626
 30
0.0
  0
SPLINE
  5
10000219
102
{ACAD_XDICTIONARY
360
1000021A
102
}
330
1F
100
AcDbEntity
  8
MODELSKETCH_VISIBLE
100
AcDbSpline
210
0.0
220
0.0
230
1.0
 70
     8
 71
     2
 72
     6
 73
     3
 74
     0
 42
0.0000000001
 43
0.00000001
 40
0.0
 40
0.0
 40
0.0
 40
1.0
 40
1.0
 40
1.0
 10
4.112656007678567
 20
-57.95714240756042
 30
0.0
 10
3.591822674345234
 20
-58.04307990756042
 30
0.0
 10
3.266301841011902
 20
-58.14203824089375
 30
0.0
  0
SPLINE
  5
1000021D
102
{ACAD_XDICTIONARY
360
1000021E
102
}
330
1F
100
AcDbEntity
  8
MODELSKETCH_VISIBLE
100
AcDbSpline
210
0.0
220
0.0
230
1.0
 70
     8
 71
     2
 72
     6
 73
     3
 74
     0
 42
0.0000000001
 43
0.00000001
 40
0.0
 40
0.0
 40
0.0
 40
1.0
 40
1.0
 40
1.0
 10
-6.219375242321436
 20
60.35368787446529
 30
0.0
 10
-5.388646075654769
 20
60.13363579113196
 30
0.0
 10
-4.576146075654768
 20
60.13363579113196
 30
0.0
  0
LINE
  5
10000221
102
{ACAD_XDICTIONARY
360
10000222
102
}
330
1F
100
AcDbEntity
  8
MODELSKETCH_VISIBLE
100
AcDbLine
 10
-52.90764444927153
 20
-28.99952682559626
 30
0.0
 11
-54.27483194927153
 21
-27.37973515892959
 31
0.0
  0
LINE
  5
10000225
102
{ACAD_XDICTIONARY
360
10000226
102
}
330
1F
100
AcDbEntity
  8
MODELSKETCH_VISIBLE
100
AcDbLine
 10
3.266301841011904
 20
-58.14203824089375
 30
0.0
 11
2.263697674345232
 21
-57.60297574089375
 31
0.0
  0
SPLINE
  5
10000229
102
{ACAD_XDICTIONARY
360
1000022A
102
}
330
1F
100
AcDbEntity
  8
MODELSKETCH_VISIBLE
100
AcDbSpline
210
0.0
220
0.0
230
1.0
 70
     8
 71
     2
 72
     6
 73
     3
 74
     0
 42
0.0000000001
 43
0.00000001
 40
0.0
 40
0.0
 40
0.0
 40
1.0
 40
1.0
 40
1.0
 10
-4.576146075654768
 20
60.13363579113196
 30
0.0
 10
-3.328750242321435
 20
60.13363579113196
 30
0.0
 10
-2.735000242321434
 20
60.55681287446529
 30
0.0
  0
SPLINE
  5
1000022D
102
{ACAD_XDICTIONARY
360
1000022E
102
}
330
1F
100
AcDbEntity
  8
MODELSKETCH_VISIBLE
100
AcDbSpline
210
0.0
220
0.0
230
1.0
 70
     8
 71
     2
 72
     6
 73
     3
 74
     0
 42
0.0000000001
 43
0.00000001
 40
0.0
 40
0.0
 40
0.0
 40
1.0
 40
1.0
 40
1.0
 10
-54.27483194927153
 20
-27.37973515892959
 30
0.0
 10
-53.39722778260486
 20
-26.62973515892959
 30
0.0
 10
-52.81910278260487
 20
-26.32114140892959
 30
0.0
  0
LINE
  5
10000231
102
{ACAD_XDICTIONARY
360
10000232
102
}
330
1F
100
AcDbEntity
  8
MODELSKETCH_VISIBLE
100
AcDbLine
 10
2.263697674345234
 20
-57.60297574089375
 30
0.0
 11
2.711614341011901
 21
-51.54047574089375
 31
0.0
  0
LINE
  5
10000235
102
{ACAD_XDICTIONARY
360
10000236
102
}
330
1F
100
AcDbEntity
  8
MODELSKETCH_VISIBLE
100
AcDbLine
 10
47.81663559399109
 20
41.78326627409134
 30
0.0
 11
54.26976059399109
 21
41.78326627409134
 31
0.0
  0
LINE
  5
10000239
102
{ACAD_XDICTIONARY
360
1000023A
102
}
330
1F
100
AcDbEntity
  8
MODELSKETCH_VISIBLE
100
AcDbLine
 10
3.88088517434524
 20
-82.39442181790197
 30
0.0
 11
-1.119114825654757
 21
-82.39442181790197
 31
0.0
  0
SPLINE
  5
1000023D
102
{ACAD_XDICTIONARY
360
1000023E
102
}
330
1F
100
AcDbEntity
  8
MODELSKETCH_VISIBLE
100
AcDbSpline
210
0.0
220
0.0
230
1.0
 70
     8
 71
     2
 72
     6
 73
     3
 74
     0
 42
0.0000000001
 43
0.00000001
 40
0.0
 40
0.0
 40
0.0
 40
1.0
 40
1.0
 40
1.0
 10
-2.735000242321434
 20
60.55681287446529
 30
0.0
 10
-2.141250242321433
 20
60.97998995779862
 30
0.0
 10
-2.141250242321433
 20
61.91748995779862
 30
0.0
  0
SPLINE
  5
10000241
102
{ACAD_XDICTIONARY
360
10000242
102
}
330
1F
100
AcDbEntity
  8
MODELSKETCH_VISIBLE
100
AcDbSpline
210
0.0
220
0.0
230
1.0
 70
     8
 71
     2
 72
     6
 73
     3
 74
     0
 42
0.0000000001
 43
0.00000001
 40
0.0
 40
0.0
 40
0.0
 40
1.0
 40
1.0
 40
1.0
 10
-52.81910278260487
 20
-26.32114140892959
 30
0.0
 10
-52.24097778260487
 20
-26.01254765892959
 30
0.0
 10
-51.55738403260487
 20
-25.84588099226293
 30
0.0
  0
LINE
  5
10000245
102
{ACAD_XDICTIONARY
360
10000246
102
}
330
1F
100
AcDbEntity
  8
MODELSKETCH_VISIBLE
100
AcDbLine
 10
2.711614341011902
 20
-51.54047574089375
 30
0.0
 11
9.1647393410119
 21
-51.54047574089375
 31
0.0
  0
SPLINE
  5
10000249
102
{ACAD_XDICTIONARY
360
1000024A
102
}
330
1F
100
AcDbEntity
  8
MODELSKETCH_VISIBLE
100
AcDbSpline
210
0.0
220
0.0
230
1.0
 70
     8
 71
     2
 72
     6
 73
     3
 74
     0
 42
0.0000000001
 43
0.00000001
 40
0.0
 40
0.0
 40
0.0
 40
1.0
 40
1.0
 40
1.0
 10
-2.141250242321433
 20
61.91748995779862
 30
0.0
 10
-2.141250242321433
 20
62.75342745779862
 30
0.0
 10
-2.824843992321434
 20
63.10368787446529
 30
0.0
  0
SPLINE
  5
1000024D
102
{ACAD_XDICTIONARY
360
1000024E
102
}
330
1F
100
AcDbEntity
  8
MODELSKETCH_VISIBLE
100
AcDbSpline
210
0.0
220
0.0
230
1.0
 70
     8
 71
     2
 72
     6
 73
     3
 74
     0
 42
0.0000000001
 43
0.00000001
 40
0.0
 40
0.0
 40
0.0
 40
1.0
 40
1.0
 40
1.0
 10
-51.55738403260487
 20
-25.84588099226293
 30
0.0
 10
-50.87379028260487
 20
-25.67921432559626
 30
0.0
 10
-50.0274361159382
 20
-25.67921432559626
 30
0.0
  0
LINE
  5
10000251
102
{ACAD_XDICTIONARY
360
10000252
102
}
330
1F
100
AcDbEntity
  8
MODELSKETCH_VISIBLE
100
AcDbLine
 10
9.1647393410119
 20
-51.54047574089375
 30
0.0
 11
9.1647393410119
 21
-53.67328824089375
 31
0.0
  0
SPLINE
  5
10000255
102
{ACAD_XDICTIONARY
360
10000256
102
}
330
1F
100
AcDbEntity
  8
MODELSKETCH_VISIBLE
100
AcDbSpline
210
0.0
220
0.0
230
1.0
 70
     8
 71
     2
 72
     6
 73
     3
 74
     0
 42
0.0000000001
 43
0.00000001
 40
0.0
 40
0.0
 40
0.0
 40
1.0
 40
1.0
 40
1.0
 10
-2.824843992321434
 20
63.10368787446529
 30
0.0
 10
-3.508437742321435
 20
63.45394829113197
 30
0.0
 10
-5.005833575654769
 20
63.45394829113197
 30
0.0
  0
SPLINE
  5
10000259
102
{ACAD_XDICTIONARY
360
1000025A
102
}
330
1F
100
AcDbEntity
  8
MODELSKETCH_VISIBLE
100
AcDbSpline
210
0.0
220
0.0
230
1.0
 70
     8
 71
     2
 72
     6
 73
     3
 74
     0
 42
0.0000000001
 43
0.00000001
 40
0.0
 40
0.0
 40
0.0
 40
1.0
 40
1.0
 40
1.0
 10
-50.0274361159382
 20
-25.67921432559626
 30
0.0
 10
-48.91285278260487
 20
-25.67921432559626
 30
0.0
 10
-48.0586861159382
 20
-26.08546432559626
 30
0.0
  0
LINE
  5
1000025D
102
{ACAD_XDICTIONARY
360
1000025E
102
}
330
1F
100
AcDbEntity
  8
MODELSKETCH_VISIBLE
100
AcDbLine
 10
-5.005833575654769
 20
63.45394829113197
 30
0.0
 11
-5.909479408988102
 21
63.45394829113197
 31
0.0
  0
SPLINE
  5
10000261
102
{ACAD_XDICTIONARY
360
10000262
102
}
330
1F
100
AcDbEntity
  8
MODELSKETCH_VISIBLE
100
AcDbSpline
210
0.0
220
0.0
230
1.0
 70
     8
 71
     2
 72
     6
 73
     3
 74
     0
 42
0.0000000001
 43
0.00000001
 40
0.0
 40
0.0
 40
0.0
 40
1.0
 40
1.0
 40
1.0
 10
-48.0586861159382
 20
-26.08546432559626
 30
0.0
 10
-47.20451944927153
 20
-26.49171432559626
 30
0.0
 10
-46.73186319927153
 20
-27.22478724226292
 30
0.0
  0
LINE
  5
10000265
102
{ACAD_XDICTIONARY
360
10000266
102
}
330
1F
100
AcDbEntity
  8
MODELSKETCH_VISIBLE
100
AcDbLine
 10
4.917343507678567
 20
-53.67328824089375
 30
0.0
 11
4.698593507678567
 21
-56.00922574089375
 31
0.0
  0
LINE
  5
10000269
102
{ACAD_XDICTIONARY
360
1000026A
102
}
330
1F
100
AcDbEntity
  8
MODELSKETCH_VISIBLE
100
AcDbLine
 10
-5.909479408988102
 20
63.45394829113197
 30
0.0
 11
-5.909479408988102
 21
65.38363579113197
 31
0.0
  0
SPLINE
  5
1000026D
102
{ACAD_XDICTIONARY
360
1000026E
102
}
330
1F
100
AcDbEntity
  8
MODELSKETCH_VISIBLE
100
AcDbSpline
210
0.0
220
0.0
230
1.0
 70
     8
 71
     2
 72
     6
 73
     3
 74
     0
 42
0.0000000001
 43
0.00000001
 40
0.0
 40
0.0
 40
0.0
 40
1.0
 40
1.0
 40
1.0
 10
-46.73186319927153
 20
-27.22478724226292
 30
0.0
 10
-46.25920694927154
 20
-27.95786015892959
 30
0.0
 10
-46.25920694927154
 20
-28.90056849226293
 30
0.0
  0
LINE
  5
10000271
102
{ACAD_XDICTIONARY
360
10000272
102
}
330
1F
100
AcDbEntity
  8
MODELSKETCH_VISIBLE
100
AcDbLine
 10
4.698593507678567
 20
-56.00922574089375
 30
0.0
 11
4.982447674345234
 21
-55.95193407422708
 31
0.0
  0
LINE
  5
10000275
102
{ACAD_XDICTIONARY
360
10000276
102
}
330
1F
100
AcDbEntity
  8
MODELSKETCH_VISIBLE
100
AcDbLine
 10
-5.909479408988102
 20
65.38363579113197
 30
0.0
 11
-4.990208575654769
 21
65.38363579113197
 31
0.0
  0
SPLINE
  5
10000279
102
{ACAD_XDICTIONARY
360
1000027A
102
}
330
1F
100
AcDbEntity
  8
MODELSKETCH_VISIBLE
100
AcDbSpline
210
0.0
220
0.0
230
1.0
 70
     8
 71
     2
 72
     6
 73
     3
 74
     0
 42
0.0000000001
 43
0.00000001
 40
0.0
 40
0.0
 40
0.0
 40
1.0
 40
1.0
 40
1.0
 10
-46.25920694927154
 20
-28.90056849226293
 30
0.0
 10
-46.25920694927154
 20
-29.72348515892959
 30
0.0
 10
-46.54826944927153
 20
-30.44353724226293
 30
0.0
  0
SPLINE
  5
1000027D
102
{ACAD_XDICTIONARY
360
1000027E
102
}
330
1F
100
AcDbEntity
  8
MODELSKETCH_VISIBLE
100
AcDbSpline
210
0.0
220
0.0
230
1.0
 70
     8
 71
     2
 72
     6
 73
     3
 74
     0
 42
0.0000000001
 43
0.00000001
 40
0.0
 40
0.0
 40
0.0
 40
1.0
 40
1.0
 40
1.0
 10
4.982447674345234
 20
-55.95193407422708
 30
0.0
 10
5.479843507678567
 20
-55.83735074089375
 30
0.0
 10
6.2116143410119
 20
-55.83735074089375
 30
0.0
  0
SPLINE
  5
10000281
102
{ACAD_XDICTIONARY
360
10000282
102
}
330
1F
100
AcDbEntity
  8
MODELSKETCH_VISIBLE
100
AcDbSpline
210
0.0
220
0.0
230
1.0
 70
     8
 71
     2
 72
     6
 73
     3
 74
     0
 42
0.0000000001
 43
0.00000001
 40
0.0
 40
0.0
 40
0.0
 40
1.0
 40
1.0
 40
1.0
 10
-4.990208575654769
 20
65.38363579113197
 30
0.0
 10
-3.607396075654768
 20
65.38363579113197
 30
0.0
 10
-2.968073158988101
 20
65.74561495779862
 30
0.0
  0
SPLINE
  5
10000285
102
{ACAD_XDICTIONARY
360
10000286
102
}
330
1F
100
AcDbEntity
  8
MODELSKETCH_VISIBLE
100
AcDbSpline
210
0.0
220
0.0
230
1.0
 70
     8
 71
     2
 72
     6
 73
     3
 74
     0
 42
0.0000000001
 43
0.00000001
 40
0.0
 40
0.0
 40
0.0
 40
1.0
 40
1.0
 40
1.0
 10
-46.54826944927153
 20
-30.44353724226293
 30
0.0
 10
-46.83733194927153
 20
-31.16358932559626
 30
0.0
 10
-47.44410278260487
 20
-31.92009974226292
 30
0.0
  0
LINE
  5
10000289
102
{ACAD_XDICTIONARY
360
1000028A
102
}
330
1F
100
AcDbEntity
  8
MODELSKETCH_VISIBLE
100
AcDbLine
 10
-71.98570171107848
 20
42.51159560758872
 30
0.0
 11
-61.53969969261226
 21
36.60557818209801
 31
0.0
  0
SPLINE
  5
1000028D
102
{ACAD_XDICTIONARY
360
1000028E
102
}
330
1F
100
AcDbEntity
  8
MODELSKETCH_VISIBLE
100
AcDbSpline
210
0.0
220
0.0
230
1.0
 70
     8
 71
     2
 72
     6
 73
     3
 74
     0
 42
0.0000000001
 43
0.00000001
 40
0.0
 40
0.0
 40
0.0
 40
1.0
 40
1.0
 40
1.0
 10
-2.968073158988101
 20
65.74561495779862
 30
0.0
 10
-2.328750242321434
 20
66.1075941244653
 30
0.0
 10
-2.328750242321434
 20
66.98519829113197
 30
0.0
  0
SPLINE
  5
10000291
102
{ACAD_XDICTIONARY
360
10000292
102
}
330
1F
100
AcDbEntity
  8
MODELSKETCH_VISIBLE
100
AcDbSpline
210
0.0
220
0.0
230
1.0
 70
     8
 71
     2
 72
     6
 73
     3
 74
     0
 42
0.0000000001
 43
0.00000001
 40
0.0
 40
0.0
 40
0.0
 40
1.0
 40
1.0
 40
1.0
 10
-47.44410278260487
 20
-31.92009974226292
 30
0.0
 10
-48.05087361593819
 20
-32.67661015892959
 30
0.0
 10
-49.57951944927153
 20
-34.07765182559626
 30
0.0
  0
LINE
  5
10000295
102
{ACAD_XDICTIONARY
360
10000296
102
}
330
1F
100
AcDbEntity
  8
MODELSKETCH_VISIBLE
100
AcDbLine
 10
-59.07885909865779
 20
40.95807902312561
 30
0.0
 11
-69.52486111712402
 21
46.86409644861632
 31
0.0
  0
SPLINE
  5
10000299
102
{ACAD_XDICTIONARY
360
1000029A
102
}
330
1F
100
AcDbEntity
  8
MODELSKETCH_VISIBLE
100
AcDbSpline
210
0.0
220
0.0
230
1.0
 70
     8
 71
     2
 72
     6
 73
     3
 74
     0
 42
0.0000000001
 43
0.00000001
 40
0.0
 40
0.0
 40
0.0
 40
1.0
 40
1.0
 40
1.0
 10
-4.021458575654768
 20
68.33676079113197
 30
0.0
 10
-4.607396075654768
 20
68.33676079113197
 30
0.0
 10
-5.214166908988103
 20
68.14144829113197
 30
0.0
  0
LINE
  5
1000029D
102
{ACAD_XDICTIONARY
360
1000029E
102
}
330
1F
100
AcDbEntity
  8
MODELSKETCH_VISIBLE
100
AcDbLine
 10
-51.11076944927153
 20
-35.51775599226293
 30
0.0
 11
-51.11076944927153
 21
-35.62973515892959
 31
0.0
  0
LINE
  5
100002A1
102
{ACAD_XDICTIONARY
360
100002A2
102
}
330
1F
100
AcDbEntity
  8
MODELSKETCH_VISIBLE
100
AcDbLine
 10
-69.52486111712402
 20
46.86409644861632
 30
0.0
 11
-71.98570171107848
 21
42.51159560758872
 31
0.0
  0
SPLINE
  5
100002A5
102
{ACAD_XDICTIONARY
360
100002A6
102
}
330
1F
100
AcDbEntity
  8
MODELSKETCH_VISIBLE
100
AcDbSpline
210
0.0
220
0.0
230
1.0
 70
     8
 71
     2
 72
     6
 73
     3
 74
     0
 42
0.0000000001
 43
0.00000001
 40
0.0
 40
0.0
 40
0.0
 40
1.0
 40
1.0
 40
1.0
 10
-5.214166908988103
 20
68.14144829113197
 30
0.0
 10
-5.820937742321437
 20
67.94613579113195
 30
0.0
 10
-6.56052107565477
 20
67.4669691244653
 30
0.0
  0
LINE
  5
100002A9
102
{ACAD_XDICTIONARY
360
100002AA
102
}
330
1F
100
AcDbEntity
  8
MODELSKETCH_VISIBLE
100
AcDbLine
 10
-51.11076944927153
 20
-35.62973515892959
 30
0.0
 11
-45.9258736159382
 21
-35.62973515892959
 31
0.0
  0
LINE
  5
100002AD
102
{ACAD_XDICTIONARY
360
100002AE
102
}
330
1F
100
AcDbEntity
  8
MODELSKETCH_VISIBLE
100
AcDbLine
 10
61.84062944734826
 20
40.95807902312561
 30
0.0
 11
72.28663146581448
 21
46.86409644861631
 31
0.0
  0
LINE
  5
100002B1
102
{ACAD_XDICTIONARY
360
100002B2
102
}
330
1F
100
AcDbEntity
  8
MODELSKETCH_VISIBLE
100
AcDbLine
 10
-6.560521075654768
 20
67.4669691244653
 30
0.0
 11
-7.724583575654772
 21
69.19873995779862
 31
0.0
  0
CIRCLE
  5
100002B5
102
{ACAD_XDICTIONARY
360
100002B6
102
}
330
1F
100
AcDbEntity
  8
MODELSKETCH_VISIBLE
100
AcDbCircle
 10
0.0
 20
-5.333333333333331
 30
0.0
 40
4.500000000000001
  0
LINE
  5
100002B9
102
{ACAD_XDICTIONARY
360
100002BA
102
}
330
1F
100
AcDbEntity
  8
MODELSKETCH_VISIBLE
100
AcDbLine
 10
-45.92587361593819
 20
-35.62973515892958
 30
0.0
 11
-45.92587361593819
 21
-37.74692265892959
 31
0.0
  0
LINE
  5
100002BD
102
{ACAD_XDICTIONARY
360
100002BE
102
}
330
1F
100
AcDbEntity
  8
MODELSKETCH_VISIBLE
100
AcDbLine
 10
64.30147004130274
 20
36.605578182098
 30
0.0
 11
61.84062944734826
 21
40.95807902312562
 31
0.0
  0
SPLINE
  5
100002C1
102
{ACAD_XDICTIONARY
360
100002C2
102
}
330
1F
100
AcDbEntity
  8
MODELSKETCH_VISIBLE
100
AcDbSpline
210
0.0
220
0.0
230
1.0
 70
     8
 71
     2
 72
     6
 73
     3
 74
     0
 42
0.0000000001
 43
0.00000001
 40
0.0
 40
0.0
 40
0.0
 40
1.0
 40
1.0
 40
1.0
 10
-0.925104408988099
 20
69.62191704113197
 30
0.0
 10
0.145208091011902
 20
68.8732191244653
 30
0.0
 10
0.145208091011902
 20
67.53988579113197
 30
0.0
  0
SPLINE
  5
100002C5
102
{ACAD_XDICTIONARY
360
100002C6
102
}
330
1F
100
AcDbEntity
  8
MODELSKETCH_VISIBLE
100
AcDbSpline
210
0.0
220
0.0
230
1.0
 70
     8
 71
     2
 72
     6
 73
     3
 74
     0
 42
0.0000000001
 43
0.00000001
 40
0.0
 40
0.0
 40
0.0
 40
1.0
 40
1.0
 40
1.0
 10
-40.6446236159382
 20
-37.91098515892959
 30
0.0
 10
-42.70451944927153
 20
-37.91098515892959
 30
0.0
 10
-43.7500923659382
 20
-36.3641101589296
 30
0.0
  0
LINE
  5
100002C9
102
{ACAD_XDICTIONARY
360
100002CA
102
}
330
1F
100
AcDbEntity
  8
MODELSKETCH_VISIBLE
100
AcDbLine
 10
-71.98570171107848
 20
-39.3004392433927
 30
0.0
 11
-61.53969969261226
 21
-33.39442181790199
 31
0.0
  0
SPLINE
  5
100002CD
102
{ACAD_XDICTIONARY
360
100002CE
102
}
330
1F
100
AcDbEntity
  8
MODELSKETCH_VISIBLE
100
AcDbSpline
210
0.0
220
0.0
230
1.0
 70
     8
 71
     2
 72
     6
 73
     3
 74
     0
 42
0.0000000001
 43
0.00000001
 40
0.0
 40
0.0
 40
0.0
 40
1.0
 40
1.0
 40
1.0
 10
-43.7500923659382
 20
-36.3641101589296
 30
0.0
 10
-44.79566528260487
 20
-34.81723515892959
 30
0.0
 10
-44.79566528260487
 20
-31.79900599226293
 30
0.0
  0
LINE
  5
100002D1
102
{ACAD_XDICTIONARY
360
100002D2
102
}
330
1F
100
AcDbEntity
  8
MODELSKETCH_VISIBLE
100
AcDbLine
 10
-59.0788590986578
 20
-37.74692265892959
 30
0.0
 11
-69.52486111712402
 21
-43.6529400844203
 31
0.0
  0
SPLINE
  5
100002D5
102
{ACAD_XDICTIONARY
360
100002D6
102
}
330
1F
100
AcDbEntity
  8
MODELSKETCH_VISIBLE
100
AcDbSpline
210
0.0
220
0.0
230
1.0
 70
     8
 71
     2
 72
     6
 73
     3
 74
     0
 42
0.0000000001
 43
0.00000001
 40
0.0
 40
0.0
 40
0.0
 40
1.0
 40
1.0
 40
1.0
 10
5.889999757678573
 20
58.13884412446529
 30
0.0
 10
3.830103924345237
 20
58.13884412446529
 30
0.0
 10
2.784531007678571
 20
59.68571912446529
 30
0.0
  0
SPLINE
  5
100002D9
102
{ACAD_XDICTIONARY
360
100002DA
102
}
330
1F
100
AcDbEntity
  8
MODELSKETCH_VISIBLE
100
AcDbSpline
210
0.0
220
0.0
230
1.0
 70
     8
 71
     2
 72
     6
 73
     3
 74
     0
 42
0.0000000001
 43
0.00000001
 40
0.0
 40
0.0
 40
0.0
 40
1.0
 40
1.0
 40
1.0
 10
-43.7774361159382
 20
-27.15447474226293
 30
0.0
 10
-42.75920694927153
 20
-25.66098515892959
 30
0.0
 10
-40.6446236159382
 20
-25.66098515892959
 30
0.0
  0
LINE
  5
100002DD
102
{ACAD_XDICTIONARY
360
100002DE
102
}
330
1F
100
AcDbEntity
  8
MODELSKETCH_VISIBLE
100
AcDbLine
 10
-69.52486111712402
 20
-43.6529400844203
 30
0.0
 11
-71.98570171107849
 21
-39.30043924339269
 31
0.0
  0
LINE
  5
100002E1
102
{ACAD_XDICTIONARY
360
100002E2
102
}
330
1F
100
AcDbEntity
  8
MODELSKETCH_VISIBLE
100
AcDbLine
 10
2.029322674345236
 20
-62.95974657422708
 30
0.0
 11
2.029322674345236
 21
-60.78526740756042
 31
0.0
  0
SPLINE
  5
100002E5
102
{ACAD_XDICTIONARY
360
100002E6
102
}
330
1F
100
AcDbEntity
  8
MODELSKETCH_VISIBLE
100
AcDbSpline
210
0.0
220
0.0
230
1.0
 70
     8
 71
     2
 72
     6
 73
     3
 74
     0
 42
0.0000000001
 43
0.00000001
 40
0.0
 40
0.0
 40
0.0
 40
1.0
 40
1.0
 40
1.0
 10
-41.9141548659382
 20
-28.65317265892959
 30
0.0
 10
-42.29566528260487
 20
-29.60890182559626
 30
0.0
 10
-42.29566528260487
 20
-31.79900599226293
 30
0.0
  0
SPLINE
  5
100002E9
102
{ACAD_XDICTIONARY
360
100002EA
102
}
330
1F
100
AcDbEntity
  8
MODELSKETCH_VISIBLE
100
AcDbSpline
210
0.0
220
0.0
230
1.0
 70
     8
 71
     2
 72
     6
 73
     3
 74
     0
 42
0.0000000001
 43
0.00000001
 40
0.0
 40
0.0
 40
0.0
 40
1.0
 40
1.0
 40
1.0
 10
2.784531007678571
 20
59.68571912446529
 30
0.0
 10
1.738958091011903
 20
61.23259412446529
 30
0.0
 10
1.738958091011903
 20
64.25082329113197
 30
0.0
  0
SPLINE
  5
100002ED
102
{ACAD_XDICTIONARY
360
100002EE
102
}
330
1F
100
AcDbEntity
  8
MODELSKETCH_VISIBLE
100
AcDbSpline
210
0.0
220
0.0
230
1.0
 70
     8
 71
     2
 72
     6
 73
     3
 74
     0
 42
0.0000000001
 43
0.00000001
 40
0.0
 40
0.0
 40
0.0
 40
1.0
 40
1.0
 40
1.0
 10
-40.6446236159382
 20
-25.66098515892959
 30
0.0
 10
-38.58472778260487
 20
-25.66098515892959
 30
0.0
 10
-37.5313423659382
 20
-27.22348515892959
 30
0.0
  0
LINE
  5
100002F1
102
{ACAD_XDICTIONARY
360
100002F2
102
}
330
1F
100
AcDbEntity
  8
MODELSKETCH_VISIBLE
100
AcDbLine
 10
74.74747205976894
 20
-39.3004392433927
 30
0.0
 11
64.30147004130272
 21
-33.39442181790199
 31
0.0
  0
SPLINE
  5
100002F5
102
{ACAD_XDICTIONARY
360
100002F6
102
}
330
1F
100
AcDbEntity
  8
MODELSKETCH_VISIBLE
100
AcDbSpline
210
0.0
220
0.0
230
1.0
 70
     8
 71
     2
 72
     6
 73
     3
 74
     0
 42
0.0000000001
 43
0.00000001
 40
0.0
 40
0.0
 40
0.0
 40
1.0
 40
1.0
 40
1.0
 10
1.738958091011903
 20
64.25082329113197
 30
0.0
 10
1.738958091011903
 20
67.40186495779862
 30
0.0
 10
2.757187257678571
 20
68.89535454113197
 30
0.0
  0
SPLINE
  5
100002F9
102
{ACAD_XDICTIONARY
360
100002FA
102
}
330
1F
100
AcDbEntity
  8
MODELSKETCH_VISIBLE
100
AcDbSpline
210
0.0
220
0.0
230
1.0
 70
     8
 71
     2
 72
     6
 73
     3
 74
     0
 42
0.0000000001
 43
0.00000001
 40
0.0
 40
0.0
 40
0.0
 40
1.0
 40
1.0
 40
1.0
 10
-37.5313423659382
 20
-27.22348515892959
 30
0.0
 10
-36.47795694927153
 20
-28.78598515892959
 30
0.0
 10
-36.47795694927153
 20
-31.79900599226293
 30
0.0
  0
LINE
  5
100002FD
102
{ACAD_XDICTIONARY
360
100002FE
102
}
330
1F
100
AcDbEntity
  8
MODELSKETCH_VISIBLE
100
AcDbLine
 10
64.30147004130274
 20
-33.39442181790199
 30
0.0
 11
61.84062944734827
 21
-37.74692265892959
 31
0.0
  0
CIRCLE
  5
10000301
102
{ACAD_XDICTIONARY
360
10000302
102
}
330
1F
100
AcDbEntity
  8
MODELSKETCH_VISIBLE
100
AcDbCircle
 10
-84.48979598152667
 20
-14.49999999999999
 30
0.0
 40
3.034105634547261
  0
SPLINE
  5
10000305
102
{ACAD_XDICTIONARY
360
10000306
102
}
330
1F
100
AcDbEntity
  8
MODELSKETCH_VISIBLE
100
AcDbSpline
210
0.0
220
0.0
230
1.0
 70
     8
 71
     2
 72
     6
 73
     3
 74
     0
 42
0.0000000001
 43
0.00000001
 40
0.0
 40
0.0
 40
0.0
 40
1.0
 40
1.0
 40
1.0
 10
5.889999757678573
 20
70.3888441244653
 30
0.0
 10
7.949895591011908
 20
70.3888441244653
 30
0.0
 10
9.003281007678575
 20
68.8263441244653
 30
0.0
  0
SPLINE
  5
10000309
102
{ACAD_XDICTIONARY
360
1000030A
102
}
330
1F
100
AcDbEntity
  8
MODELSKETCH_VISIBLE
100
AcDbSpline
210
0.0
220
0.0
230
1.0
 70
     8
 71
     2
 72
     6
 73
     3
 74
     0
 42
0.0000000001
 43
0.00000001
 40
0.0
 40
0.0
 40
0.0
 40
1.0
 40
1.0
 40
1.0
 10
-41.91806111593819
 20
-34.93442265892959
 30
0.0
 10
-41.54045694927153
 20
-35.88233932559626
 30
0.0
 10
-40.6446236159382
 20
-35.88233932559626
 30
0.0
  0
CIRCLE
  5
1000030D
102
{ACAD_XDICTIONARY
360
1000030E
102
}
330
1F
100
AcDbEntity
  8
MODELSKETCH_VISIBLE
100
AcDbCircle
 10
84.48979598152667
 20
14.50000000000001
 30
0.0
 40
3.034105634547261
  0
SPLINE
  5
10000311
102
{ACAD_XDICTIONARY
360
10000312
102
}
330
1F
100
AcDbEntity
  8
MODELSKETCH_VISIBLE
100
AcDbSpline
210
0.0
220
0.0
230
1.0
 70
     8
 71
     2
 72
     6
 73
     3
 74
     0
 42
0.0000000001
 43
0.00000001
 40
0.0
 40
0.0
 40
0.0
 40
1.0
 40
1.0
 40
1.0
 10
9.003281007678575
 20
68.8263441244653
 30
0.0
 10
10.05666642434524
 20
67.2638441244653
 30
0.0
 10
10.05666642434524
 20
64.25082329113197
 30
0.0
  0
SPLINE
  5
10000315
102
{ACAD_XDICTIONARY
360
10000316
102
}
330
1F
100
AcDbEntity
  8
MODELSKETCH_VISIBLE
100
AcDbSpline
210
0.0
220
0.0
230
1.0
 70
     8
 71
     2
 72
     6
 73
     3
 74
     0
 42
0.0000000001
 43
0.00000001
 40
0.0
 40
0.0
 40
0.0
 40
1.0
 40
1.0
 40
1.0
 10
-40.6446236159382
 20
-35.88233932559626
 30
0.0
 10
-39.76441528260487
 20
-35.88233932559626
 30
0.0
 10
-39.37379028260487
 20
-34.92270390892959
 30
0.0
  0
SPLINE
  5
10000319
102
{ACAD_XDICTIONARY
360
1000031A
102
}
330
1F
100
AcDbEntity
  8
MODELSKETCH_VISIBLE
100
AcDbSpline
210
0.0
220
0.0
230
1.0
 70
     8
 71
     2
 72
     6
 73
     3
 74
     0
 42
0.0000000001
 43
0.00000001
 40
0.0
 40
0.0
 40
0.0
 40
1.0
 40
1.0
 40
1.0
 10
4.238958091011906
 20
64.25082329113197
 30
0.0
 10
4.238958091011906
 20
62.06332329113196
 30
0.0
 10
4.616562257678573
 20
61.11540662446529
 30
0.0
  0
SPLINE
  5
1000031D
102
{ACAD_XDICTIONARY
360
1000031E
102
}
330
1F
100
AcDbEntity
  8
MODELSKETCH_VISIBLE
100
AcDbSpline
210
0.0
220
0.0
230
1.0
 70
     8
 71
     2
 72
     6
 73
     3
 74
     0
 42
0.0000000001
 43
0.00000001
 40
0.0
 40
0.0
 40
0.0
 40
1.0
 40
1.0
 40
1.0
 10
-39.37379028260487
 20
-34.92270390892959
 30
0.0
 10
-38.98316528260487
 20
-33.96306849226293
 30
0.0
 10
-38.98316528260487
 20
-31.79900599226293
 30
0.0
  0
SPLINE
  5
10000321
102
{ACAD_XDICTIONARY
360
10000322
102
}
330
1F
100
AcDbEntity
  8
MODELSKETCH_VISIBLE
100
AcDbSpline
210
0.0
220
0.0
230
1.0
 70
     8
 71
     2
 72
     6
 73
     3
 74
     0
 42
0.0000000001
 43
0.00000001
 40
0.0
 40
0.0
 40
0.0
 40
1.0
 40
1.0
 40
1.0
 10
5.889999757678573
 20
60.16748995779862
 30
0.0
 10
6.770208091011906
 20
60.16748995779862
 30
0.0
 10
7.160833091011907
 20
61.12712537446529
 30
0.0
  0
SPLINE
  5
10000325
102
{ACAD_XDICTIONARY
360
10000326
102
}
330
1F
100
AcDbEntity
  8
MODELSKETCH_VISIBLE
100
AcDbSpline
210
0.0
220
0.0
230
1.0
 70
     8
 71
     2
 72
     6
 73
     3
 74
     0
 42
0.0000000001
 43
0.00000001
 40
0.0
 40
0.0
 40
0.0
 40
1.0
 40
1.0
 40
1.0
 10
-39.3789986159382
 20
-28.65317265892959
 30
0.0
 10
-39.77483194927153
 20
-27.69744349226293
 30
0.0
 10
-40.6446236159382
 20
-27.69744349226293
 30
0.0
  0
CIRCLE
  5
10000329
102
{ACAD_XDICTIONARY
360
1000032A
102
}
330
1F
100
AcDbEntity
  8
MODELSKETCH_VISIBLE
100
AcDbCircle
 10
14.49999999999999
 20
-84.48979598152667
 30
0.0
 40
3.034105634547261
  0
SPLINE
  5
1000032D
102
{ACAD_XDICTIONARY
360
1000032E
102
}
330
1F
100
AcDbEntity
  8
MODELSKETCH_VISIBLE
100
AcDbSpline
210
0.0
220
0.0
230
1.0
 70
     8
 71
     2
 72
     6
 73
     3
 74
     0
 42
0.0000000001
 43
0.00000001
 40
0.0
 40
0.0
 40
0.0
 40
1.0
 40
1.0
 40
1.0
 10
-54.76744138964433
 20
40.18689353561077
 30
0.0
 10
-55.457545556311
 20
40.18689353561077
 30
0.0
 10
-56.10858722297767
 20
39.86918520227744
 30
0.0
  0
SPLINE
  5
10000331
102
{ACAD_XDICTIONARY
360
10000332
102
}
330
1F
100
AcDbEntity
  8
MODELSKETCH_VISIBLE
100
AcDbSpline
210
0.0
220
0.0
230
1.0
 70
     8
 71
     2
 72
     6
 73
     3
 74
     0
 42
0.0000000001
 43
0.00000001
 40
0.0
 40
0.0
 40
0.0
 40
1.0
 40
1.0
 40
1.0
 10
-56.117701806311
 20
42.11918520227744
 30
0.0
 10
-55.434108056311
 20
42.28585186894411
 30
0.0
 10
-54.58775388964433
 20
42.28585186894411
 30
0.0
  0
SPLINE
  5
10000335
102
{ACAD_XDICTIONARY
360
10000336
102
}
330
1F
100
AcDbEntity
  8
MODELSKETCH_VISIBLE
100
AcDbSpline
210
0.0
220
0.0
230
1.0
 70
     8
 71
     2
 72
     6
 73
     3
 74
     0
 42
0.0000000001
 43
0.00000001
 40
0.0
 40
0.0
 40
0.0
 40
1.0
 40
1.0
 40
1.0
 10
-54.58775388964433
 20
42.28585186894411
 30
0.0
 10
-53.473170556311
 20
42.28585186894411
 30
0.0
 10
-52.61900388964433
 20
41.8796018689441
 30
0.0
  0
SPLINE
  5
10000339
102
{ACAD_XDICTIONARY
360
1000033A
102
}
330
1F
100
AcDbEntity
  8
MODELSKETCH_VISIBLE
100
AcDbSpline
210
0.0
220
0.0
230
1.0
 70
     8
 71
     2
 72
     6
 73
     3
 74
     0
 42
0.0000000001
 43
0.00000001
 40
0.0
 40
0.0
 40
0.0
 40
1.0
 40
1.0
 40
1.0
 10
-52.61900388964433
 20
41.8796018689441
 30
0.0
 10
-51.76483722297767
 20
41.4733518689441
 30
0.0
 10
-51.29218097297766
 20
40.74027895227744
 30
0.0
  0
SPLINE
  5
1000033D
102
{ACAD_XDICTIONARY
360
1000033E
102
}
330
1F
100
AcDbEntity
  8
MODELSKETCH_VISIBLE
100
AcDbSpline
210
0.0
220
0.0
230
1.0
 70
     8
 71
     2
 72
     6
 73
     3
 74
     0
 42
0.0000000001
 43
0.00000001
 40
0.0
 40
0.0
 40
0.0
 40
1.0
 40
1.0
 40
1.0
 10
50.08746892732442
 20
37.371807940758
 30
0.0
 10
50.58486476065776
 20
37.48639127409134
 30
0.0
 10
51.31663559399109
 20
37.48639127409134
 30
0.0
  0
SPLINE
  5
10000341
102
{ACAD_XDICTIONARY
360
10000342
102
}
330
1F
100
AcDbEntity
  8
MODELSKETCH_VISIBLE
100
AcDbSpline
210
0.0
220
0.0
230
1.0
 70
     8
 71
     2
 72
     6
 73
     3
 74
     0
 42
0.0000000001
 43
0.00000001
 40
0.0
 40
0.0
 40
0.0
 40
1.0
 40
1.0
 40
1.0
 10
-51.29218097297766
 20
40.74027895227744
 30
0.0
 10
-50.81952472297766
 20
40.00720603561077
 30
0.0
 10
-50.81952472297766
 20
39.06449770227744
 30
0.0
  0
SPLINE
  5
10000345
102
{ACAD_XDICTIONARY
360
10000346
102
}
330
1F
100
AcDbEntity
  8
MODELSKETCH_VISIBLE
100
AcDbSpline
210
0.0
220
0.0
230
1.0
 70
     8
 71
     2
 72
     6
 73
     3
 74
     0
 42
0.0000000001
 43
0.00000001
 40
0.0
 40
0.0
 40
0.0
 40
1.0
 40
1.0
 40
1.0
 10
-50.81952472297766
 20
39.06449770227744
 30
0.0
 10
-50.81952472297766
 20
38.24158103561077
 30
0.0
 10
-51.10858722297766
 20
37.52152895227744
 30
0.0
  0
SPLINE
  5
10000349
102
{ACAD_XDICTIONARY
360
1000034A
102
}
330
1F
100
AcDbEntity
  8
MODELSKETCH_VISIBLE
100
AcDbSpline
210
0.0
220
0.0
230
1.0
 70
     8
 71
     2
 72
     6
 73
     3
 74
     0
 42
0.0000000001
 43
0.00000001
 40
0.0
 40
0.0
 40
0.0
 40
1.0
 40
1.0
 40
1.0
 10
-51.10858722297766
 20
37.52152895227744
 30
0.0
 10
-51.39764972297767
 20
36.80147686894411
 30
0.0
 10
-52.004420556311
 20
36.04496645227744
 30
0.0
  0
SPLINE
  5
1000034D
102
{ACAD_XDICTIONARY
360
1000034E
102
}
330
1F
100
AcDbEntity
  8
MODELSKETCH_VISIBLE
100
AcDbSpline
210
0.0
220
0.0
230
1.0
 70
     8
 71
     2
 72
     6
 73
     3
 74
     0
 42
0.0000000001
 43
0.00000001
 40
0.0
 40
0.0
 40
0.0
 40
1.0
 40
1.0
 40
1.0
 10
-52.004420556311
 20
36.04496645227744
 30
0.0
 10
-52.61119138964433
 20
35.28845603561076
 30
0.0
 10
-54.13983722297767
 20
33.8874143689441
 30
0.0
  0
LINE
  5
10000351
102
{ACAD_XDICTIONARY
360
10000352
102
}
330
1F
100
AcDbEntity
  8
MODELSKETCH_VISIBLE
100
AcDbLine
 10
-54.13983722297767
 20
33.8874143689441
 30
0.0
 11
-55.67108722297767
 21
32.44731020227744
 31
0.0
  0
LINE
  5
10000355
102
{ACAD_XDICTIONARY
360
10000356
102
}
330
1F
100
AcDbEntity
  8
MODELSKETCH_VISIBLE
100
AcDbLine
 10
-55.67108722297767
 20
32.44731020227743
 30
0.0
 11
-55.67108722297767
 21
32.33533103561076
 31
0.0
  0
LINE
  5
10000359
102
{ACAD_XDICTIONARY
360
1000035A
102
}
330
1F
100
AcDbEntity
  8
MODELSKETCH_VISIBLE
100
AcDbLine
 10
-55.67108722297768
 20
32.33533103561076
 30
0.0
 11
-50.48619138964433
 21
32.33533103561076
 31
0.0
  0
LINE
  5
1000035D
102
{ACAD_XDICTIONARY
360
1000035E
102
}
330
1F
100
AcDbEntity
  8
MODELSKETCH_VISIBLE
100
AcDbLine
 10
-50.48619138964433
 20
32.33533103561077
 30
0.0
 11
-50.48619138964433
 21
30.21814353561077
 31
0.0
  0
SPLINE
  5
10000361
102
{ACAD_XDICTIONARY
360
10000362
102
}
330
1F
100
AcDbEntity
  8
MODELSKETCH_VISIBLE
100
AcDbSpline
210
0.0
220
0.0
230
1.0
 70
     8
 71
     2
 72
     6
 73
     3
 74
     0
 42
0.0000000001
 43
0.00000001
 40
0.0
 40
0.0
 40
0.0
 40
1.0
 40
1.0
 40
1.0
 10
-44.96014972297766
 20
37.81970603561077
 30
0.0
 10
-43.23619138964433
 20
37.81970603561077
 30
0.0
 10
-42.21405597297765
 20
36.85095603561077
 30
0.0
  0
SPLINE
  5
10000365
102
{ACAD_XDICTIONARY
360
10000366
102
}
330
1F
100
AcDbEntity
  8
MODELSKETCH_VISIBLE
100
AcDbSpline
210
0.0
220
0.0
230
1.0
 70
     8
 71
     2
 72
     6
 73
     3
 74
     0
 42
0.0000000001
 43
0.00000001
 40
0.0
 40
0.0
 40
0.0
 40
1.0
 40
1.0
 40
1.0
 10
-42.21405597297765
 20
36.85095603561077
 30
0.0
 10
-41.19192055631099
 20
35.88220603561077
 30
0.0
 10
-41.19192055631099
 20
34.19731020227744
 30
0.0
  0
SPLINE
  5
10000369
102
{ACAD_XDICTIONARY
360
1000036A
102
}
330
1F
100
AcDbEntity
  8
MODELSKETCH_VISIBLE
100
AcDbSpline
210
0.0
220
0.0
230
1.0
 70
     8
 71
     2
 72
     6
 73
     3
 74
     0
 42
0.0000000001
 43
0.00000001
 40
0.0
 40
0.0
 40
0.0
 40
1.0
 40
1.0
 40
1.0
 10
-41.19192055631099
 20
34.19731020227744
 30
0.0
 10
-41.19192055631099
 20
32.20512270227744
 30
0.0
 10
-42.42108722297766
 20
31.1296018689441
 30
0.0
  0
SPLINE
  5
1000036D
102
{ACAD_XDICTIONARY
360
1000036E
102
}
330
1F
100
AcDbEntity
  8
MODELSKETCH_VISIBLE
100
AcDbSpline
210
0.0
220
0.0
230
1.0
 70
     8
 71
     2
 72
     6
 73
     3
 74
     0
 42
0.0000000001
 43
0.00000001
 40
0.0
 40
0.0
 40
0.0
 40
1.0
 40
1.0
 40
1.0
 10
-42.42108722297766
 20
31.1296018689441
 30
0.0
 10
-43.65025388964433
 20
30.05408103561077
 30
0.0
 10
-45.93671222297766
 20
30.05408103561077
 30
0.0
  0
SPLINE
  5
10000371
102
{ACAD_XDICTIONARY
360
10000372
102
}
330
1F
100
AcDbEntity
  8
MODELSKETCH_VISIBLE
100
AcDbSpline
210
0.0
220
0.0
230
1.0
 70
     8
 71
     2
 72
     6
 73
     3
 74
     0
 42
0.0000000001
 43
0.00000001
 40
0.0
 40
0.0
 40
0.0
 40
1.0
 40
1.0
 40
1.0
 10
-45.93671222297766
 20
30.05408103561077
 30
0.0
 10
-47.92369138964433
 20
30.05408103561077
 30
0.0
 10
-49.14244138964433
 20
30.69731020227743
 30
0.0
  0
LINE
  5
10000375
102
{ACAD_XDICTIONARY
360
10000376
102
}
330
1F
100
AcDbEntity
  8
MODELSKETCH_VISIBLE
100
AcDbLine
 10
-49.14244138964433
 20
30.69731020227743
 30
0.0
 11
-49.14244138964433
 21
32.8717893689441
 31
0.0
  0
SPLINE
  5
10000379
102
{ACAD_XDICTIONARY
360
1000037A
102
}
330
1F
100
AcDbEntity
  8
MODELSKETCH_VISIBLE
100
AcDbSpline
210
0.0
220
0.0
230
1.0
 70
     8
 71
     2
 72
     6
 73
     3
 74
     0
 42
0.0000000001
 43
0.00000001
 40
0.0
 40
0.0
 40
0.0
 40
1.0
 40
1.0
 40
1.0
 10
-49.14244138964433
 20
32.8717893689441
 30
0.0
 10
-48.50181638964433
 20
32.53064353561077
 30
0.0
 10
-47.64634763964433
 20
32.31449770227744
 30
0.0
  0
SPLINE
  5
1000037D
102
{ACAD_XDICTIONARY
360
1000037E
102
}
330
1F
100
AcDbEntity
  8
MODELSKETCH_VISIBLE
100
AcDbSpline
210
0.0
220
0.0
230
1.0
 70
     8
 71
     2
 72
     6
 73
     3
 74
     0
 42
0.0000000001
 43
0.00000001
 40
0.0
 40
0.0
 40
0.0
 40
1.0
 40
1.0
 40
1.0
 10
-47.64634763964433
 20
32.31449770227744
 30
0.0
 10
-46.79087888964433
 20
32.0983518689441
 30
0.0
 10
-46.027858056311
 20
32.0983518689441
 30
0.0
  0
SPLINE
  5
10000381
102
{ACAD_XDICTIONARY
360
10000382
102
}
330
1F
100
AcDbEntity
  8
MODELSKETCH_VISIBLE
100
AcDbSpline
210
0.0
220
0.0
230
1.0
 70
     8
 71
     2
 72
     6
 73
     3
 74
     0
 42
0.0000000001
 43
0.00000001
 40
0.0
 40
0.0
 40
0.0
 40
1.0
 40
1.0
 40
1.0
 10
-46.027858056311
 20
32.0983518689441
 30
0.0
 10
-43.723170556311
 20
32.0983518689441
 30
0.0
 10
-43.723170556311
 20
33.98637270227743
 30
0.0
  0
SPLINE
  5
10000385
102
{ACAD_XDICTIONARY
360
10000386
102
}
330
1F
100
AcDbEntity
  8
MODELSKETCH_VISIBLE
100
AcDbSpline
210
0.0
220
0.0
230
1.0
 70
     8
 71
     2
 72
     6
 73
     3
 74
     0
 42
0.0000000001
 43
0.00000001
 40
0.0
 40
0.0
 40
0.0
 40
1.0
 40
1.0
 40
1.0
 10
-43.723170556311
 20
33.98637270227743
 30
0.0
 10
-43.723170556311
 20
35.78585186894411
 30
0.0
 10
-46.10858722297766
 20
35.78585186894411
 30
0.0
  0
SPLINE
  5
10000389
102
{ACAD_XDICTIONARY
360
1000038A
102
}
330
1F
100
AcDbEntity
  8
MODELSKETCH_VISIBLE
100
AcDbSpline
210
0.0
220
0.0
230
1.0
 70
     8
 71
     2
 72
     6
 73
     3
 74
     0
 42
0.0000000001
 43
0.00000001
 40
0.0
 40
0.0
 40
0.0
 40
1.0
 40
1.0
 40
1.0
 10
-46.10858722297766
 20
35.78585186894411
 30
0.0
 10
-46.53827472297766
 20
35.78585186894411
 30
0.0
 10
-47.059108056311
 20
35.69991436894411
 30
0.0
  0
LINE
  5
1000038D
102
{ACAD_XDICTIONARY
360
1000038E
102
}
330
1F
100
AcDbEntity
  8
MODELSKETCH_VISIBLE
100
AcDbLine
 10
-47.90546222297766
 20
35.51501853561076
 30
0.0
 11
-48.90806638964433
 21
36.05408103561077
 31
0.0
  0
LINE
  5
10000391
102
{ACAD_XDICTIONARY
360
10000392
102
}
330
1F
100
AcDbEntity
  8
MODELSKETCH_VISIBLE
100
AcDbLine
 10
-48.90806638964434
 20
36.05408103561076
 30
0.0
 11
-48.46014972297767
 21
42.11658103561076
 31
0.0
  0
LINE
  5
10000395
102
{ACAD_XDICTIONARY
360
10000396
102
}
330
1F
100
AcDbEntity
  8
MODELSKETCH_VISIBLE
100
AcDbLine
 10
-48.46014972297767
 20
42.11658103561077
 30
0.0
 11
-42.00702472297766
 21
42.11658103561077
 31
0.0
  0
LINE
  5
10000399
102
{ACAD_XDICTIONARY
360
1000039A
102
}
330
1F
100
AcDbEntity
  8
MODELSKETCH_VISIBLE
100
AcDbLine
 10
-42.00702472297766
 20
42.11658103561076
 30
0.0
 11
-42.00702472297766
 21
39.98376853561076
 31
0.0
  0
LINE
  5
1000039D
102
{ACAD_XDICTIONARY
360
1000039E
102
}
330
1F
100
AcDbEntity
  8
MODELSKETCH_VISIBLE
100
AcDbLine
 10
-42.00702472297766
 20
39.98376853561076
 30
0.0
 11
-46.254420556311
 21
39.98376853561076
 31
0.0
  0
LINE
  5
100003A1
102
{ACAD_XDICTIONARY
360
100003A2
102
}
330
1F
100
AcDbEntity
  8
MODELSKETCH_VISIBLE
100
AcDbLine
 10
-46.254420556311
 20
39.98376853561076
 30
0.0
 11
-46.473170556311
 21
37.64783103561077
 31
0.0
  0
LINE
  5
100003A5
102
{ACAD_XDICTIONARY
360
100003A6
102
}
330
1F
100
AcDbEntity
  8
MODELSKETCH_VISIBLE
100
AcDbLine
 10
-46.473170556311
 20
37.64783103561077
 30
0.0
 11
-46.18931638964433
 21
37.70512270227744
 31
0.0
  0
SPLINE
  5
100003A9
102
{ACAD_XDICTIONARY
360
100003AA
102
}
330
1F
100
AcDbEntity
  8
MODELSKETCH_VISIBLE
100
AcDbSpline
210
0.0
220
0.0
230
1.0
 70
     8
 71
     2
 72
     6
 73
     3
 74
     0
 42
0.0000000001
 43
0.00000001
 40
0.0
 40
0.0
 40
0.0
 40
1.0
 40
1.0
 40
1.0
 10
10.05666642434524
 20
64.25082329113197
 30
0.0
 10
10.05666642434524
 20
61.13623995779862
 30
0.0
 10
9.03583309101191
 20
59.63754204113195
 30
0.0
  0
SPLINE
  5
100003AD
102
{ACAD_XDICTIONARY
360
100003AE
102
}
330
1F
100
AcDbEntity
  8
MODELSKETCH_VISIBLE
100
AcDbSpline
210
0.0
220
0.0
230
1.0
 70
     8
 71
     2
 72
     6
 73
     3
 74
     0
 42
0.0000000001
 43
0.00000001
 40
0.0
 40
0.0
 40
0.0
 40
1.0
 40
1.0
 40
1.0
 10
-46.18931638964433
 20
37.70512270227744
 30
0.0
 10
-45.691920556311
 20
37.81970603561077
 30
0.0
 10
-44.96014972297766
 20
37.81970603561077
 30
0.0
  0
LINE
  5
100003B1
102
{ACAD_XDICTIONARY
360
100003B2
102
}
330
1F
100
AcDbEntity
  8
MODELSKETCH_VISIBLE
100
AcDbLine
 10
41.9318748971621
 20
-29.89202886029408
 30
0.0
 11
41.95791656382877
 21
-28.76182052696075
 31
0.0
  0
SPLINE
  5
100003B5
102
{ACAD_XDICTIONARY
360
100003B6
102
}
330
1F
100
AcDbEntity
  8
MODELSKETCH_VISIBLE
100
AcDbSpline
210
0.0
220
0.0
230
1.0
 70
     8
 71
     2
 72
     6
 73
     3
 74
     0
 42
0.0000000001
 43
0.00000001
 40
0.0
 40
0.0
 40
0.0
 40
1.0
 40
1.0
 40
1.0
 10
51.31663559399109
 20
37.48639127409134
 30
0.0
 10
53.04059392732442
 20
37.48639127409134
 30
0.0
 10
54.06272934399109
 20
36.51764127409134
 30
0.0
  0
SPLINE
  5
100003B9
102
{ACAD_XDICTIONARY
360
100003BA
102
}
330
1F
100
AcDbEntity
  8
MODELSKETCH_VISIBLE
100
AcDbSpline
210
0.0
220
0.0
230
1.0
 70
     8
 71
     2
 72
     6
 73
     3
 74
     0
 42
0.0000000001
 43
0.00000001
 40
0.0
 40
0.0
 40
0.0
 40
1.0
 40
1.0
 40
1.0
 10
54.06272934399109
 20
36.51764127409134
 30
0.0
 10
55.08486476065776
 20
35.54889127409134
 30
0.0
 10
55.08486476065776
 20
33.863995440758
 30
0.0
  0
SPLINE
  5
100003BD
102
{ACAD_XDICTIONARY
360
100003BE
102
}
330
1F
100
AcDbEntity
  8
MODELSKETCH_VISIBLE
100
AcDbSpline
210
0.0
220
0.0
230
1.0
 70
     8
 71
     2
 72
     6
 73
     3
 74
     0
 42
0.0000000001
 43
0.00000001
 40
0.0
 40
0.0
 40
0.0
 40
1.0
 40
1.0
 40
1.0
 10
55.08486476065776
 20
33.863995440758
 30
0.0
 10
55.08486476065776
 20
31.871807940758
 30
0.0
 10
53.85569809399109
 20
30.79628710742467
 30
0.0
  0
SPLINE
  5
100003C1
102
{ACAD_XDICTIONARY
360
100003C2
102
}
330
1F
100
AcDbEntity
  8
MODELSKETCH_VISIBLE
100
AcDbSpline
210
0.0
220
0.0
230
1.0
 70
     8
 71
     2
 72
     6
 73
     3
 74
     0
 42
0.0000000001
 43
0.00000001
 40
0.0
 40
0.0
 40
0.0
 40
1.0
 40
1.0
 40
1.0
 10
53.85569809399109
 20
30.79628710742467
 30
0.0
 10
52.62653142732442
 20
29.72076627409134
 30
0.0
 10
50.34007309399109
 20
29.72076627409134
 30
0.0
  0
SPLINE
  5
100003C5
102
{ACAD_XDICTIONARY
360
100003C6
102
}
330
1F
100
AcDbEntity
  8
MODELSKETCH_VISIBLE
100
AcDbSpline
210
0.0
220
0.0
230
1.0
 70
     8
 71
     2
 72
     6
 73
     3
 74
     0
 42
0.0000000001
 43
0.00000001
 40
0.0
 40
0.0
 40
0.0
 40
1.0
 40
1.0
 40
1.0
 10
50.34007309399109
 20
29.72076627409134
 30
0.0
 10
48.35309392732442
 20
29.72076627409134
 30
0.0
 10
47.13434392732442
 20
30.363995440758
 30
0.0
  0
LINE
  5
100003C9
102
{ACAD_XDICTIONARY
360
100003CA
102
}
330
1F
100
AcDbEntity
  8
MODELSKETCH_VISIBLE
100
AcDbLine
 10
47.13434392732442
 20
30.363995440758
 30
0.0
 11
47.13434392732442
 21
32.53847460742467
 31
0.0
  0
SPLINE
  5
100003CD
102
{ACAD_XDICTIONARY
360
100003CE
102
}
330
1F
100
AcDbEntity
  8
MODELSKETCH_VISIBLE
100
AcDbSpline
210
0.0
220
0.0
230
1.0
 70
     8
 71
     2
 72
     6
 73
     3
 74
     0
 42
0.0000000001
 43
0.00000001
 40
0.0
 40
0.0
 40
0.0
 40
1.0
 40
1.0
 40
1.0
 10
47.13434392732442
 20
32.53847460742467
 30
0.0
 10
47.77496892732443
 20
32.19732877409134
 30
0.0
 10
48.63043767732442
 20
31.981182940758
 30
0.0
  0
SPLINE
  5
100003D1
102
{ACAD_XDICTIONARY
360
100003D2
102
}
330
1F
100
AcDbEntity
  8
MODELSKETCH_VISIBLE
100
AcDbSpline
210
0.0
220
0.0
230
1.0
 70
     8
 71
     2
 72
     6
 73
     3
 74
     0
 42
0.0000000001
 43
0.00000001
 40
0.0
 40
0.0
 40
0.0
 40
1.0
 40
1.0
 40
1.0
 10
48.63043767732442
 20
31.981182940758
 30
0.0
 10
49.48590642732442
 20
31.76503710742467
 30
0.0
 10
50.24892726065776
 20
31.76503710742467
 30
0.0
  0
SPLINE
  5
100003D5
102
{ACAD_XDICTIONARY
360
100003D6
102
}
330
1F
100
AcDbEntity
  8
MODELSKETCH_VISIBLE
100
AcDbSpline
210
0.0
220
0.0
230
1.0
 70
     8
 71
     2
 72
     6
 73
     3
 74
     0
 42
0.0000000001
 43
0.00000001
 40
0.0
 40
0.0
 40
0.0
 40
1.0
 40
1.0
 40
1.0
 10
50.24892726065776
 20
31.76503710742467
 30
0.0
 10
52.55361476065776
 20
31.76503710742467
 30
0.0
 10
52.55361476065776
 20
33.653057940758
 30
0.0
  0
SPLINE
  5
100003D9
102
{ACAD_XDICTIONARY
360
100003DA
102
}
330
1F
100
AcDbEntity
  8
MODELSKETCH_VISIBLE
100
AcDbSpline
210
0.0
220
0.0
230
1.0
 70
     8
 71
     2
 72
     6
 73
     3
 74
     0
 42
0.0000000001
 43
0.00000001
 40
0.0
 40
0.0
 40
0.0
 40
1.0
 40
1.0
 40
1.0
 10
52.55361476065776
 20
33.653057940758
 30
0.0
 10
52.55361476065776
 20
35.45253710742467
 30
0.0
 10
50.16819809399109
 20
35.45253710742467
 30
0.0
  0
SPLINE
  5
100003DD
102
{ACAD_XDICTIONARY
360
100003DE
102
}
330
1F
100
AcDbEntity
  8
MODELSKETCH_VISIBLE
100
AcDbSpline
210
0.0
220
0.0
230
1.0
 70
     8
 71
     2
 72
     6
 73
     3
 74
     0
 42
0.0000000001
 43
0.00000001
 40
0.0
 40
0.0
 40
0.0
 40
1.0
 40
1.0
 40
1.0
 10
50.16819809399109
 20
35.45253710742467
 30
0.0
 10
49.73851059399109
 20
35.45253710742467
 30
0.0
 10
49.21767726065776
 20
35.36659960742467
 30
0.0
  0
SPLINE
  5
100003E1
102
{ACAD_XDICTIONARY
360
100003E2
102
}
330
1F
100
AcDbEntity
  8
MODELSKETCH_VISIBLE
100
AcDbSpline
210
0.0
220
0.0
230
1.0
 70
     8
 71
     2
 72
     6
 73
     3
 74
     0
 42
0.0000000001
 43
0.00000001
 40
0.0
 40
0.0
 40
0.0
 40
1.0
 40
1.0
 40
1.0
 10
49.21767726065776
 20
35.36659960742467
 30
0.0
 10
48.69684392732442
 20
35.28066210742467
 30
0.0
 10
48.37132309399109
 20
35.18170377409133
 30
0.0
  0
LINE
  5
100003E5
102
{ACAD_XDICTIONARY
360
100003E6
102
}
330
1F
100
AcDbEntity
  8
MODELSKETCH_VISIBLE
100
AcDbLine
 10
44.4474998971621
 20
-36.77744552696075
 30
0.0
 11
41.9318748971621
 21
-36.77744552696075
 31
0.0
  0
LINE
  5
100003E9
102
{ACAD_XDICTIONARY
360
100003EA
102
}
330
1F
100
AcDbEntity
  8
MODELSKETCH_VISIBLE
100
AcDbLine
 10
41.9318748971621
 20
-36.77744552696075
 30
0.0
 11
41.9318748971621
 21
-29.89202886029408
 31
0.0
  0
LINE
  5
100003ED
102
{ACAD_XDICTIONARY
360
100003EE
102
}
330
1F
100
AcDbEntity
  8
MODELSKETCH_VISIBLE
100
AcDbLine
 10
41.95791656382877
 20
-28.76182052696075
 30
0.0
 11
41.99697906382877
 21
-27.52484136029408
 31
0.0
  0
SPLINE
  5
100003F1
102
{ACAD_XDICTIONARY
360
100003F2
102
}
330
1F
100
AcDbEntity
  8
MODELSKETCH_VISIBLE
100
AcDbSpline
210
0.0
220
0.0
230
1.0
 70
     8
 71
     2
 72
     6
 73
     3
 74
     0
 42
0.0000000001
 43
0.00000001
 40
0.0
 40
0.0
 40
0.0
 40
1.0
 40
1.0
 40
1.0
 10
41.99697906382877
 20
-27.52484136029408
 30
0.0
 10
41.37197906382877
 20
-28.14984136029408
 30
0.0
 10
41.1271873971621
 20
-28.34515386029408
 30
0.0
  0
LINE
  5
100003F5
102
{ACAD_XDICTIONARY
360
100003F6
102
}
330
1F
100
AcDbEntity
  8
MODELSKETCH_VISIBLE
100
AcDbLine
 10
41.1271873971621
 20
-28.34515386029408
 30
0.0
 11
39.7599998971621
 21
-29.44411219362742
 31
0.0
  0
LINE
  5
100003F9
102
{ACAD_XDICTIONARY
360
100003FA
102
}
330
1F
100
AcDbEntity
  8
MODELSKETCH_VISIBLE
100
AcDbLine
 10
39.7599998971621
 20
-29.44411219362742
 30
0.0
 11
38.54645823049544
 21
-27.93109136029408
 31
0.0
  0
LINE
  5
100003FD
102
{ACAD_XDICTIONARY
360
100003FE
102
}
330
1F
100
AcDbEntity
  8
MODELSKETCH_VISIBLE
100
AcDbLine
 10
38.54645823049544
 20
-27.93109136029408
 30
0.0
 11
42.37979156382877
 21
-24.87900802696075
 31
0.0
  0
LINE
  5
10000401
102
{ACAD_XDICTIONARY
360
10000402
102
}
330
1F
100
AcDbEntity
  8
MODELSKETCH_VISIBLE
100
AcDbLine
 10
42.37979156382877
 20
-24.87900802696075
 30
0.0
 11
44.4474998971621
 21
-24.87900802696075
 31
0.0
  0
LINE
  5
10000405
102
{ACAD_XDICTIONARY
360
10000406
102
}
330
1F
100
AcDbEntity
  8
MODELSKETCH_VISIBLE
100
AcDbLine
 10
44.4474998971621
 20
-24.87900802696075
 30
0.0
 11
44.4474998971621
 21
-36.77744552696075
 31
0.0
  0
CIRCLE
  5
10000409
102
{ACAD_XDICTIONARY
360
1000040A
102
}
330
1F
100
AcDbEntity
  8
MODELSKETCH_VISIBLE
100
AcDbCircle
 10
-17.5
 20
2.666666666666665
 30
0.0
 40
2.25
  0
SPLINE
  5
1000040D
102
{ACAD_XDICTIONARY
360
1000040E
102
}
330
1F
100
AcDbEntity
  8
MODELSKETCH_VISIBLE
100
AcDbSpline
210
0.0
220
0.0
230
1.0
 70
     8
 71
     2
 72
     6
 73
     3
 74
     0
 42
0.0000000001
 43
0.00000001
 40
0.0
 40
0.0
 40
0.0
 40
1.0
 40
1.0
 40
1.0
 10
55.9943748971621
 20
-30.82952886029408
 30
0.0
 10
55.9943748971621
 20
-33.94411219362741
 30
0.0
 10
54.97354156382876
 20
-35.44281011029408
 30
0.0
  0
SPLINE
  5
10000411
102
{ACAD_XDICTIONARY
360
10000412
102
}
330
1F
100
AcDbEntity
  8
MODELSKETCH_VISIBLE
100
AcDbSpline
210
0.0
220
0.0
230
1.0
 70
     8
 71
     2
 72
     6
 73
     3
 74
     0
 42
0.0000000001
 43
0.00000001
 40
0.0
 40
0.0
 40
0.0
 40
1.0
 40
1.0
 40
1.0
 10
51.82770823049543
 20
-36.94150802696075
 30
0.0
 10
49.7678123971621
 20
-36.94150802696075
 30
0.0
 10
48.72223948049544
 20
-35.39463302696075
 30
0.0
  0
SPLINE
  5
10000415
102
{ACAD_XDICTIONARY
360
10000416
102
}
330
1F
100
AcDbEntity
  8
MODELSKETCH_VISIBLE
100
AcDbSpline
210
0.0
220
0.0
230
1.0
 70
     8
 71
     2
 72
     6
 73
     3
 74
     0
 42
0.0000000001
 43
0.00000001
 40
0.0
 40
0.0
 40
0.0
 40
1.0
 40
1.0
 40
1.0
 10
48.72223948049544
 20
-35.39463302696075
 30
0.0
 10
47.67666656382877
 20
-33.84775802696075
 30
0.0
 10
47.67666656382877
 20
-30.82952886029408
 30
0.0
  0
SPLINE
  5
10000419
102
{ACAD_XDICTIONARY
360
1000041A
102
}
330
1F
100
AcDbEntity
  8
MODELSKETCH_VISIBLE
100
AcDbSpline
210
0.0
220
0.0
230
1.0
 70
     8
 71
     2
 72
     6
 73
     3
 74
     0
 42
0.0000000001
 43
0.00000001
 40
0.0
 40
0.0
 40
0.0
 40
1.0
 40
1.0
 40
1.0
 10
47.67666656382877
 20
-30.82952886029408
 30
0.0
 10
47.67666656382877
 20
-27.67848719362742
 30
0.0
 10
48.69489573049543
 20
-26.18499761029408
 30
0.0
  0
SPLINE
  5
1000041D
102
{ACAD_XDICTIONARY
360
1000041E
102
}
330
1F
100
AcDbEntity
  8
MODELSKETCH_VISIBLE
100
AcDbSpline
210
0.0
220
0.0
230
1.0
 70
     8
 71
     2
 72
     6
 73
     3
 74
     0
 42
0.0000000001
 43
0.00000001
 40
0.0
 40
0.0
 40
0.0
 40
1.0
 40
1.0
 40
1.0
 10
48.69489573049543
 20
-26.18499761029408
 30
0.0
 10
49.7131248971621
 20
-24.69150802696075
 30
0.0
 10
51.82770823049543
 20
-24.69150802696075
 30
0.0
  0
SPLINE
  5
10000421
102
{ACAD_XDICTIONARY
360
10000422
102
}
330
1F
100
AcDbEntity
  8
MODELSKETCH_VISIBLE
100
AcDbSpline
210
0.0
220
0.0
230
1.0
 70
     8
 71
     2
 72
     6
 73
     3
 74
     0
 42
0.0000000001
 43
0.00000001
 40
0.0
 40
0.0
 40
0.0
 40
1.0
 40
1.0
 40
1.0
 10
51.82770823049543
 20
-24.69150802696075
 30
0.0
 10
53.88760406382877
 20
-24.69150802696075
 30
0.0
 10
54.94098948049543
 20
-26.25400802696075
 30
0.0
  0
SPLINE
  5
10000425
102
{ACAD_XDICTIONARY
360
10000426
102
}
330
1F
100
AcDbEntity
  8
MODELSKETCH_VISIBLE
100
AcDbSpline
210
0.0
220
0.0
230
1.0
 70
     8
 71
     2
 72
     6
 73
     3
 74
     0
 42
0.0000000001
 43
0.00000001
 40
0.0
 40
0.0
 40
0.0
 40
1.0
 40
1.0
 40
1.0
 10
54.94098948049543
 20
-26.25400802696075
 30
0.0
 10
55.9943748971621
 20
-27.81650802696075
 30
0.0
 10
55.9943748971621
 20
-30.82952886029408
 30
0.0
  0
SPLINE
  5
10000429
102
{ACAD_XDICTIONARY
360
1000042A
102
}
330
1F
100
AcDbEntity
  8
MODELSKETCH_VISIBLE
100
AcDbSpline
210
0.0
220
0.0
230
1.0
 70
     8
 71
     2
 72
     6
 73
     3
 74
     0
 42
0.0000000001
 43
0.00000001
 40
0.0
 40
0.0
 40
0.0
 40
1.0
 40
1.0
 40
1.0
 10
50.17666656382877
 20
-30.82952886029408
 30
0.0
 10
50.17666656382877
 20
-33.01702886029408
 30
0.0
 10
50.55427073049543
 20
-33.96494552696075
 30
0.0
  0
SPLINE
  5
1000042D
102
{ACAD_XDICTIONARY
360
1000042E
102
}
330
1F
100
AcDbEntity
  8
MODELSKETCH_VISIBLE
100
AcDbSpline
210
0.0
220
0.0
230
1.0
 70
     8
 71
     2
 72
     6
 73
     3
 74
     0
 42
0.0000000001
 43
0.00000001
 40
0.0
 40
0.0
 40
0.0
 40
1.0
 40
1.0
 40
1.0
 10
50.55427073049543
 20
-33.96494552696075
 30
0.0
 10
50.9318748971621
 20
-34.91286219362741
 30
0.0
 10
51.82770823049543
 20
-34.91286219362741
 30
0.0
  0
SPLINE
  5
10000431
102
{ACAD_XDICTIONARY
360
10000432
102
}
330
1F
100
AcDbEntity
  8
MODELSKETCH_VISIBLE
100
AcDbSpline
210
0.0
220
0.0
230
1.0
 70
     8
 71
     2
 72
     6
 73
     3
 74
     0
 42
0.0000000001
 43
0.00000001
 40
0.0
 40
0.0
 40
0.0
 40
1.0
 40
1.0
 40
1.0
 10
51.82770823049543
 20
-34.91286219362741
 30
0.0
 10
52.70791656382877
 20
-34.91286219362741
 30
0.0
 10
53.09854156382877
 20
-33.95322677696075
 30
0.0
  0
SPLINE
  5
10000435
102
{ACAD_XDICTIONARY
360
10000436
102
}
330
1F
100
AcDbEntity
  8
MODELSKETCH_VISIBLE
100
AcDbSpline
210
0.0
220
0.0
230
1.0
 70
     8
 71
     2
 72
     6
 73
     3
 74
     0
 42
0.0000000001
 43
0.00000001
 40
0.0
 40
0.0
 40
0.0
 40
1.0
 40
1.0
 40
1.0
 10
53.09854156382877
 20
-33.95322677696075
 30
0.0
 10
53.48916656382877
 20
-32.99359136029408
 30
0.0
 10
53.48916656382877
 20
-30.82952886029408
 30
0.0
  0
SPLINE
  5
10000439
102
{ACAD_XDICTIONARY
360
1000043A
102
}
330
1F
100
AcDbEntity
  8
MODELSKETCH_VISIBLE
100
AcDbSpline
210
0.0
220
0.0
230
1.0
 70
     8
 71
     2
 72
     6
 73
     3
 74
     0
 42
0.0000000001
 43
0.00000001
 40
0.0
 40
0.0
 40
0.0
 40
1.0
 40
1.0
 40
1.0
 10
53.48916656382877
 20
-30.82952886029408
 30
0.0
 10
53.48916656382877
 20
-28.63942469362742
 30
0.0
 10
53.09333323049543
 20
-27.68369552696075
 30
0.0
  0
SPLINE
  5
1000043D
102
{ACAD_XDICTIONARY
360
1000043E
102
}
330
1F
100
AcDbEntity
  8
MODELSKETCH_VISIBLE
100
AcDbSpline
210
0.0
220
0.0
230
1.0
 70
     8
 71
     2
 72
     6
 73
     3
 74
     0
 42
0.0000000001
 43
0.00000001
 40
0.0
 40
0.0
 40
0.0
 40
1.0
 40
1.0
 40
1.0
 10
53.09333323049543
 20
-27.68369552696075
 30
0.0
 10
52.6974998971621
 20
-26.72796636029408
 30
0.0
 10
51.82770823049543
 20
-26.72796636029408
 30
0.0
  0
SPLINE
  5
10000441
102
{ACAD_XDICTIONARY
360
10000442
102
}
330
1F
100
AcDbEntity
  8
MODELSKETCH_VISIBLE
100
AcDbSpline
210
0.0
220
0.0
230
1.0
 70
     8
 71
     2
 72
     6
 73
     3
 74
     0
 42
0.0000000001
 43
0.00000001
 40
0.0
 40
0.0
 40
0.0
 40
1.0
 40
1.0
 40
1.0
 10
51.82770823049543
 20
-26.72796636029408
 30
0.0
 10
50.9396873971621
 20
-26.72796636029408
 30
0.0
 10
50.55817698049543
 20
-27.68369552696075
 30
0.0
  0
SPLINE
  5
10000445
102
{ACAD_XDICTIONARY
360
10000446
102
}
330
1F
100
AcDbEntity
  8
MODELSKETCH_VISIBLE
100
AcDbSpline
210
0.0
220
0.0
230
1.0
 70
     8
 71
     2
 72
     6
 73
     3
 74
     0
 42
0.0000000001
 43
0.00000001
 40
0.0
 40
0.0
 40
0.0
 40
1.0
 40
1.0
 40
1.0
 10
50.55817698049543
 20
-27.68369552696075
 30
0.0
 10
50.17666656382877
 20
-28.63942469362742
 30
0.0
 10
50.17666656382877
 20
-30.82952886029408
 30
0.0
  0
LINE
  5
10000449
102
{ACAD_XDICTIONARY
360
1000044A
102
}
330
1F
100
AcDbEntity
  8
MODELSKETCH_VISIBLE
100
AcDbLine
 10
-60.90309692742709
 20
58.0795651012638
 30
0.0
 11
-49.79087888964433
 21
48.00392069106473
 31
0.0
  0
LINE
  5
1000044D
102
{ACAD_XDICTIONARY
360
1000044E
102
}
330
1F
100
AcDbEntity
  8
MODELSKETCH_VISIBLE
100
AcDbLine
 10
-48.72553963365141
 20
69.11818306415377
 30
0.0
 11
-39.78594555550749
 21
57.07311528858627
 31
0.0
  0
LINE
  5
10000451
102
{ACAD_XDICTIONARY
360
10000452
102
}
330
1F
100
AcDbEntity
  8
MODELSKETCH_VISIBLE
100
AcDbLine
 10
-34.63304322049827
 20
77.5766423221447
 30
0.0
 11
-28.20772147297935
 21
64.02248279671265
 31
0.0
  0
LINE
  5
10000455
102
{ACAD_XDICTIONARY
360
10000456
102
}
330
1F
100
AcDbEntity
  8
MODELSKETCH_VISIBLE
100
AcDbLine
 10
-19.16418677786763
 20
83.13168224379346
 30
0.0
 11
-15.49869668826677
 21
68.58643620245618
 31
0.0
  0
LINE
  5
10000459
102
{ACAD_XDICTIONARY
360
1000045A
102
}
330
1F
100
AcDbEntity
  8
MODELSKETCH_VISIBLE
100
AcDbLine
 10
-19.16418677786763
 20
-79.92052587959745
 30
0.0
 11
-15.49869668826677
 21
-65.37527983826017
 31
0.0
  0
LINE
  5
1000045D
102
{ACAD_XDICTIONARY
360
1000045E
102
}
330
1F
100
AcDbEntity
  8
MODELSKETCH_VISIBLE
100
AcDbLine
 10
-34.63304322049827
 20
-74.36548595794868
 30
0.0
 11
-28.20772147297935
 21
-60.81132643251662
 31
0.0
  0
LINE
  5
10000461
102
{ACAD_XDICTIONARY
360
10000462
102
}
330
1F
100
AcDbEntity
  8
MODELSKETCH_VISIBLE
100
AcDbLine
 10
-48.72553963365141
 20
-65.90702669995775
 30
0.0
 11
-39.78594555550749
 21
-53.86195892439027
 31
0.0
  0
LINE
  5
10000465
102
{ACAD_XDICTIONARY
360
10000466
102
}
330
1F
100
AcDbEntity
  8
MODELSKETCH_VISIBLE
100
AcDbLine
 10
-60.90309692742709
 20
-54.86840873706777
 30
0.0
 11
-49.79087888964433
 21
-44.7927643268687
 31
0.0
  0
ENDSEC
  0
SECTION
  2
OBJECTS
  0
DICTIONARY
  5
C
330
0
100
AcDbDictionary
  3
ACAD_GROUP
350
D
  3
ACAD_LAYOUT
350
1A
  3
ACAD_MATERIAL
350
43
  3
ACAD_MLEADERSTYLE
350
5B
  3
ACAD_MLINESTYLE
350
17
  3
ACAD_PLOTSETTINGS
350
19
  3
ACAD_SCALELIST
350
47
  3
ACAD_VISUALSTYLE
350
2A
  3
ACDBHEADERROUNDTRIPXREC
350
1000046B
  3
ACDBVARIABLEDICTIONARY
350
1000048C
  3
DWGPROPS
350
10000497
  3
ONSHAPE_DATA
350
10000001
  0
DICTIONARY
  5
10000498
330
8
100
AcDbDictionary
280
     1
  3
ACAD_XREC_ROUNDTRIP
360
10000499
  0
DICTIONARY
  5
10000469
330
1F
100
AcDbDictionary
280
     1
  3
ACAD_SORTENTS
360
1000046A
  0
DICTIONARY
  5
1000005A
330
10000059
100
AcDbDictionary
280
     1
  3
BTDETID
360
1000005B
  3
BTPARTID
360
1000005C
  0
DICTIONARY
  5
1000005E
330
1000005D
100
AcDbDictionary
280
     1
  3
BTDETID
360
1000005F
  3
BTPARTID
360
10000060
  0
DICTIONARY
  5
10000062
330
10000061
100
AcDbDictionary
280
     1
  3
BTDETID
360
10000063
  3
BTPARTID
360
10000064
  0
DICTIONARY
  5
10000066
330
10000065
100
AcDbDictionary
280
     1
  3
BTDETID
360
10000067
  3
BTPARTID
360
10000068
  0
DICTIONARY
  5
1000006A
330
10000069
100
AcDbDictionary
280
     1
  3
BTDETID
360
1000006B
  3
BTPARTID
360
1000006C
  0
DICTIONARY
  5
1000006E
330
1000006D
100
AcDbDictionary
280
     1
  3
BTDETID
360
1000006F
  3
BTPARTID
360
10000070
  0
DICTIONARY
  5
10000072
330
10000071
100
AcDbDictionary
280
     1
  3
BTDETID
360
10000073
  3
BTPARTID
360
10000074
  0
DICTIONARY
  5
10000076
330
10000075
100
AcDbDictionary
280
     1
  3
BTDETID
360
10000077
  3
BTPARTID
360
10000078
  0
DICTIONARY
  5
1000007A
330
10000079
100
AcDbDictionary
280
     1
  3
BTDETID
360
1000007B
  3
BTPARTID
360
1000007C
  0
DICTIONARY
  5
1000007E
330
1000007D
100
AcDbDictionary
280
     1
  3
BTDETID
360
1000007F
  3
BTPARTID
360
10000080
  0
DICTIONARY
  5
10000082
330
10000081
100
AcDbDictionary
280
     1
  3
BTDETID
360
10000083
  3
BTPARTID
360
10000084
  0
DICTIONARY
  5
10000086
330
10000085
100
AcDbDictionary
280
     1
  3
BTDETID
360
10000087
  3
BTPARTID
360
10000088
  0
DICTIONARY
  5
1000008A
330
10000089
100
AcDbDictionary
280
     1
  3
BTDETID
360
1000008B
  3
BTPARTID
360
1000008C
  0
DICTIONARY
  5
1000008E
330
1000008D
100
AcDbDictionary
280
     1
  3
BTDETID
360
1000008F
  3
BTPARTID
360
10000090
  0
DICTIONARY
  5
10000092
330
10000091
100
AcDbDictionary
280
     1
  3
BTDETID
360
10000093
  3
BTPARTID
360
10000094
  0
DICTIONARY
  5
10000096
330
10000095
100
AcDbDictionary
280
     1
  3
BTDETID
360
10000097
  3
BTPARTID
360
10000098
  0
DICTIONARY
  5
1000009A
330
10000099
100
AcDbDictionary
280
     1
  3
BTDETID
360
1000009B
  3
BTPARTID
360
1000009C
  0
DICTIONARY
  5
1000009E
330
1000009D
100
AcDbDictionary
280
     1
  3
BTDETID
360
1000009F
  3
BTPARTID
360
100000A0
  0
DICTIONARY
  5
100000A2
330
100000A1
100
AcDbDictionary
280
     1
  3
BTDETID
360
100000A3
  3
BTPARTID
360
100000A4
  0
DICTIONARY
  5
100000A6
330
100000A5
100
AcDbDictionary
280
     1
  3
BTDETID
360
100000A7
  3
BTPARTID
360
100000A8
  0
DICTIONARY
  5
100000AA
330
100000A9
100
AcDbDictionary
280
     1
  3
BTDETID
360
100000AB
  3
BTPARTID
360
100000AC
  0
DICTIONARY
  5
100000AE
330
100000AD
100
AcDbDictionary
280
     1
  3
BTDETID
360
100000AF
  3
BTPARTID
360
100000B0
  0
DICTIONARY
  5
100000B2
330
100000B1
100
AcDbDictionary
280
     1
  3
BTDETID
360
100000B3
  3
BTPARTID
360
100000B4
  0
DICTIONARY
  5
100000B6
330
100000B5
100
AcDbDictionary
280
     1
  3
BTDETID
360
100000B7
  3
BTPARTID
360
100000B8
  0
DICTIONARY
  5
100000BA
330
100000B9
100
AcDbDictionary
280
     1
  3
BTDETID
360
100000BB
  3
BTPARTID
360
100000BC
  0
DICTIONARY
  5
100000BE
330
100000BD
100
AcDbDictionary
280
     1
  3
BTDETID
360
100000BF
  3
BTPARTID
360
100000C0
  0
DICTIONARY
  5
100000C2
330
100000C1
100
AcDbDictionary
280
     1
  3
BTDETID
360
100000C3
  3
BTPARTID
360
100000C4
  0
DICTIONARY
  5
100000C6
330
100000C5
100
AcDbDictionary
280
     1
  3
BTDETID
360
100000C7
  3
BTPARTID
360
100000C8
  0
DICTIONARY
  5
100000CA
330
100000C9
100
AcDbDictionary
280
     1
  3
BTDETID
360
100000CB
  3
BTPARTID
360
100000CC
  0
DICTIONARY
  5
100000CE
330
100000CD
100
AcDbDictionary
280
     1
  3
BTDETID
360
100000CF
  3
BTPARTID
360
100000D0
  0
DICTIONARY
  5
100000D2
330
100000D1
100
AcDbDictionary
280
     1
  3
BTDETID
360
100000D3
  3
BTPARTID
360
100000D4
  0
DICTIONARY
  5
100000D6
330
100000D5
100
AcDbDictionary
280
     1
  3
BTDETID
360
100000D7
  3
BTPARTID
360
100000D8
  0
DICTIONARY
  5
100000DA
330
100000D9
100
AcDbDictionary
280
     1
  3
BTDETID
360
100000DB
  3
BTPARTID
360
100000DC
  0
DICTIONARY
  5
100000DE
330
100000DD
100
AcDbDictionary
280
     1
  3
BTDETID
360
100000DF
  3
BTPARTID
360
100000E0
  0
DICTIONARY
  5
100000E2
330
100000E1
100
AcDbDictionary
280
     1
  3
BTDETID
360
100000E3
  3
BTPARTID
360
100000E4
  0
DICTIONARY
  5
100000E6
330
100000E5
100
AcDbDictionary
280
     1
  3
BTDETID
360
100000E7
  3
BTPARTID
360
100000E8
  0
DICTIONARY
  5
100000EA
330
100000E9
100
AcDbDictionary
280
     1
  3
BTDETID
360
100000EB
  3
BTPARTID
360
100000EC
  0
DICTIONARY
  5
100000EE
330
100000ED
100
AcDbDictionary
280
     1
  3
BTDETID
360
100000EF
  3
BTPARTID
360
100000F0
  0
DICTIONARY
  5
100000F2
330
100000F1
100
AcDbDictionary
280
     1
  3
BTDETID
360
100000F3
  3
BTPARTID
360
100000F4
  0
DICTIONARY
  5
100000F6
330
100000F5
100
AcDbDictionary
280
     1
  3
BTDETID
360
100000F7
  3
BTPARTID
360
100000F8
  0
DICTIONARY
  5
100000FA
330
100000F9
100
AcDbDictionary
280
     1
  3
BTDETID
360
100000FB
  3
BTPARTID
360
100000FC
  0
DICTIONARY
  5
100000FE
330
100000FD
100
AcDbDictionary
280
     1
  3
BTDETID
360
100000FF
  3
BTPARTID
360
10000100
  0
DICTIONARY
  5
10000102
330
10000101
100
AcDbDictionary
280
     1
  3
BTDETID
360
10000103
  3
BTPARTID
360
10000104
  0
DICTIONARY
  5
10000106
330
10000105
100
AcDbDictionary
280
     1
  3
BTDETID
360
10000107
  3
BTPARTID
360
10000108
  0
DICTIONARY
  5
1000010A
330
10000109
100
AcDbDictionary
280
     1
  3
BTDETID
360
1000010B
  3
BTPARTID
360
1000010C
  0
DICTIONARY
  5
1000010E
330
1000010D
100
AcDbDictionary
280
     1
  3
BTDETID
360
1000010F
  3
BTPARTID
360
10000110
  0
DICTIONARY
  5
10000112
330
10000111
100
AcDbDictionary
280
     1
  3
BTDETID
360
10000113
  3
BTPARTID
360
10000114
  0
DICTIONARY
  5
10000116
330
10000115
100
AcDbDictionary
280
     1
  3
BTDETID
360
10000117
  3
BTPARTID
360
10000118
  0
DICTIONARY
  5
1000011A
330
10000119
100
AcDbDictionary
280
     1
  3
BTDETID
360
1000011B
  3
BTPARTID
360
1000011C
  0
DICTIONARY
  5
1000011E
330
1000011D
100
AcDbDictionary
280
     1
  3
BTDETID
360
1000011F
  3
BTPARTID
360
10000120
  0
DICTIONARY
  5
10000122
330
10000121
100
AcDbDictionary
280
     1
  3
BTDETID
360
10000123
  3
BTPARTID
360
10000124
  0
DICTIONARY
  5
10000126
330
10000125
100
AcDbDictionary
280
     1
  3
BTDETID
360
10000127
  3
BTPARTID
360
10000128
  0
DICTIONARY
  5
1000012A
330
10000129
100
AcDbDictionary
280
     1
  3
BTDETID
360
1000012B
  3
BTPARTID
360
1000012C
  0
DICTIONARY
  5
1000012E
330
1000012D
100
AcDbDictionary
280
     1
  3
BTDETID
360
1000012F
  3
BTPARTID
360
10000130
  0
DICTIONARY
  5
10000132
330
10000131
100
AcDbDictionary
280
     1
  3
BTDETID
360
10000133
  3
BTPARTID
360
10000134
  0
DICTIONARY
  5
10000136
330
10000135
100
AcDbDictionary
280
     1
  3
BTDETID
360
10000137
  3
BTPARTID
360
10000138
  0
DICTIONARY
  5
1000013A
330
10000139
100
AcDbDictionary
280
     1
  3
BTDETID
360
1000013B
  3
BTPARTID
360
1000013C
  0
DICTIONARY
  5
1000013E
330
1000013D
100
AcDbDictionary
280
     1
  3
BTDETID
360
1000013F
  3
BTPARTID
360
10000140
  0
DICTIONARY
  5
10000142
330
10000141
100
AcDbDictionary
280
     1
  3
BTDETID
360
10000143
  3
BTPARTID
360
10000144
  0
DICTIONARY
  5
10000146
330
10000145
100
AcDbDictionary
280
     1
  3
BTDETID
360
10000147
  3
BTPARTID
360
10000148
  0
DICTIONARY
  5
1000014A
330
10000149
100
AcDbDictionary
280
     1
  3
BTDETID
360
1000014B
  3
BTPARTID
360
1000014C
  0
DICTIONARY
  5
1000014E
330
1000014D
100
AcDbDictionary
280
     1
  3
BTDETID
360
1000014F
  3
BTPARTID
360
10000150
  0
DICTIONARY
  5
10000152
330
10000151
100
AcDbDictionary
280
     1
  3
BTDETID
360
10000153
  3
BTPARTID
360
10000154
  0
DICTIONARY
  5
10000156
330
10000155
100
AcDbDictionary
280
     1
  3
BTDETID
360
10000157
  3
BTPARTID
360
10000158
  0
DICTIONARY
  5
1000015A
330
10000159
100
AcDbDictionary
280
     1
  3
BTDETID
360
1000015B
  3
BTPARTID
360
1000015C
  0
DICTIONARY
  5
1000015E
330
1000015D
100
AcDbDictionary
280
     1
  3
BTDETID
360
1000015F
  3
BTPARTID
360
10000160
  0
DICTIONARY
  5
10000162
330
10000161
100
AcDbDictionary
280
     1
  3
BTDETID
360
10000163
  3
BTPARTID
360
10000164
  0
DICTIONARY
  5
10000166
330
10000165
100
AcDbDictionary
280
     1
  3
BTDETID
360
10000167
  3
BTPARTID
360
10000168
  0
DICTIONARY
  5
1000016A
330
10000169
100
AcDbDictionary
280
     1
  3
BTDETID
360
1000016B
  3
BTPARTID
360
1000016C
  0
DICTIONARY
  5
1000016E
330
1000016D
100
AcDbDictionary
280
     1
  3
BTDETID
360
1000016F
  3
BTPARTID
360
10000170
  0
DICTIONARY
  5
10000172
330
10000171
100
AcDbDictionary
280
     1
  3
BTDETID
360
10000173
  3
BTPARTID
360
10000174
  0
DICTIONARY
  5
10000176
330
10000175
100
AcDbDictionary
280
     1
  3
BTDETID
360
10000177
  3
BTPARTID
360
10000178
  0
DICTIONARY
  5
1000017A
330
10000179
100
AcDbDictionary
280
     1
  3
BTDETID
360
1000017B
  3
BTPARTID
360
1000017C
  0
DICTIONARY
  5
1000017E
330
1000017D
100
AcDbDictionary
280
     1
  3
BTDETID
360
1000017F
  3
BTPARTID
360
10000180
  0
DICTIONARY
  5
10000182
330
10000181
100
AcDbDictionary
280
     1
  3
BTDETID
360
10000183
  3
BTPARTID
360
10000184
  0
DICTIONARY
  5
10000186
330
10000185
100
AcDbDictionary
280
     1
  3
BTDETID
360
10000187
  3
BTPARTID
360
10000188
  0
DICTIONARY
  5
1000018A
330
10000189
100
AcDbDictionary
280
     1
  3
BTDETID
360
1000018B
  3
BTPARTID
360
1000018C
  0
DICTIONARY
  5
1000018E
330
1000018D
100
AcDbDictionary
280
     1
  3
BTDETID
360
1000018F
  3
BTPARTID
360
10000190
  0
DICTIONARY
  5
10000192
330
10000191
100
AcDbDictionary
280
     1
  3
BTDETID
360
10000193
  3
BTPARTID
360
10000194
  0
DICTIONARY
  5
10000196
330
10000195
100
AcDbDictionary
280
     1
  3
BTDETID
360
10000197
  3
BTPARTID
360
10000198
  0
DICTIONARY
  5
1000019A
330
10000199
100
AcDbDictionary
280
     1
  3
BTDETID
360
1000019B
  3
BTPARTID
360
1000019C
  0
DICTIONARY
  5
1000019E
330
1000019D
100
AcDbDictionary
280
     1
  3
BTDETID
360
1000019F
  3
BTPARTID
360
100001A0
  0
DICTIONARY
  5
100001A2
330
100001A1
100
AcDbDictionary
280
     1
  3
BTDETID
360
100001A3
  3
BTPARTID
360
100001A4
  0
DICTIONARY
  5
100001A6
330
100001A5
100
AcDbDictionary
280
     1
  3
BTDETID
360
100001A7
  3
BTPARTID
360
100001A8
  0
DICTIONARY
  5
100001AA
330
100001A9
100
AcDbDictionary
280
     1
  3
BTDETID
360
100001AB
  3
BTPARTID
360
100001AC
  0
DICTIONARY
  5
100001AE
330
100001AD
100
AcDbDictionary
280
     1
  3
BTDETID
360
100001AF
  3
BTPARTID
360
100001B0
  0
DICTIONARY
  5
100001B2
330
100001B1
100
AcDbDictionary
280
     1
  3
BTDETID
360
100001B3
  3
BTPARTID
360
100001B4
  0
DICTIONARY
  5
100001B6
330
100001B5
100
AcDbDictionary
280
     1
  3
BTDETID
360
100001B7
  3
BTPARTID
360
100001B8
  0
DICTIONARY
  5
100001BA
330
100001B9
100
AcDbDictionary
280
     1
  3
BTDETID
360
100001BB
  3
BTPARTID
360
100001BC
  0
DICTIONARY
  5
100001BE
330
100001BD
100
AcDbDictionary
280
     1
  3
BTDETID
360
100001BF
  3
BTPARTID
360
100001C0
  0
DICTIONARY
  5
100001C2
330
100001C1
100
AcDbDictionary
280
     1
  3
BTDETID
360
100001C3
  3
BTPARTID
360
100001C4
  0
DICTIONARY
  5
100001C6
330
100001C5
100
AcDbDictionary
280
     1
  3
BTDETID
360
100001C7
  3
BTPARTID
360
100001C8
  0
DICTIONARY
  5
100001CA
330
100001C9
100
AcDbDictionary
280
     1
  3
BTDETID
360
100001CB
  3
BTPARTID
360
100001CC
  0
DICTIONARY
  5
100001CE
330
100001CD
100
AcDbDictionary
280
     1
  3
BTDETID
360
100001CF
  3
BTPARTID
360
100001D0
  0
DICTIONARY
  5
100001D2
330
100001D1
100
AcDbDictionary
280
     1
  3
BTDETID
360
100001D3
  3
BTPARTID
360
100001D4
  0
DICTIONARY
  5
100001D6
330
100001D5
100
AcDbDictionary
280
     1
  3
BTDETID
360
100001D7
  3
BTPARTID
360
100001D8
  0
DICTIONARY
  5
100001DA
330
100001D9
100
AcDbDictionary
280
     1
  3
BTDETID
360
100001DB
  3
BTPARTID
360
100001DC
  0
DICTIONARY
  5
100001DE
330
100001DD
100
AcDbDictionary
280
     1
  3
BTDETID
360
100001DF
  3
BTPARTID
360
100001E0
  0
DICTIONARY
  5
100001E2
330
100001E1
100
AcDbDictionary
280
     1
  3
BTDETID
360
100001E3
  3
BTPARTID
360
100001E4
  0
DICTIONARY
  5
100001E6
330
100001E5
100
AcDbDictionary
280
     1
  3
BTDETID
360
100001E7
  3
BTPARTID
360
100001E8
  0
DICTIONARY
  5
100001EA
330
100001E9
100
AcDbDictionary
280
     1
  3
BTDETID
360
100001EB
  3
BTPARTID
360
100001EC
  0
DICTIONARY
  5
100001EE
330
100001ED
100
AcDbDictionary
280
     1
  3
BTDETID
360
100001EF
  3
BTPARTID
360
100001F0
  0
DICTIONARY
  5
100001F2
330
100001F1
100
AcDbDictionary
280
     1
  3
BTDETID
360
100001F3
  3
BTPARTID
360
100001F4
  0
DICTIONARY
  5
100001F6
330
100001F5
100
AcDbDictionary
280
     1
  3
BTDETID
360
100001F7
  3
BTPARTID
360
100001F8
  0
DICTIONARY
  5
100001FA
330
100001F9
100
AcDbDictionary
280
     1
  3
BTDETID
360
100001FB
  3
BTPARTID
360
100001FC
  0
DICTIONARY
  5
100001FE
330
100001FD
100
AcDbDictionary
280
     1
  3
BTDETID
360
100001FF
  3
BTPARTID
360
10000200
  0
DICTIONARY
  5
10000202
330
10000201
100
AcDbDictionary
280
     1
  3
BTDETID
360
10000203
  3
BTPARTID
360
10000204
  0
DICTIONARY
  5
10000206
330
10000205
100
AcDbDictionary
280
     1
  3
BTDETID
360
10000207
  3
BTPARTID
360
10000208
  0
DICTIONARY
  5
1000020A
330
10000209
100
AcDbDictionary
280
     1
  3
BTDETID
360
1000020B
  3
BTPARTID
360
1000020C
  0
DICTIONARY
  5
1000020E
330
1000020D
100
AcDbDictionary
280
     1
  3
BTDETID
360
1000020F
  3
BTPARTID
360
10000210
  0
DICTIONARY
  5
10000212
330
10000211
100
AcDbDictionary
280
     1
  3
BTDETID
360
10000213
  3
BTPARTID
360
10000214
  0
DICTIONARY
  5
10000216
330
10000215
100
AcDbDictionary
280
     1
  3
BTDETID
360
10000217
  3
BTPARTID
360
10000218
  0
DICTIONARY
  5
1000021A
330
10000219
100
AcDbDictionary
280
     1
  3
BTDETID
360
1000021B
  3
BTPARTID
360
1000021C
  0
DICTIONARY
  5
1000021E
330
1000021D
100
AcDbDictionary
280
     1
  3
BTDETID
360
1000021F
  3
BTPARTID
360
10000220
  0
DICTIONARY
  5
10000222
330
10000221
100
AcDbDictionary
280
     1
  3
BTDETID
360
10000223
  3
BTPARTID
360
10000224
  0
DICTIONARY
  5
10000226
330
10000225
100
AcDbDictionary
280
     1
  3
BTDETID
360
10000227
  3
BTPARTID
360
10000228
  0
DICTIONARY
  5
1000022A
330
10000229
100
AcDbDictionary
280
     1
  3
BTDETID
360
1000022B
  3
BTPARTID
360
1000022C
  0
DICTIONARY
  5
1000022E
330
1000022D
100
AcDbDictionary
280
     1
  3
BTDETID
360
1000022F
  3
BTPARTID
360
10000230
  0
DICTIONARY
  5
10000232
330
10000231
100
AcDbDictionary
280
     1
  3
BTDETID
360
10000233
  3
BTPARTID
360
10000234
  0
DICTIONARY
  5
10000236
330
10000235
100
AcDbDictionary
280
     1
  3
BTDETID
360
10000237
  3
BTPARTID
360
10000238
  0
DICTIONARY
  5
1000023A
330
10000239
100
AcDbDictionary
280
     1
  3
BTDETID
360
1000023B
  3
BTPARTID
360
1000023C
  0
DICTIONARY
  5
1000023E
330
1000023D
100
AcDbDictionary
280
     1
  3
BTDETID
360
1000023F
  3
BTPARTID
360
10000240
  0
DICTIONARY
  5
10000242
330
10000241
100
AcDbDictionary
280
     1
  3
BTDETID
360
10000243
  3
BTPARTID
360
10000244
  0
DICTIONARY
  5
10000246
330
10000245
100
AcDbDictionary
280
     1
  3
BTDETID
360
10000247
  3
BTPARTID
360
10000248
  0
DICTIONARY
  5
1000024A
330
10000249
100
AcDbDictionary
280
     1
  3
BTDETID
360
1000024B
  3
BTPARTID
360
1000024C
  0
DICTIONARY
  5
1000024E
330
1000024D
100
AcDbDictionary
280
     1
  3
BTDETID
360
1000024F
  3
BTPARTID
360
10000250
  0
DICTIONARY
  5
10000252
330
10000251
100
AcDbDictionary
280
     1
  3
BTDETID
360
10000253
  3
BTPARTID
360
10000254
  0
DICTIONARY
  5
10000256
330
10000255
100
AcDbDictionary
280
     1
  3
BTDETID
360
10000257
  3
BTPARTID
360
10000258
  0
DICTIONARY
  5
1000025A
330
10000259
100
AcDbDictionary
280
     1
  3
BTDETID
360
1000025B
  3
BTPARTID
360
1000025C
  0
DICTIONARY
  5
1000025E
330
1000025D
100
AcDbDictionary
280
     1
  3
BTDETID
360
1000025F
  3
BTPARTID
360
10000260
  0
DICTIONARY
  5
10000262
330
10000261
100
AcDbDictionary
280
     1
  3
BTDETID
360
10000263
  3
BTPARTID
360
10000264
  0
DICTIONARY
  5
10000266
330
10000265
100
AcDbDictionary
280
     1
  3
BTDETID
360
10000267
  3
BTPARTID
360
10000268
  0
DICTIONARY
  5
1000026A
330
10000269
100
AcDbDictionary
280
     1
  3
BTDETID
360
1000026B
  3
BTPARTID
360
1000026C
  0
DICTIONARY
  5
1000026E
330
1000026D
100
AcDbDictionary
280
     1
  3
BTDETID
360
1000026F
  3
BTPARTID
360
10000270
  0
DICTIONARY
  5
10000272
330
10000271
100
AcDbDictionary
280
     1
  3
BTDETID
360
10000273
  3
BTPARTID
360
10000274
  0
DICTIONARY
  5
10000276
330
10000275
100
AcDbDictionary
280
     1
  3
BTDETID
360
10000277
  3
BTPARTID
360
10000278
  0
DICTIONARY
  5
1000027A
330
10000279
100
AcDbDictionary
280
     1
  3
BTDETID
360
1000027B
  3
BTPARTID
360
1000027C
  0
DICTIONARY
  5
1000027E
330
1000027D
100
AcDbDictionary
280
     1
  3
BTDETID
360
1000027F
  3
BTPARTID
360
10000280
  0
DICTIONARY
  5
10000282
330
10000281
100
AcDbDictionary
280
     1
  3
BTDETID
360
10000283
  3
BTPARTID
360
10000284
  0
DICTIONARY
  5
10000286
330
10000285
100
AcDbDictionary
280
     1
  3
BTDETID
360
10000287
  3
BTPARTID
360
10000288
  0
DICTIONARY
  5
1000028A
330
10000289
100
AcDbDictionary
280
     1
  3
BTDETID
360
1000028B
  3
BTPARTID
360
1000028C
  0
DICTIONARY
  5
1000028E
330
1000028D
100
AcDbDictionary
280
     1
  3
BTDETID
360
1000028F
  3
BTPARTID
360
10000290
  0
DICTIONARY
  5
10000292
330
10000291
100
AcDbDictionary
280
     1
  3
BTDETID
360
10000293
  3
BTPARTID
360
10000294
  0
DICTIONARY
  5
10000296
330
10000295
100
AcDbDictionary
280
     1
  3
BTDETID
360
10000297
  3
BTPARTID
360
10000298
  0
DICTIONARY
  5
1000029A
330
10000299
100
AcDbDictionary
280
     1
  3
BTDETID
360
1000029B
  3
BTPARTID
360
1000029C
  0
DICTIONARY
  5
1000029E
330
1000029D
100
AcDbDictionary
280
     1
  3
BTDETID
360
1000029F
  3
BTPARTID
360
100002A0
  0
DICTIONARY
  5
100002A2
330
100002A1
100
AcDbDictionary
280
     1
  3
BTDETID
360
100002A3
  3
BTPARTID
360
100002A4
  0
DICTIONARY
  5
100002A6
330
100002A5
100
AcDbDictionary
280
     1
  3
BTDETID
360
100002A7
  3
BTPARTID
360
100002A8
  0
DICTIONARY
  5
100002AA
330
100002A9
100
AcDbDictionary
280
     1
  3
BTDETID
360
100002AB
  3
BTPARTID
360
100002AC
  0
DICTIONARY
  5
100002AE
330
100002AD
100
AcDbDictionary
280
     1
  3
BTDETID
360
100002AF
  3
BTPARTID
360
100002B0
  0
DICTIONARY
  5
100002B2
330
100002B1
100
AcDbDictionary
280
     1
  3
BTDETID
360
100002B3
  3
BTPARTID
360
100002B4
  0
DICTIONARY
  5
100002B6
330
100002B5
100
AcDbDictionary
280
     1
  3
BTDETID
360
100002B7
  3
BTPARTID
360
100002B8
  0
DICTIONARY
  5
100002BA
330
100002B9
100
AcDbDictionary
280
     1
  3
BTDETID
360
100002BB
  3
BTPARTID
360
100002BC
  0
DICTIONARY
  5
100002BE
330
100002BD
100
AcDbDictionary
280
     1
  3
BTDETID
360
100002BF
  3
BTPARTID
360
100002C0
  0
DICTIONARY
  5
100002C2
330
100002C1
100
AcDbDictionary
280
     1
  3
BTDETID
360
100002C3
  3
BTPARTID
360
100002C4
  0
DICTIONARY
  5
100002C6
330
100002C5
100
AcDbDictionary
280
     1
  3
BTDETID
360
100002C7
  3
BTPARTID
360
100002C8
  0
DICTIONARY
  5
100002CA
330
100002C9
100
AcDbDictionary
280
     1
  3
BTDETID
360
100002CB
  3
BTPARTID
360
100002CC
  0
DICTIONARY
  5
100002CE
330
100002CD
100
AcDbDictionary
280
     1
  3
BTDETID
360
100002CF
  3
BTPARTID
360
100002D0
  0
DICTIONARY
  5
100002D2
330
100002D1
100
AcDbDictionary
280
     1
  3
BTDETID
360
100002D3
  3
BTPARTID
360
100002D4
  0
DICTIONARY
  5
100002D6
330
100002D5
100
AcDbDictionary
280
     1
  3
BTDETID
360
100002D7
  3
BTPARTID
360
100002D8
  0
DICTIONARY
  5
100002DA
330
100002D9
100
AcDbDictionary
280
     1
  3
BTDETID
360
100002DB
  3
BTPARTID
360
100002DC
  0
DICTIONARY
  5
100002DE
330
100002DD
100
AcDbDictionary
280
     1
  3
BTDETID
360
100002DF
  3
BTPARTID
360
100002E0
  0
DICTIONARY
  5
100002E2
330
100002E1
100
AcDbDictionary
280
     1
  3
BTDETID
360
100002E3
  3
BTPARTID
360
100002E4
  0
DICTIONARY
  5
100002E6
330
100002E5
100
AcDbDictionary
280
     1
  3
BTDETID
360
100002E7
  3
BTPARTID
360
100002E8
  0
DICTIONARY
  5
100002EA
330
100002E9
100
AcDbDictionary
280
     1
  3
BTDETID
360
100002EB
  3
BTPARTID
360
100002EC
  0
DICTIONARY
  5
100002EE
330
100002ED
100
AcDbDictionary
280
     1
  3
BTDETID
360
100002EF
  3
BTPARTID
360
100002F0
  0
DICTIONARY
  5
100002F2
330
100002F1
100
AcDbDictionary
280
     1
  3
BTDETID
360
100002F3
  3
BTPARTID
360
100002F4
  0
DICTIONARY
  5
100002F6
330
100002F5
100
AcDbDictionary
280
     1
  3
BTDETID
360
100002F7
  3
BTPARTID
360
100002F8
  0
DICTIONARY
  5
100002FA
330
100002F9
100
AcDbDictionary
280
     1
  3
BTDETID
360
100002FB
  3
BTPARTID
360
100002FC
  0
DICTIONARY
  5
100002FE
330
100002FD
100
AcDbDictionary
280
     1
  3
BTDETID
360
100002FF
  3
BTPARTID
360
10000300
  0
DICTIONARY
  5
10000302
330
10000301
100
AcDbDictionary
280
     1
  3
BTDETID
360
10000303
  3
BTPARTID
360
10000304
  0
DICTIONARY
  5
10000306
330
10000305
100
AcDbDictionary
280
     1
  3
BTDETID
360
10000307
  3
BTPARTID
360
10000308
  0
DICTIONARY
  5
1000030A
330
10000309
100
AcDbDictionary
280
     1
  3
BTDETID
360
1000030B
  3
BTPARTID
360
1000030C
  0
DICTIONARY
  5
1000030E
330
1000030D
100
AcDbDictionary
280
     1
  3
BTDETID
360
1000030F
  3
BTPARTID
360
10000310
  0
DICTIONARY
  5
10000312
330
10000311
100
AcDbDictionary
280
     1
  3
BTDETID
360
10000313
  3
BTPARTID
360
10000314
  0
DICTIONARY
  5
10000316
330
10000315
100
AcDbDictionary
280
     1
  3
BTDETID
360
10000317
  3
BTPARTID
360
10000318
  0
DICTIONARY
  5
1000031A
330
10000319
100
AcDbDictionary
280
     1
  3
BTDETID
360
1000031B
  3
BTPARTID
360
1000031C
  0
DICTIONARY
  5
1000031E
330
1000031D
100
AcDbDictionary
280
     1
  3
BTDETID
360
1000031F
  3
BTPARTID
360
10000320
  0
DICTIONARY
  5
10000322
330
10000321
100
AcDbDictionary
280
     1
  3
BTDETID
360
10000323
  3
BTPARTID
360
10000324
  0
DICTIONARY
  5
10000326
330
10000325
100
AcDbDictionary
280
     1
  3
BTDETID
360
10000327
  3
BTPARTID
360
10000328
  0
DICTIONARY
  5
1000032A
330
10000329
100
AcDbDictionary
280
     1
  3
BTDETID
360
1000032B
  3
BTPARTID
360
1000032C
  0
DICTIONARY
  5
1000032E
330
1000032D
100
AcDbDictionary
280
     1
  3
BTDETID
360
1000032F
  3
BTPARTID
360
10000330
  0
DICTIONARY
  5
10000332
330
10000331
100
AcDbDictionary
280
     1
  3
BTDETID
360
10000333
  3
BTPARTID
360
10000334
  0
DICTIONARY
  5
10000336
330
10000335
100
AcDbDictionary
280
     1
  3
BTDETID
360
10000337
  3
BTPARTID
360
10000338
  0
DICTIONARY
  5
1000033A
330
10000339
100
AcDbDictionary
280
     1
  3
BTDETID
360
1000033B
  3
BTPARTID
360
1000033C
  0
DICTIONARY
  5
1000033E
330
1000033D
100
AcDbDictionary
280
     1
  3
BTDETID
360
1000033F
  3
BTPARTID
360
10000340
  0
DICTIONARY
  5
10000342
330
10000341
100
AcDbDictionary
280
     1
  3
BTDETID
360
10000343
  3
BTPARTID
360
10000344
  0
DICTIONARY
  5
10000346
330
10000345
100
AcDbDictionary
280
     1
  3
BTDETID
360
10000347
  3
BTPARTID
360
10000348
  0
DICTIONARY
  5
1000034A
330
10000349
100
AcDbDictionary
280
     1
  3
BTDETID
360
1000034B
  3
BTPARTID
360
1000034C
  0
DICTIONARY
  5
1000034E
330
1000034D
100
AcDbDictionary
280
     1
  3
BTDETID
360
1000034F
  3
BTPARTID
360
10000350
  0
DICTIONARY
  5
10000352
330
10000351
100
AcDbDictionary
280
     1
  3
BTDETID
360
10000353
  3
BTPARTID
360
10000354
  0
DICTIONARY
  5
10000356
330
10000355
100
AcDbDictionary
280
     1
  3
BTDETID
360
10000357
  3
BTPARTID
360
10000358
  0
DICTIONARY
  5
1000035A
330
10000359
100
AcDbDictionary
280
     1
  3
BTDETID
360
1000035B
  3
BTPARTID
360
1000035C
  0
DICTIONARY
  5
1000035E
330
1000035D
100
AcDbDictionary
280
     1
  3
BTDETID
360
1000035F
  3
BTPARTID
360
10000360
  0
DICTIONARY
  5
10000362
330
10000361
100
AcDbDictionary
280
     1
  3
BTDETID
360
10000363
  3
BTPARTID
360
10000364
  0
DICTIONARY
  5
10000366
330
10000365
100
AcDbDictionary
280
     1
  3
BTDETID
360
10000367
  3
BTPARTID
360
10000368
  0
DICTIONARY
  5
1000036A
330
10000369
100
AcDbDictionary
280
     1
  3
BTDETID
360
1000036B
  3
BTPARTID
360
1000036C
  0
DICTIONARY
  5
1000036E
330
1000036D
100
AcDbDictionary
280
     1
  3
BTDETID
360
1000036F
  3
BTPARTID
360
10000370
  0
DICTIONARY
  5
10000372
330
10000371
100
AcDbDictionary
280
     1
  3
BTDETID
360
10000373
  3
BTPARTID
360
10000374
  0
DICTIONARY
  5
10000376
330
10000375
100
AcDbDictionary
280
     1
  3
BTDETID
360
10000377
  3
BTPARTID
360
10000378
  0
DICTIONARY
  5
1000037A
330
10000379
100
AcDbDictionary
280
     1
  3
BTDETID
360
1000037B
  3
BTPARTID
360
1000037C
  0
DICTIONARY
  5
1000037E
330
1000037D
100
AcDbDictionary
280
     1
  3
BTDETID
360
1000037F
  3
BTPARTID
360
10000380
  0
DICTIONARY
  5
10000382
330
10000381
100
AcDbDictionary
280
     1
  3
BTDETID
360
10000383
  3
BTPARTID
360
10000384
  0
DICTIONARY
  5
10000386
330
10000385
100
AcDbDictionary
280
     1
  3
BTDETID
360
10000387
  3
BTPARTID
360
10000388
  0
DICTIONARY
  5
1000038A
330
10000389
100
AcDbDictionary
280
     1
  3
BTDETID
360
1000038B
  3
BTPARTID
360
1000038C
  0
DICTIONARY
  5
1000038E
330
1000038D
100
AcDbDictionary
280
     1
  3
BTDETID
360
1000038F
  3
BTPARTID
360
10000390
  0
DICTIONARY
  5
10000392
330
10000391
100
AcDbDictionary
280
     1
  3
BTDETID
360
10000393
  3
BTPARTID
360
10000394
  0
DICTIONARY
  5
10000396
330
10000395
100
AcDbDictionary
280
     1
  3
BTDETID
360
10000397
  3
BTPARTID
360
10000398
  0
DICTIONARY
  5
1000039A
330
10000399
100
AcDbDictionary
280
     1
  3
BTDETID
360
1000039B
  3
BTPARTID
360
1000039C
  0
DICTIONARY
  5
1000039E
330
1000039D
100
AcDbDictionary
280
     1
  3
BTDETID
360
1000039F
  3
BTPARTID
360
100003A0
  0
DICTIONARY
  5
100003A2
330
100003A1
100
AcDbDictionary
280
     1
  3
BTDETID
360
100003A3
  3
BTPARTID
360
100003A4
  0
DICTIONARY
  5
100003A6
330
100003A5
100
AcDbDictionary
280
     1
  3
BTDETID
360
100003A7
  3
BTPARTID
360
100003A8
  0
DICTIONARY
  5
100003AA
330
100003A9
100
AcDbDictionary
280
     1
  3
BTDETID
360
100003AB
  3
BTPARTID
360
100003AC
  0
DICTIONARY
  5
100003AE
330
100003AD
100
AcDbDictionary
280
     1
  3
BTDETID
360
100003AF
  3
BTPARTID
360
100003B0
  0
DICTIONARY
  5
100003B2
330
100003B1
100
AcDbDictionary
280
     1
  3
BTDETID
360
100003B3
  3
BTPARTID
360
100003B4
  0
DICTIONARY
  5
100003B6
330
100003B5
100
AcDbDictionary
280
     1
  3
BTDETID
360
100003B7
  3
BTPARTID
360
100003B8
  0
DICTIONARY
  5
100003BA
330
100003B9
100
AcDbDictionary
280
     1
  3
BTDETID
360
100003BB
  3
BTPARTID
360
100003BC
  0
DICTIONARY
  5
100003BE
330
100003BD
100
AcDbDictionary
280
     1
  3
BTDETID
360
100003BF
  3
BTPARTID
360
100003C0
  0
DICTIONARY
  5
100003C2
330
100003C1
100
AcDbDictionary
280
     1
  3
BTDETID
360
100003C3
  3
BTPARTID
360
100003C4
  0
DICTIONARY
  5
100003C6
330
100003C5
100
AcDbDictionary
280
     1
  3
BTDETID
360
100003C7
  3
BTPARTID
360
100003C8
  0
DICTIONARY
  5
100003CA
330
100003C9
100
AcDbDictionary
280
     1
  3
BTDETID
360
100003CB
  3
BTPARTID
360
100003CC
  0
DICTIONARY
  5
100003CE
330
100003CD
100
AcDbDictionary
280
     1
  3
BTDETID
360
100003CF
  3
BTPARTID
360
100003D0
  0
DICTIONARY
  5
100003D2
330
100003D1
100
AcDbDictionary
280
     1
  3
BTDETID
360
100003D3
  3
BTPARTID
360
100003D4
  0
DICTIONARY
  5
100003D6
330
100003D5
100
AcDbDictionary
280
     1
  3
BTDETID
360
100003D7
  3
BTPARTID
360
100003D8
  0
DICTIONARY
  5
100003DA
330
100003D9
100
AcDbDictionary
280
     1
  3
BTDETID
360
100003DB
  3
BTPARTID
360
100003DC
  0
DICTIONARY
  5
100003DE
330
100003DD
100
AcDbDictionary
280
     1
  3
BTDETID
360
100003DF
  3
BTPARTID
360
100003E0
  0
DICTIONARY
  5
100003E2
330
100003E1
100
AcDbDictionary
280
     1
  3
BTDETID
360
100003E3
  3
BTPARTID
360
100003E4
  0
DICTIONARY
  5
100003E6
330
100003E5
100
AcDbDictionary
280
     1
  3
BTDETID
360
100003E7
  3
BTPARTID
360
100003E8
  0
DICTIONARY
  5
100003EA
330
100003E9
100
AcDbDictionary
280
     1
  3
BTDETID
360
100003EB
  3
BTPARTID
360
100003EC
  0
DICTIONARY
  5
100003EE
330
100003ED
100
AcDbDictionary
280
     1
  3
BTDETID
360
100003EF
  3
BTPARTID
360
100003F0
  0
DICTIONARY
  5
100003F2
330
100003F1
100
AcDbDictionary
280
     1
  3
BTDETID
360
100003F3
  3
BTPARTID
360
100003F4
  0
DICTIONARY
  5
100003F6
330
100003F5
100
AcDbDictionary
280
     1
  3
BTDETID
360
100003F7
  3
BTPARTID
360
100003F8
  0
DICTIONARY
  5
100003FA
330
100003F9
100
AcDbDictionary
280
     1
  3
BTDETID
360
100003FB
  3
BTPARTID
360
100003FC
  0
DICTIONARY
  5
100003FE
330
100003FD
100
AcDbDictionary
280
     1
  3
BTDETID
360
100003FF
  3
BTPARTID
360
10000400
  0
DICTIONARY
  5
10000402
330
10000401
100
AcDbDictionary
280
     1
  3
BTDETID
360
10000403
  3
BTPARTID
360
10000404
  0
DICTIONARY
  5
10000406
330
10000405
100
AcDbDictionary
280
     1
  3
BTDETID
360
10000407
  3
BTPARTID
360
10000408
  0
DICTIONARY
  5
1000040A
330
10000409
100
AcDbDictionary
280
     1
  3
BTDETID
360
1000040B
  3
BTPARTID
360
1000040C
  0
DICTIONARY
  5
1000040E
330
1000040D
100
AcDbDictionary
280
     1
  3
BTDETID
360
1000040F
  3
BTPARTID
360
10000410
  0
DICTIONARY
  5
10000412
330
10000411
100
AcDbDictionary
280
     1
  3
BTDETID
360
10000413
  3
BTPARTID
360
10000414
  0
DICTIONARY
  5
10000416
330
10000415
100
AcDbDictionary
280
     1
  3
BTDETID
360
10000417
  3
BTPARTID
360
10000418
  0
DICTIONARY
  5
1000041A
330
10000419
100
AcDbDictionary
280
     1
  3
BTDETID
360
1000041B
  3
BTPARTID
360
1000041C
  0
DICTIONARY
  5
1000041E
330
1000041D
100
AcDbDictionary
280
     1
  3
BTDETID
360
1000041F
  3
BTPARTID
360
10000420
  0
DICTIONARY
  5
10000422
330
10000421
100
AcDbDictionary
280
     1
  3
BTDETID
360
10000423
  3
BTPARTID
360
10000424
  0
DICTIONARY
  5
10000426
330
10000425
100
AcDbDictionary
280
     1
  3
BTDETID
360
10000427
  3
BTPARTID
360
10000428
  0
DICTIONARY
  5
1000042A
330
10000429
100
AcDbDictionary
280
     1
  3
BTDETID
360
1000042B
  3
BTPARTID
360
1000042C
  0
DICTIONARY
  5
1000042E
330
1000042D
100
AcDbDictionary
280
     1
  3
BTDETID
360
1000042F
  3
BTPARTID
360
10000430
  0
DICTIONARY
  5
10000432
330
10000431
100
AcDbDictionary
280
     1
  3
BTDETID
360
10000433
  3
BTPARTID
360
10000434
  0
DICTIONARY
  5
10000436
330
10000435
100
AcDbDictionary
280
     1
  3
BTDETID
360
10000437
  3
BTPARTID
360
10000438
  0
DICTIONARY
  5
1000043A
330
10000439
100
AcDbDictionary
280
     1
  3
BTDETID
360
1000043B
  3
BTPARTID
360
1000043C
  0
DICTIONARY
  5
1000043E
330
1000043D
100
AcDbDictionary
280
     1
  3
BTDETID
360
1000043F
  3
BTPARTID
360
10000440
  0
DICTIONARY
  5
10000442
330
10000441
100
AcDbDictionary
280
     1
  3
BTDETID
360
10000443
  3
BTPARTID
360
10000444
  0
DICTIONARY
  5
10000446
330
10000445
100
AcDbDictionary
280
     1
  3
BTDETID
360
10000447
  3
BTPARTID
360
10000448
  0
DICTIONARY
  5
1000044A
330
10000449
100
AcDbDictionary
280
     1
  3
BTDETID
360
1000044B
  3
BTPARTID
360
1000044C
  0
DICTIONARY
  5
1000044E
330
1000044D
100
AcDbDictionary
280
     1
  3
BTDETID
360
1000044F
  3
BTPARTID
360
10000450
  0
DICTIONARY
  5
10000452
330
10000451
100
AcDbDictionary
280
     1
  3
BTDETID
360
10000453
  3
BTPARTID
360
10000454
  0
DICTIONARY
  5
10000456
330
10000455
100
AcDbDictionary
280
     1
  3
BTDETID
360
10000457
  3
BTPARTID
360
10000458
  0
DICTIONARY
  5
1000045A
330
10000459
100
AcDbDictionary
280
     1
  3
BTDETID
360
1000045B
  3
BTPARTID
360
1000045C
  0
DICTIONARY
  5
1000045E
330
1000045D
100
AcDbDictionary
280
     1
  3
BTDETID
360
1000045F
  3
BTPARTID
360
10000460
  0
DICTIONARY
  5
10000462
330
10000461
100
AcDbDictionary
280
     1
  3
BTDETID
360
10000463
  3
BTPARTID
360
10000464
  0
DICTIONARY
  5
10000466
330
10000465
100
AcDbDictionary
280
     1
  3
BTDETID
360
10000467
  3
BTPARTID
360
10000468
  0
DICTIONARY
  5
D
102
{ACAD_REACTORS
330
C
102
}
330
C
100
AcDbDictionary
  0
DICTIONARY
  5
1A
102
{ACAD_REACTORS
330
C
102
}
330
C
100
AcDbDictionary
  0
DICTIONARY
  5
43
102
{ACAD_REACTORS
330
C
102
}
330
C
100
AcDbDictionary
  3
BYBLOCK
350
45
  3
BYLAYER
350
44
  3
GLOBAL
350
46
  0
DICTIONARY
  5
5B
102
{ACAD_REACTORS
330
C
102
}
330
C
100
AcDbDictionary
  3
STANDARD
350
5C
  0
DICTIONARY
  5
17
102
{ACAD_REACTORS
330
C
102
}
330
C
100
AcDbDictionary
  3
STANDARD
350
18
  0
DICTIONARY
  5
19
102
{ACAD_REACTORS
330
C
102
}
330
C
100
AcDbDictionary
  0
DICTIONARY
  5
47
102
{ACAD_REACTORS
330
C
102
}
330
C
100
AcDbDictionary
  3
SCALE100_1
350
10000023
  3
SCALE10_1
350
1000001D
  3
SCALE12_1
350
1000001E
  3
SCALE16_1
350
1000001F
  3
SCALE1_1
350
10000006
  3
SCALE1_10
350
1000000D
  3
SCALE1_100
350
10000016
  3
SCALE1_12
350
1000000E
  3
SCALE1_16
350
1000000F
  3
SCALE1_2
350
10000007
  3
SCALE1_20
350
10000010
  3
SCALE1_25
350
10000011
  3
SCALE1_3
350
10000008
  3
SCALE1_32
350
10000012
  3
SCALE1_4
350
10000009
  3
SCALE1_40
350
10000013
  3
SCALE1_5
350
1000000A
  3
SCALE1_50
350
10000014
  3
SCALE1_6
350
1000000B
  3
SCALE1_8
350
1000000C
  3
SCALE1_80
350
10000015
  3
SCALE20_1
350
10000020
  3
SCALE2_1
350
10000017
  3
SCALE32_1
350
10000021
  3
SCALE3_1
350
10000018
  3
SCALE4_1
350
10000019
  3
SCALE50_1
350
10000022
  3
SCALE5_1
350
1000001A
  3
SCALE6_1
350
1000001B
  3
SCALE8_1
350
1000001C
  0
DICTIONARY
  5
2A
102
{ACAD_REACTORS
330
C
102
}
330
C
100
AcDbDictionary
  3
2DWIREFRAME
350
2F
  3
BASIC
350
32
  3
BRIGHTEN
350
36
  3
COLORCHANGE
350
3A
  3
CONCEPTUAL
350
34
  3
DIM
350
35
  3
EDGECOLOROFF
350
3D
  3
FACEPATTERN
350
39
  3
FLAT
350
2B
  3
FLATWITHEDGES
350
2C
  3
GOURAUD
350
2D
  3
GOURAUDWITHEDGES
350
2E
  3
HIDDEN
350
31
  3
JITTEROFF
350
3B
  3
LINEPATTERN
350
38
  3
OVERHANGOFF
350
3C
  3
REALISTIC
350
33
  3
SHADED
350
42
  3
SHADED_WITH_EDGES
350
41
  3
SHADES_OF_GRAY
350
3E
  3
SKETCHY
350
3F
  3
THICKEN
350
37
  3
WIREFRAME
350
30
  3
X-RAY
350
40
  0
DICTIONARY
  5
1000046B
102
{ACAD_REACTORS
330
C
102
}
330
C
100
AcDbDictionary
  3
CEPSNID
350
10000475
  3
CEPSNTYPE
350
10000474
  3
DIMSTYLEDATA
350
1000048B
  3
FINGERPRINTGUID
350
10000476
  3
HYPERLINKBASE
350
1000046E
  3
INSUNITS
350
10000473
  3
LAYOUTDICT
350
10000470
  3
LWETCUNION
350
10000472
  3
PLOTSETDICT
350
10000471
  3
PSVPSCALE
350
10000478
  3
PUCSBASE
350
1000047B
  3
PUCSORGBACK
350
10000481
  3
PUCSORGBOTTOM
350
1000047D
  3
PUCSORGFRONT
350
10000480
  3
PUCSORGLEFT
350
1000047E
  3
PUCSORGRIGHT
350
1000047F
  3
PUCSORGTOP
350
1000047C
  3
PUCSORTHOREF
350
10000479
  3
PUCSORTHOVIEW
350
1000047A
  3
STYLESHEET
350
1000046F
  3
TSTACKALIGN
350
1000046C
  3
TSTACKSIZE
350
1000046D
  3
UCSBASE
350
10000484
  3
UCSORGBACK
350
1000048A
  3
UCSORGBOTTOM
350
10000486
  3
UCSORGFRONT
350
10000489
  3
UCSORGLEFT
350
10000487
  3
UCSORGRIGHT
350
10000488
  3
UCSORGTOP
350
10000485
  3
UCSORTHOREF
350
10000482
  3
UCSORTHOVIEW
350
10000483
  3
VERSIONGUID
350
10000477
  0
DICTIONARY
  5
1000048C
102
{ACAD_REACTORS
330
C
102
}
330
C
100
AcDbDictionary
  3
CANNOSCALE
350
1000049A
  3
CENTEREXE
350
10000493
  3
CENTERLTYPEFILE
350
10000494
  3
CMLEADERSTYLE
350
1000048E
  3
CTABLESTYLE
350
1000048D
  3
DIMASSOC
350
10000495
  3
HIDETEXT
350
10000496
  3
MSLTSCALE
350
1000049B
  3
PSOLHEIGHT
350
10000490
  3
PSOLWIDTH
350
1000048F
  0
XRECORD
  5
10000497
102
{ACAD_REACTORS
330
C
102
}
330
C
100
AcDbXrecord
  1
DWGPROPS COOKIE
  2

  3

  4

  6
File was created by BTDwgCreate
  7

  8
onshape
  9

300
=
301
=
302
=
303
=
304
=
305
=
306
=
307
=
308
=
309
=
 40
0.0
 41
2461298.046302882
 42
2461298.046302963
  1

 90
        0
  0
DICTIONARY
  5
10000001
102
{ACAD_REACTORS
330
C
102
}
330
C
100
AcDbDictionary
280
     1
  3
DIM_UNITS
360
10000003
  3
DWGGEN_VERSION
360
10000002
  3
FIRST_ANGLE
360
10000005
  0
XRECORD
  5
10000499
102
{ACAD_REACTORS
330
10000498
102
}
330
10000498
100
AcDbXrecord
102
VTR_0.000_0.000_1.000_1.000_VISUALSTYLE
340
2F
102
VTR_0.000_0.000_1.000_1.000_GRIDDISPLAY
 70
     3
102
VTR_0.000_0.000_1.000_1.000_GRIDMAJOR
 70
     5
102
VTR_0.000_0.000_1.000_1.000_DEFAULTLIGHTING
280
     1
102
VTR_0.000_0.000_1.000_1.000_DEFAULTLIGHTINGTYPE
 70
     1
102
VTR_0.000_0.000_1.000_1.000_BRIGHTNESS
141
0.0
102
VTR_0.000_0.000_1.000_1.000_CONTRAST
142
0.0
  0
SORTENTSTABLE
  5
1000046A
102
{ACAD_REACTORS
330
10000469
102
}
330
10000469
100
AcDbSortentsTable
330
1F
  0
XRECORD
  5
1000005B
102
{ACAD_REACTORS
330
1000005A
102
}
330
1000005A
100
AcDbXrecord
1000
KFBR
  0
XRECORD
  5
1000005C
102
{ACAD_REACTORS
330
1000005A
102
}
330
1000005A
100
AcDbXrecord
1000
KFzQ
  0
XRECORD
  5
1000005F
102
{ACAD_REACTORS
330
1000005E
102
}
330
1000005E
100
AcDbXrecord
1000
KF9Q
  0
XRECORD
  5
10000060
102
{ACAD_REACTORS
330
1000005E
102
}
330
1000005E
100
AcDbXrecord
1000
KFvQ
  0
XRECORD
  5
10000063
102
{ACAD_REACTORS
330
10000062
102
}
330
10000062
100
AcDbXrecord
1000
KF5Q
  0
XRECORD
  5
10000064
102
{ACAD_REACTORS
330
10000062
102
}
330
10000062
100
AcDbXrecord
1000
KFrQ
  0
XRECORD
  5
10000067
102
{ACAD_REACTORS
330
10000066
102
}
330
10000066
100
AcDbXrecord
1000
KFxH
  0
XRECORD
  5
10000068
102
{ACAD_REACTORS
330
10000066
102
}
330
10000066
100
AcDbXrecord
1000
KFjH
  0
XRECORD
  5
1000006B
102
{ACAD_REACTORS
330
1000006A
102
}
330
1000006A
100
AcDbXrecord
1000
KFlR
  0
XRECORD
  5
1000006C
102
{ACAD_REACTORS
330
1000006A
102
}
330
1000006A
100
AcDbXrecord
1000
KFXR
  0
XRECORD
  5
1000006F
102
{ACAD_REACTORS
330
1000006E
102
}
330
1000006E
100
AcDbXrecord
1000
KFtH
  0
XRECORD
  5
10000070
102
{ACAD_REACTORS
330
1000006E
102
}
330
1000006E
100
AcDbXrecord
1000
KFfH
  0
XRECORD
  5
10000073
102
{ACAD_REACTORS
330
10000072
102
}
330
10000072
100
AcDbXrecord
1000
KFhR
  0
XRECORD
  5
10000074
102
{ACAD_REACTORS
330
10000072
102
}
330
10000072
100
AcDbXrecord
1000
KFTR
  0
XRECORD
  5
10000077
102
{ACAD_REACTORS
330
10000076
102
}
330
10000076
100
AcDbXrecord
1000
KFpH
  0
XRECORD
  5
10000078
102
{ACAD_REACTORS
330
10000076
102
}
330
10000076
100
AcDbXrecord
1000
KFbH
  0
XRECORD
  5
1000007B
102
{ACAD_REACTORS
330
1000007A
102
}
330
1000007A
100
AcDbXrecord
1000
KFdR
  0
XRECORD
  5
1000007C
102
{ACAD_REACTORS
330
1000007A
102
}
330
1000007A
100
AcDbXrecord
1000
KFPR
  0
XRECORD
  5
1000007F
102
{ACAD_REACTORS
330
1000007E
102
}
330
1000007E
100
AcDbXrecord
1000
KFlH
  0
XRECORD
  5
10000080
102
{ACAD_REACTORS
330
1000007E
102
}
330
1000007E
100
AcDbXrecord
1000
KFXH
  0
XRECORD
  5
10000083
102
{ACAD_REACTORS
330
10000082
102
}
330
10000082
100
AcDbXrecord
1000
KFhH
  0
XRECORD
  5
10000084
102
{ACAD_REACTORS
330
10000082
102
}
330
10000082
100
AcDbXrecord
1000
KFTH
  0
XRECORD
  5
10000087
102
{ACAD_REACTORS
330
10000086
102
}
330
10000086
100
AcDbXrecord
1000
KFVR
  0
XRECORD
  5
10000088
102
{ACAD_REACTORS
330
10000086
102
}
330
10000086
100
AcDbXrecord
1000
KFHR
  0
XRECORD
  5
1000008B
102
{ACAD_REACTORS
330
1000008A
102
}
330
1000008A
100
AcDbXrecord
1000
KFdH
  0
XRECORD
  5
1000008C
102
{ACAD_REACTORS
330
1000008A
102
}
330
1000008A
100
AcDbXrecord
1000
KFPH
  0
XRECORD
  5
1000008F
102
{ACAD_REACTORS
330
1000008E
102
}
330
1000008E
100
AcDbXrecord
1000
KFZH
  0
XRECORD
  5
10000090
102
{ACAD_REACTORS
330
1000008E
102
}
330
1000008E
100
AcDbXrecord
1000
KFLH
  0
XRECORD
  5
10000093
102
{ACAD_REACTORS
330
10000092
102
}
330
10000092
100
AcDbXrecord
1000
KFNR
  0
XRECORD
  5
10000094
102
{ACAD_REACTORS
330
10000092
102
}
330
10000092
100
AcDbXrecord
1000
KF/Q
  0
XRECORD
  5
10000097
102
{ACAD_REACTORS
330
10000096
102
}
330
10000096
100
AcDbXrecord
1000
KFVH
  0
XRECORD
  5
10000098
102
{ACAD_REACTORS
330
10000096
102
}
330
10000096
100
AcDbXrecord
1000
KFHH
  0
XRECORD
  5
1000009B
102
{ACAD_REACTORS
330
1000009A
102
}
330
1000009A
100
AcDbXrecord
1000
KFJR
  0
XRECORD
  5
1000009C
102
{ACAD_REACTORS
330
1000009A
102
}
330
1000009A
100
AcDbXrecord
1000
KF7Q
  0
XRECORD
  5
1000009F
102
{ACAD_REACTORS
330
1000009E
102
}
330
1000009E
100
AcDbXrecord
1000
KFxE
  0
XRECORD
  5
100000A0
102
{ACAD_REACTORS
330
1000009E
102
}
330
1000009E
100
AcDbXrecord
1000
KFjE
  0
XRECORD
  5
100000A3
102
{ACAD_REACTORS
330
100000A2
102
}
330
100000A2
100
AcDbXrecord
1000
KFtE
  0
XRECORD
  5
100000A4
102
{ACAD_REACTORS
330
100000A2
102
}
330
100000A2
100
AcDbXrecord
1000
KFfE
  0
XRECORD
  5
100000A7
102
{ACAD_REACTORS
330
100000A6
102
}
330
100000A6
100
AcDbXrecord
1000
KFpE
  0
XRECORD
  5
100000A8
102
{ACAD_REACTORS
330
100000A6
102
}
330
100000A6
100
AcDbXrecord
1000
KFbE
  0
XRECORD
  5
100000AB
102
{ACAD_REACTORS
330
100000AA
102
}
330
100000AA
100
AcDbXrecord
1000
KFlE
  0
XRECORD
  5
100000AC
102
{ACAD_REACTORS
330
100000AA
102
}
330
100000AA
100
AcDbXrecord
1000
KFXE
  0
XRECORD
  5
100000AF
102
{ACAD_REACTORS
330
100000AE
102
}
330
100000AE
100
AcDbXrecord
1000
KFRR
  0
XRECORD
  5
100000B0
102
{ACAD_REACTORS
330
100000AE
102
}
330
100000AE
100
AcDbXrecord
1000
KFDR
  0
XRECORD
  5
100000B3
102
{ACAD_REACTORS
330
100000B2
102
}
330
100000B2
100
AcDbXrecord
1000
KF9G
  0
XRECORD
  5
100000B4
102
{ACAD_REACTORS
330
100000B2
102
}
330
100000B2
100
AcDbXrecord
1000
KFvG
  0
XRECORD
  5
100000B7
102
{ACAD_REACTORS
330
100000B6
102
}
330
100000B6
100
AcDbXrecord
1000
KFhE
  0
XRECORD
  5
100000B8
102
{ACAD_REACTORS
330
100000B6
102
}
330
100000B6
100
AcDbXrecord
1000
KFTE
  0
XRECORD
  5
100000BB
102
{ACAD_REACTORS
330
100000BA
102
}
330
100000BA
100
AcDbXrecord
1000
KFVO
  0
XRECORD
  5
100000BC
102
{ACAD_REACTORS
330
100000BA
102
}
330
100000BA
100
AcDbXrecord
1000
KFHO
  0
XRECORD
  5
100000BF
102
{ACAD_REACTORS
330
100000BE
102
}
330
100000BE
100
AcDbXrecord
1000
KFdE
  0
XRECORD
  5
100000C0
102
{ACAD_REACTORS
330
100000BE
102
}
330
100000BE
100
AcDbXrecord
1000
KFPE
  0
XRECORD
  5
100000C3
102
{ACAD_REACTORS
330
100000C2
102
}
330
100000C2
100
AcDbXrecord
1000
KFRO
  0
XRECORD
  5
100000C4
102
{ACAD_REACTORS
330
100000C2
102
}
330
100000C2
100
AcDbXrecord
1000
KFDO
  0
XRECORD
  5
100000C7
102
{ACAD_REACTORS
330
100000C6
102
}
330
100000C6
100
AcDbXrecord
1000
KFZE
  0
XRECORD
  5
100000C8
102
{ACAD_REACTORS
330
100000C6
102
}
330
100000C6
100
AcDbXrecord
1000
KFLE
  0
XRECORD
  5
100000CB
102
{ACAD_REACTORS
330
100000CA
102
}
330
100000CA
100
AcDbXrecord
1000
KFNO
  0
XRECORD
  5
100000CC
102
{ACAD_REACTORS
330
100000CA
102
}
330
100000CA
100
AcDbXrecord
1000
KF/N
  0
XRECORD
  5
100000CF
102
{ACAD_REACTORS
330
100000CE
102
}
330
100000CE
100
AcDbXrecord
1000
KFVE
  0
XRECORD
  5
100000D0
102
{ACAD_REACTORS
330
100000CE
102
}
330
100000CE
100
AcDbXrecord
1000
KFHE
  0
XRECORD
  5
100000D3
102
{ACAD_REACTORS
330
100000D2
102
}
330
100000D2
100
AcDbXrecord
1000
KFJO
  0
XRECORD
  5
100000D4
102
{ACAD_REACTORS
330
100000D2
102
}
330
100000D2
100
AcDbXrecord
1000
KF7N
  0
XRECORD
  5
100000D7
102
{ACAD_REACTORS
330
100000D6
102
}
330
100000D6
100
AcDbXrecord
1000
KFRE
  0
XRECORD
  5
100000D8
102
{ACAD_REACTORS
330
100000D6
102
}
330
100000D6
100
AcDbXrecord
1000
KFDE
  0
XRECORD
  5
100000DB
102
{ACAD_REACTORS
330
100000DA
102
}
330
100000DA
100
AcDbXrecord
1000
KFNE
  0
XRECORD
  5
100000DC
102
{ACAD_REACTORS
330
100000DA
102
}
330
100000DA
100
AcDbXrecord
1000
KF/D
  0
XRECORD
  5
100000DF
102
{ACAD_REACTORS
330
100000DE
102
}
330
100000DE
100
AcDbXrecord
1000
KFBO
  0
XRECORD
  5
100000E0
102
{ACAD_REACTORS
330
100000DE
102
}
330
100000DE
100
AcDbXrecord
1000
KFzN
  0
XRECORD
  5
100000E3
102
{ACAD_REACTORS
330
100000E2
102
}
330
100000E2
100
AcDbXrecord
1000
KFJE
  0
XRECORD
  5
100000E4
102
{ACAD_REACTORS
330
100000E2
102
}
330
100000E2
100
AcDbXrecord
1000
KF7D
  0
XRECORD
  5
100000E7
102
{ACAD_REACTORS
330
100000E6
102
}
330
100000E6
100
AcDbXrecord
1000
KF9N
  0
XRECORD
  5
100000E8
102
{ACAD_REACTORS
330
100000E6
102
}
330
100000E6
100
AcDbXrecord
1000
KFvN
  0
XRECORD
  5
100000EB
102
{ACAD_REACTORS
330
100000EA
102
}
330
100000EA
100
AcDbXrecord
1000
KFtD
  0
XRECORD
  5
100000EC
102
{ACAD_REACTORS
330
100000EA
102
}
330
100000EA
100
AcDbXrecord
1000
KFfD
  0
XRECORD
  5
100000EF
102
{ACAD_REACTORS
330
100000EE
102
}
330
100000EE
100
AcDbXrecord
1000
KFpD
  0
XRECORD
  5
100000F0
102
{ACAD_REACTORS
330
100000EE
102
}
330
100000EE
100
AcDbXrecord
1000
KFbD
  0
XRECORD
  5
100000F3
102
{ACAD_REACTORS
330
100000F2
102
}
330
100000F2
100
AcDbXrecord
1000
KFlD
  0
XRECORD
  5
100000F4
102
{ACAD_REACTORS
330
100000F2
102
}
330
100000F2
100
AcDbXrecord
1000
KFXD
  0
XRECORD
  5
100000F7
102
{ACAD_REACTORS
330
100000F6
102
}
330
100000F6
100
AcDbXrecord
1000
KFhD
  0
XRECORD
  5
100000F8
102
{ACAD_REACTORS
330
100000F6
102
}
330
100000F6
100
AcDbXrecord
1000
KFTD
  0
XRECORD
  5
100000FB
102
{ACAD_REACTORS
330
100000FA
102
}
330
100000FA
100
AcDbXrecord
1000
KFdD
  0
XRECORD
  5
100000FC
102
{ACAD_REACTORS
330
100000FA
102
}
330
100000FA
100
AcDbXrecord
1000
KFPD
  0
XRECORD
  5
100000FF
102
{ACAD_REACTORS
330
100000FE
102
}
330
100000FE
100
AcDbXrecord
1000
KFVD
  0
XRECORD
  5
10000100
102
{ACAD_REACTORS
330
100000FE
102
}
330
100000FE
100
AcDbXrecord
1000
KFHD
  0
XRECORD
  5
10000103
102
{ACAD_REACTORS
330
10000102
102
}
330
10000102
100
AcDbXrecord
1000
KFRD
  0
XRECORD
  5
10000104
102
{ACAD_REACTORS
330
10000102
102
}
330
10000102
100
AcDbXrecord
1000
KFDD
  0
XRECORD
  5
10000107
102
{ACAD_REACTORS
330
10000106
102
}
330
10000106
100
AcDbXrecord
1000
KFND
  0
XRECORD
  5
10000108
102
{ACAD_REACTORS
330
10000106
102
}
330
10000106
100
AcDbXrecord
1000
KF/C
  0
XRECORD
  5
1000010B
102
{ACAD_REACTORS
330
1000010A
102
}
330
1000010A
100
AcDbXrecord
1000
KFJD
  0
XRECORD
  5
1000010C
102
{ACAD_REACTORS
330
1000010A
102
}
330
1000010A
100
AcDbXrecord
1000
KF7C
  0
XRECORD
  5
1000010F
102
{ACAD_REACTORS
330
1000010E
102
}
330
1000010E
100
AcDbXrecord
1000
KFFD
  0
XRECORD
  5
10000110
102
{ACAD_REACTORS
330
1000010E
102
}
330
1000010E
100
AcDbXrecord
1000
KF3C
  0
XRECORD
  5
10000113
102
{ACAD_REACTORS
330
10000112
102
}
330
10000112
100
AcDbXrecord
1000
KF9C
  0
XRECORD
  5
10000114
102
{ACAD_REACTORS
330
10000112
102
}
330
10000112
100
AcDbXrecord
1000
KFvC
  0
XRECORD
  5
10000117
102
{ACAD_REACTORS
330
10000116
102
}
330
10000116
100
AcDbXrecord
1000
KFxM
  0
XRECORD
  5
10000118
102
{ACAD_REACTORS
330
10000116
102
}
330
10000116
100
AcDbXrecord
1000
KFjM
  0
XRECORD
  5
1000011B
102
{ACAD_REACTORS
330
1000011A
102
}
330
1000011A
100
AcDbXrecord
1000
KF5E
  0
XRECORD
  5
1000011C
102
{ACAD_REACTORS
330
1000011A
102
}
330
1000011A
100
AcDbXrecord
1000
KFrE
  0
XRECORD
  5
1000011F
102
{ACAD_REACTORS
330
1000011E
102
}
330
1000011E
100
AcDbXrecord
1000
JFp
  0
XRECORD
  5
10000120
102
{ACAD_REACTORS
330
1000011E
102
}
330
1000011E
100
AcDbXrecord
1000
JFb
  0
XRECORD
  5
10000123
102
{ACAD_REACTORS
330
10000122
102
}
330
10000122
100
AcDbXrecord
1000
KFdK
  0
XRECORD
  5
10000124
102
{ACAD_REACTORS
330
10000122
102
}
330
10000122
100
AcDbXrecord
1000
KFPK
  0
XRECORD
  5
10000127
102
{ACAD_REACTORS
330
10000126
102
}
330
10000126
100
AcDbXrecord
1000
KFJF
  0
XRECORD
  5
10000128
102
{ACAD_REACTORS
330
10000126
102
}
330
10000126
100
AcDbXrecord
1000
KF7E
  0
XRECORD
  5
1000012B
102
{ACAD_REACTORS
330
1000012A
102
}
330
1000012A
100
AcDbXrecord
1000
JF5
  0
XRECORD
  5
1000012C
102
{ACAD_REACTORS
330
1000012A
102
}
330
1000012A
100
AcDbXrecord
1000
JFr
  0
XRECORD
  5
1000012F
102
{ACAD_REACTORS
330
1000012E
102
}
330
1000012E
100
AcDbXrecord
1000
KFtK
  0
XRECORD
  5
10000130
102
{ACAD_REACTORS
330
1000012E
102
}
330
1000012E
100
AcDbXrecord
1000
KFfK
  0
XRECORD
  5
10000133
102
{ACAD_REACTORS
330
10000132
102
}
330
10000132
100
AcDbXrecord
1000
JFN
  0
XRECORD
  5
10000134
102
{ACAD_REACTORS
330
10000132
102
}
330
10000132
100
AcDbXrecord
1000
KF/R
  0
XRECORD
  5
10000137
102
{ACAD_REACTORS
330
10000136
102
}
330
10000136
100
AcDbXrecord
1000
KF1G
  0
XRECORD
  5
10000138
102
{ACAD_REACTORS
330
10000136
102
}
330
10000136
100
AcDbXrecord
1000
KFnG
  0
XRECORD
  5
1000013B
102
{ACAD_REACTORS
330
1000013A
102
}
330
1000013A
100
AcDbXrecord
1000
KFlC
  0
XRECORD
  5
1000013C
102
{ACAD_REACTORS
330
1000013A
102
}
330
1000013A
100
AcDbXrecord
1000
KFXC
  0
XRECORD
  5
1000013F
102
{ACAD_REACTORS
330
1000013E
102
}
330
1000013E
100
AcDbXrecord
1000
KFZM
  0
XRECORD
  5
10000140
102
{ACAD_REACTORS
330
1000013E
102
}
330
1000013E
100
AcDbXrecord
1000
KFLM
  0
XRECORD
  5
10000143
102
{ACAD_REACTORS
330
10000142
102
}
330
10000142
100
AcDbXrecord
1000
KF1R
  0
XRECORD
  5
10000144
102
{ACAD_REACTORS
330
10000142
102
}
330
10000142
100
AcDbXrecord
1000
KFnR
  0
XRECORD
  5
10000147
102
{ACAD_REACTORS
330
10000146
102
}
330
10000146
100
AcDbXrecord
1000
KFBI
  0
XRECORD
  5
10000148
102
{ACAD_REACTORS
330
10000146
102
}
330
10000146
100
AcDbXrecord
1000
KFzH
  0
XRECORD
  5
1000014B
102
{ACAD_REACTORS
330
1000014A
102
}
330
1000014A
100
AcDbXrecord
1000
KFRF
  0
XRECORD
  5
1000014C
102
{ACAD_REACTORS
330
1000014A
102
}
330
1000014A
100
AcDbXrecord
1000
KFDF
  0
XRECORD
  5
1000014F
102
{ACAD_REACTORS
330
1000014E
102
}
330
1000014E
100
AcDbXrecord
1000
KFBB
  0
XRECORD
  5
10000150
102
{ACAD_REACTORS
330
1000014E
102
}
330
1000014E
100
AcDbXrecord
1000
JFz
  0
XRECORD
  5
10000153
102
{ACAD_REACTORS
330
10000152
102
}
330
10000152
100
AcDbXrecord
1000
KF1K
  0
XRECORD
  5
10000154
102
{ACAD_REACTORS
330
10000152
102
}
330
10000152
100
AcDbXrecord
1000
KFnK
  0
XRECORD
  5
10000157
102
{ACAD_REACTORS
330
10000156
102
}
330
10000156
100
AcDbXrecord
1000
KFxR
  0
XRECORD
  5
10000158
102
{ACAD_REACTORS
330
10000156
102
}
330
10000156
100
AcDbXrecord
1000
KFjR
  0
XRECORD
  5
1000015B
102
{ACAD_REACTORS
330
1000015A
102
}
330
1000015A
100
AcDbXrecord
1000
KF9H
  0
XRECORD
  5
1000015C
102
{ACAD_REACTORS
330
1000015A
102
}
330
1000015A
100
AcDbXrecord
1000
KFvH
  0
XRECORD
  5
1000015F
102
{ACAD_REACTORS
330
1000015E
102
}
330
1000015E
100
AcDbXrecord
1000
KFNF
  0
XRECORD
  5
10000160
102
{ACAD_REACTORS
330
1000015E
102
}
330
1000015E
100
AcDbXrecord
1000
KF/E
  0
XRECORD
  5
10000163
102
{ACAD_REACTORS
330
10000162
102
}
330
10000162
100
AcDbXrecord
1000
JF9
  0
XRECORD
  5
10000164
102
{ACAD_REACTORS
330
10000162
102
}
330
10000162
100
AcDbXrecord
1000
JFv
  0
XRECORD
  5
10000167
102
{ACAD_REACTORS
330
10000166
102
}
330
10000166
100
AcDbXrecord
1000
KFxK
  0
XRECORD
  5
10000168
102
{ACAD_REACTORS
330
10000166
102
}
330
10000166
100
AcDbXrecord
1000
KFjK
  0
XRECORD
  5
1000016B
102
{ACAD_REACTORS
330
1000016A
102
}
330
1000016A
100
AcDbXrecord
1000
KFtR
  0
XRECORD
  5
1000016C
102
{ACAD_REACTORS
330
1000016A
102
}
330
1000016A
100
AcDbXrecord
1000
KFfR
  0
XRECORD
  5
1000016F
102
{ACAD_REACTORS
330
1000016E
102
}
330
1000016E
100
AcDbXrecord
1000
KF5H
  0
XRECORD
  5
10000170
102
{ACAD_REACTORS
330
1000016E
102
}
330
1000016E
100
AcDbXrecord
1000
KFrH
  0
XRECORD
  5
10000173
102
{ACAD_REACTORS
330
10000172
102
}
330
10000172
100
AcDbXrecord
1000
JF1
  0
XRECORD
  5
10000174
102
{ACAD_REACTORS
330
10000172
102
}
330
10000172
100
AcDbXrecord
1000
JFn
  0
XRECORD
  5
10000177
102
{ACAD_REACTORS
330
10000176
102
}
330
10000176
100
AcDbXrecord
1000
KFpK
  0
XRECORD
  5
10000178
102
{ACAD_REACTORS
330
10000176
102
}
330
10000176
100
AcDbXrecord
1000
KFbK
  0
XRECORD
  5
1000017B
102
{ACAD_REACTORS
330
1000017A
102
}
330
1000017A
100
AcDbXrecord
1000
KFZG
  0
XRECORD
  5
1000017C
102
{ACAD_REACTORS
330
1000017A
102
}
330
1000017A
100
AcDbXrecord
1000
KFLG
  0
XRECORD
  5
1000017F
102
{ACAD_REACTORS
330
1000017E
102
}
330
1000017E
100
AcDbXrecord
1000
KFJC
  0
XRECORD
  5
10000180
102
{ACAD_REACTORS
330
1000017E
102
}
330
1000017E
100
AcDbXrecord
1000
KF7B
  0
XRECORD
  5
10000183
102
{ACAD_REACTORS
330
10000182
102
}
330
10000182
100
AcDbXrecord
1000
KF9L
  0
XRECORD
  5
10000184
102
{ACAD_REACTORS
330
10000182
102
}
330
10000182
100
AcDbXrecord
1000
KFvL
  0
XRECORD
  5
10000187
102
{ACAD_REACTORS
330
10000186
102
}
330
10000186
100
AcDbXrecord
1000
KFVG
  0
XRECORD
  5
10000188
102
{ACAD_REACTORS
330
10000186
102
}
330
10000186
100
AcDbXrecord
1000
KFHG
  0
XRECORD
  5
1000018B
102
{ACAD_REACTORS
330
1000018A
102
}
330
1000018A
100
AcDbXrecord
1000
KFFC
  0
XRECORD
  5
1000018C
102
{ACAD_REACTORS
330
1000018A
102
}
330
1000018A
100
AcDbXrecord
1000
KF3B
  0
XRECORD
  5
1000018F
102
{ACAD_REACTORS
330
1000018E
102
}
330
1000018E
100
AcDbXrecord
1000
KF5L
  0
XRECORD
  5
10000190
102
{ACAD_REACTORS
330
1000018E
102
}
330
1000018E
100
AcDbXrecord
1000
KFrL
  0
XRECORD
  5
10000193
102
{ACAD_REACTORS
330
10000192
102
}
330
10000192
100
AcDbXrecord
1000
KFBD
  0
XRECORD
  5
10000194
102
{ACAD_REACTORS
330
10000192
102
}
330
10000192
100
AcDbXrecord
1000
KFzC
  0
XRECORD
  5
10000197
102
{ACAD_REACTORS
330
10000196
102
}
330
10000196
100
AcDbXrecord
1000
KFFG
  0
XRECORD
  5
10000198
102
{ACAD_REACTORS
330
10000196
102
}
330
10000196
100
AcDbXrecord
1000
KF3F
  0
XRECORD
  5
1000019B
102
{ACAD_REACTORS
330
1000019A
102
}
330
1000019A
100
AcDbXrecord
1000
KF1B
  0
XRECORD
  5
1000019C
102
{ACAD_REACTORS
330
1000019A
102
}
330
1000019A
100
AcDbXrecord
1000
KFnB
  0
XRECORD
  5
1000019F
102
{ACAD_REACTORS
330
1000019E
102
}
330
1000019E
100
AcDbXrecord
1000
KFpL
  0
XRECORD
  5
100001A0
102
{ACAD_REACTORS
330
1000019E
102
}
330
1000019E
100
AcDbXrecord
1000
KFbL
  0
XRECORD
  5
100001A3
102
{ACAD_REACTORS
330
100001A2
102
}
330
100001A2
100
AcDbXrecord
1000
KFBS
  0
XRECORD
  5
100001A4
102
{ACAD_REACTORS
330
100001A2
102
}
330
100001A2
100
AcDbXrecord
1000
KFDS
  0
XRECORD
  5
100001A7
102
{ACAD_REACTORS
330
100001A6
102
}
330
100001A6
100
AcDbXrecord
1000
KFhJ
  0
XRECORD
  5
100001A8
102
{ACAD_REACTORS
330
100001A6
102
}
330
100001A6
100
AcDbXrecord
1000
KFTJ
  0
XRECORD
  5
100001AB
102
{ACAD_REACTORS
330
100001AA
102
}
330
100001AA
100
AcDbXrecord
1000
KFlG
  0
XRECORD
  5
100001AC
102
{ACAD_REACTORS
330
100001AA
102
}
330
100001AA
100
AcDbXrecord
1000
KFXG
  0
XRECORD
  5
100001AF
102
{ACAD_REACTORS
330
100001AE
102
}
330
100001AE
100
AcDbXrecord
1000
KFVC
  0
XRECORD
  5
100001B0
102
{ACAD_REACTORS
330
100001AE
102
}
330
100001AE
100
AcDbXrecord
1000
KFHC
  0
XRECORD
  5
100001B3
102
{ACAD_REACTORS
330
100001B2
102
}
330
100001B2
100
AcDbXrecord
1000
KFJM
  0
XRECORD
  5
100001B4
102
{ACAD_REACTORS
330
100001B2
102
}
330
100001B2
100
AcDbXrecord
1000
KF7L
  0
XRECORD
  5
100001B7
102
{ACAD_REACTORS
330
100001B6
102
}
330
100001B6
100
AcDbXrecord
1000
KFZD
  0
XRECORD
  5
100001B8
102
{ACAD_REACTORS
330
100001B6
102
}
330
100001B6
100
AcDbXrecord
1000
KFLD
  0
XRECORD
  5
100001BB
102
{ACAD_REACTORS
330
100001BA
102
}
330
100001BA
100
AcDbXrecord
1000
KFdP
  0
XRECORD
  5
100001BC
102
{ACAD_REACTORS
330
100001BA
102
}
330
100001BA
100
AcDbXrecord
1000
KFPP
  0
XRECORD
  5
100001BF
102
{ACAD_REACTORS
330
100001BE
102
}
330
100001BE
100
AcDbXrecord
1000
KF5R
  0
XRECORD
  5
100001C0
102
{ACAD_REACTORS
330
100001BE
102
}
330
100001BE
100
AcDbXrecord
1000
KFrR
  0
XRECORD
  5
100001C3
102
{ACAD_REACTORS
330
100001C2
102
}
330
100001C2
100
AcDbXrecord
1000
KFFI
  0
XRECORD
  5
100001C4
102
{ACAD_REACTORS
330
100001C2
102
}
330
100001C2
100
AcDbXrecord
1000
KF3H
  0
XRECORD
  5
100001C7
102
{ACAD_REACTORS
330
100001C6
102
}
330
100001C6
100
AcDbXrecord
1000
KFFR
  0
XRECORD
  5
100001C8
102
{ACAD_REACTORS
330
100001C6
102
}
330
100001C6
100
AcDbXrecord
1000
KF3Q
  0
XRECORD
  5
100001CB
102
{ACAD_REACTORS
330
100001CA
102
}
330
100001CA
100
AcDbXrecord
1000
KF1E
  0
XRECORD
  5
100001CC
102
{ACAD_REACTORS
330
100001CA
102
}
330
100001CA
100
AcDbXrecord
1000
KFnE
  0
XRECORD
  5
100001CF
102
{ACAD_REACTORS
330
100001CE
102
}
330
100001CE
100
AcDbXrecord
1000
JFl
  0
XRECORD
  5
100001D0
102
{ACAD_REACTORS
330
100001CE
102
}
330
100001CE
100
AcDbXrecord
1000
JFX
  0
XRECORD
  5
100001D3
102
{ACAD_REACTORS
330
100001D2
102
}
330
100001D2
100
AcDbXrecord
1000
KFZK
  0
XRECORD
  5
100001D4
102
{ACAD_REACTORS
330
100001D2
102
}
330
100001D2
100
AcDbXrecord
1000
KFLK
  0
XRECORD
  5
100001D7
102
{ACAD_REACTORS
330
100001D6
102
}
330
100001D6
100
AcDbXrecord
1000
JFJ
  0
XRECORD
  5
100001D8
102
{ACAD_REACTORS
330
100001D6
102
}
330
100001D6
100
AcDbXrecord
1000
KF7R
  0
XRECORD
  5
100001DB
102
{ACAD_REACTORS
330
100001DA
102
}
330
100001DA
100
AcDbXrecord
1000
KFxF
  0
XRECORD
  5
100001DC
102
{ACAD_REACTORS
330
100001DA
102
}
330
100001DA
100
AcDbXrecord
1000
KFjF
  0
XRECORD
  5
100001DF
102
{ACAD_REACTORS
330
100001DE
102
}
330
100001DE
100
AcDbXrecord
1000
KF1C
  0
XRECORD
  5
100001E0
102
{ACAD_REACTORS
330
100001DE
102
}
330
100001DE
100
AcDbXrecord
1000
KFnC
  0
XRECORD
  5
100001E3
102
{ACAD_REACTORS
330
100001E2
102
}
330
100001E2
100
AcDbXrecord
1000
KFpM
  0
XRECORD
  5
100001E4
102
{ACAD_REACTORS
330
100001E2
102
}
330
100001E2
100
AcDbXrecord
1000
KFbM
  0
XRECORD
  5
100001E7
102
{ACAD_REACTORS
330
100001E6
102
}
330
100001E6
100
AcDbXrecord
1000
KF9E
  0
XRECORD
  5
100001E8
102
{ACAD_REACTORS
330
100001E6
102
}
330
100001E6
100
AcDbXrecord
1000
KFvE
  0
XRECORD
  5
100001EB
102
{ACAD_REACTORS
330
100001EA
102
}
330
100001EA
100
AcDbXrecord
1000
JFt
  0
XRECORD
  5
100001EC
102
{ACAD_REACTORS
330
100001EA
102
}
330
100001EA
100
AcDbXrecord
1000
JFf
  0
XRECORD
  5
100001EF
102
{ACAD_REACTORS
330
100001EE
102
}
330
100001EE
100
AcDbXrecord
1000
KFhK
  0
XRECORD
  5
100001F0
102
{ACAD_REACTORS
330
100001EE
102
}
330
100001EE
100
AcDbXrecord
1000
KFTK
  0
XRECORD
  5
100001F3
102
{ACAD_REACTORS
330
100001F2
102
}
330
100001F2
100
AcDbXrecord
1000
KF9R
  0
XRECORD
  5
100001F4
102
{ACAD_REACTORS
330
100001F2
102
}
330
100001F2
100
AcDbXrecord
1000
KFvR
  0
XRECORD
  5
100001F7
102
{ACAD_REACTORS
330
100001F6
102
}
330
100001F6
100
AcDbXrecord
1000
KFBF
  0
XRECORD
  5
100001F8
102
{ACAD_REACTORS
330
100001F6
102
}
330
100001F6
100
AcDbXrecord
1000
KFzE
  0
XRECORD
  5
100001FB
102
{ACAD_REACTORS
330
100001FA
102
}
330
100001FA
100
AcDbXrecord
1000
JFx
  0
XRECORD
  5
100001FC
102
{ACAD_REACTORS
330
100001FA
102
}
330
100001FA
100
AcDbXrecord
1000
JFj
  0
XRECORD
  5
100001FF
102
{ACAD_REACTORS
330
100001FE
102
}
330
100001FE
100
AcDbXrecord
1000
KFlK
  0
XRECORD
  5
10000200
102
{ACAD_REACTORS
330
100001FE
102
}
330
100001FE
100
AcDbXrecord
1000
KFXK
  0
XRECORD
  5
10000203
102
{ACAD_REACTORS
330
10000202
102
}
330
10000202
100
AcDbXrecord
1000
KFVF
  0
XRECORD
  5
10000204
102
{ACAD_REACTORS
330
10000202
102
}
330
10000202
100
AcDbXrecord
1000
KFHF
  0
XRECORD
  5
10000207
102
{ACAD_REACTORS
330
10000206
102
}
330
10000206
100
AcDbXrecord
1000
KFFB
  0
XRECORD
  5
10000208
102
{ACAD_REACTORS
330
10000206
102
}
330
10000206
100
AcDbXrecord
1000
JF3
  0
XRECORD
  5
1000020B
102
{ACAD_REACTORS
330
1000020A
102
}
330
1000020A
100
AcDbXrecord
1000
KF5K
  0
XRECORD
  5
1000020C
102
{ACAD_REACTORS
330
1000020A
102
}
330
1000020A
100
AcDbXrecord
1000
KFrK
  0
XRECORD
  5
1000020F
102
{ACAD_REACTORS
330
1000020E
102
}
330
1000020E
100
AcDbXrecord
1000
KFZF
  0
XRECORD
  5
10000210
102
{ACAD_REACTORS
330
1000020E
102
}
330
1000020E
100
AcDbXrecord
1000
KFLF
  0
XRECORD
  5
10000213
102
{ACAD_REACTORS
330
10000212
102
}
330
10000212
100
AcDbXrecord
1000
KFJB
  0
XRECORD
  5
10000214
102
{ACAD_REACTORS
330
10000212
102
}
330
10000212
100
AcDbXrecord
1000
JF7
  0
XRECORD
  5
10000217
102
{ACAD_REACTORS
330
10000216
102
}
330
10000216
100
AcDbXrecord
1000
KF9K
  0
XRECORD
  5
10000218
102
{ACAD_REACTORS
330
10000216
102
}
330
10000216
100
AcDbXrecord
1000
KFvK
  0
XRECORD
  5
1000021B
102
{ACAD_REACTORS
330
1000021A
102
}
330
1000021A
100
AcDbXrecord
1000
KFdF
  0
XRECORD
  5
1000021C
102
{ACAD_REACTORS
330
1000021A
102
}
330
1000021A
100
AcDbXrecord
1000
KFPF
  0
XRECORD
  5
1000021F
102
{ACAD_REACTORS
330
1000021E
102
}
330
1000021E
100
AcDbXrecord
1000
KFNB
  0
XRECORD
  5
10000220
102
{ACAD_REACTORS
330
1000021E
102
}
330
1000021E
100
AcDbXrecord
1000
JF/
  0
XRECORD
  5
10000223
102
{ACAD_REACTORS
330
10000222
102
}
330
10000222
100
AcDbXrecord
1000
KFBL
  0
XRECORD
  5
10000224
102
{ACAD_REACTORS
330
10000222
102
}
330
10000222
100
AcDbXrecord
1000
KFzK
  0
XRECORD
  5
10000227
102
{ACAD_REACTORS
330
10000226
102
}
330
10000226
100
AcDbXrecord
1000
KFhF
  0
XRECORD
  5
10000228
102
{ACAD_REACTORS
330
10000226
102
}
330
10000226
100
AcDbXrecord
1000
KFTF
  0
XRECORD
  5
1000022B
102
{ACAD_REACTORS
330
1000022A
102
}
330
1000022A
100
AcDbXrecord
1000
KFRB
  0
XRECORD
  5
1000022C
102
{ACAD_REACTORS
330
1000022A
102
}
330
1000022A
100
AcDbXrecord
1000
KFDB
  0
XRECORD
  5
1000022F
102
{ACAD_REACTORS
330
1000022E
102
}
330
1000022E
100
AcDbXrecord
1000
KFFL
  0
XRECORD
  5
10000230
102
{ACAD_REACTORS
330
1000022E
102
}
330
1000022E
100
AcDbXrecord
1000
KF3K
  0
XRECORD
  5
10000233
102
{ACAD_REACTORS
330
10000232
102
}
330
10000232
100
AcDbXrecord
1000
KFlF
  0
XRECORD
  5
10000234
102
{ACAD_REACTORS
330
10000232
102
}
330
10000232
100
AcDbXrecord
1000
KFXF
  0
XRECORD
  5
10000237
102
{ACAD_REACTORS
330
10000236
102
}
330
10000236
100
AcDbXrecord
1000
KFFO
  0
XRECORD
  5
10000238
102
{ACAD_REACTORS
330
10000236
102
}
330
10000236
100
AcDbXrecord
1000
KF3N
  0
XRECORD
  5
1000023B
102
{ACAD_REACTORS
330
1000023A
102
}
330
1000023A
100
AcDbXrecord
1000
KFxD
  0
XRECORD
  5
1000023C
102
{ACAD_REACTORS
330
1000023A
102
}
330
1000023A
100
AcDbXrecord
1000
KFjD
  0
XRECORD
  5
1000023F
102
{ACAD_REACTORS
330
1000023E
102
}
330
1000023E
100
AcDbXrecord
1000
KFVB
  0
XRECORD
  5
10000240
102
{ACAD_REACTORS
330
1000023E
102
}
330
1000023E
100
AcDbXrecord
1000
KFHB
  0
XRECORD
  5
10000243
102
{ACAD_REACTORS
330
10000242
102
}
330
10000242
100
AcDbXrecord
1000
KFJL
  0
XRECORD
  5
10000244
102
{ACAD_REACTORS
330
10000242
102
}
330
10000242
100
AcDbXrecord
1000
KF7K
  0
XRECORD
  5
10000247
102
{ACAD_REACTORS
330
10000246
102
}
330
10000246
100
AcDbXrecord
1000
KFpF
  0
XRECORD
  5
10000248
102
{ACAD_REACTORS
330
10000246
102
}
330
10000246
100
AcDbXrecord
1000
KFbF
  0
XRECORD
  5
1000024B
102
{ACAD_REACTORS
330
1000024A
102
}
330
1000024A
100
AcDbXrecord
1000
KFZB
  0
XRECORD
  5
1000024C
102
{ACAD_REACTORS
330
1000024A
102
}
330
1000024A
100
AcDbXrecord
1000
KFLB
  0
XRECORD
  5
1000024F
102
{ACAD_REACTORS
330
1000024E
102
}
330
1000024E
100
AcDbXrecord
1000
KFNL
  0
XRECORD
  5
10000250
102
{ACAD_REACTORS
330
1000024E
102
}
330
1000024E
100
AcDbXrecord
1000
KF/K
  0
XRECORD
  5
10000253
102
{ACAD_REACTORS
330
10000252
102
}
330
10000252
100
AcDbXrecord
1000
KFtF
  0
XRECORD
  5
10000254
102
{ACAD_REACTORS
330
10000252
102
}
330
10000252
100
AcDbXrecord
1000
KFfF
  0
XRECORD
  5
10000257
102
{ACAD_REACTORS
330
10000256
102
}
330
10000256
100
AcDbXrecord
1000
KFdB
  0
XRECORD
  5
10000258
102
{ACAD_REACTORS
330
10000256
102
}
330
10000256
100
AcDbXrecord
1000
KFPB
  0
XRECORD
  5
1000025B
102
{ACAD_REACTORS
330
1000025A
102
}
330
1000025A
100
AcDbXrecord
1000
KFRL
  0
XRECORD
  5
1000025C
102
{ACAD_REACTORS
330
1000025A
102
}
330
1000025A
100
AcDbXrecord
1000
KFDL
  0
XRECORD
  5
1000025F
102
{ACAD_REACTORS
330
1000025E
102
}
330
1000025E
100
AcDbXrecord
1000
KFhB
  0
XRECORD
  5
10000260
102
{ACAD_REACTORS
330
1000025E
102
}
330
1000025E
100
AcDbXrecord
1000
KFTB
  0
XRECORD
  5
10000263
102
{ACAD_REACTORS
330
10000262
102
}
330
10000262
100
AcDbXrecord
1000
KFVL
  0
XRECORD
  5
10000264
102
{ACAD_REACTORS
330
10000262
102
}
330
10000262
100
AcDbXrecord
1000
KFHL
  0
XRECORD
  5
10000267
102
{ACAD_REACTORS
330
10000266
102
}
330
10000266
100
AcDbXrecord
1000
KF1F
  0
XRECORD
  5
10000268
102
{ACAD_REACTORS
330
10000266
102
}
330
10000266
100
AcDbXrecord
1000
KFnF
  0
XRECORD
  5
1000026B
102
{ACAD_REACTORS
330
1000026A
102
}
330
1000026A
100
AcDbXrecord
1000
KFlB
  0
XRECORD
  5
1000026C
102
{ACAD_REACTORS
330
1000026A
102
}
330
1000026A
100
AcDbXrecord
1000
KFXB
  0
XRECORD
  5
1000026F
102
{ACAD_REACTORS
330
1000026E
102
}
330
1000026E
100
AcDbXrecord
1000
KFZL
  0
XRECORD
  5
10000270
102
{ACAD_REACTORS
330
1000026E
102
}
330
1000026E
100
AcDbXrecord
1000
KFLL
  0
XRECORD
  5
10000273
102
{ACAD_REACTORS
330
10000272
102
}
330
10000272
100
AcDbXrecord
1000
KF5F
  0
XRECORD
  5
10000274
102
{ACAD_REACTORS
330
10000272
102
}
330
10000272
100
AcDbXrecord
1000
KFrF
  0
XRECORD
  5
10000277
102
{ACAD_REACTORS
330
10000276
102
}
330
10000276
100
AcDbXrecord
1000
KFpB
  0
XRECORD
  5
10000278
102
{ACAD_REACTORS
330
10000276
102
}
330
10000276
100
AcDbXrecord
1000
KFbB
  0
XRECORD
  5
1000027B
102
{ACAD_REACTORS
330
1000027A
102
}
330
1000027A
100
AcDbXrecord
1000
KFdL
  0
XRECORD
  5
1000027C
102
{ACAD_REACTORS
330
1000027A
102
}
330
1000027A
100
AcDbXrecord
1000
KFPL
  0
XRECORD
  5
1000027F
102
{ACAD_REACTORS
330
1000027E
102
}
330
1000027E
100
AcDbXrecord
1000
KF9F
  0
XRECORD
  5
10000280
102
{ACAD_REACTORS
330
1000027E
102
}
330
1000027E
100
AcDbXrecord
1000
KFvF
  0
XRECORD
  5
10000283
102
{ACAD_REACTORS
330
10000282
102
}
330
10000282
100
AcDbXrecord
1000
KFtB
  0
XRECORD
  5
10000284
102
{ACAD_REACTORS
330
10000282
102
}
330
10000282
100
AcDbXrecord
1000
KFfB
  0
XRECORD
  5
10000287
102
{ACAD_REACTORS
330
10000286
102
}
330
10000286
100
AcDbXrecord
1000
KFhL
  0
XRECORD
  5
10000288
102
{ACAD_REACTORS
330
10000286
102
}
330
10000286
100
AcDbXrecord
1000
KFTL
  0
XRECORD
  5
1000028B
102
{ACAD_REACTORS
330
1000028A
102
}
330
1000028A
100
AcDbXrecord
1000
KFBG
  0
XRECORD
  5
1000028C
102
{ACAD_REACTORS
330
1000028A
102
}
330
1000028A
100
AcDbXrecord
1000
KFzF
  0
XRECORD
  5
1000028F
102
{ACAD_REACTORS
330
1000028E
102
}
330
1000028E
100
AcDbXrecord
1000
KFxB
  0
XRECORD
  5
10000290
102
{ACAD_REACTORS
330
1000028E
102
}
330
1000028E
100
AcDbXrecord
1000
KFjB
  0
XRECORD
  5
10000293
102
{ACAD_REACTORS
330
10000292
102
}
330
10000292
100
AcDbXrecord
1000
KFlL
  0
XRECORD
  5
10000294
102
{ACAD_REACTORS
330
10000292
102
}
330
10000292
100
AcDbXrecord
1000
KFXL
  0
XRECORD
  5
10000297
102
{ACAD_REACTORS
330
10000296
102
}
330
10000296
100
AcDbXrecord
1000
KFJG
  0
XRECORD
  5
10000298
102
{ACAD_REACTORS
330
10000296
102
}
330
10000296
100
AcDbXrecord
1000
KF7F
  0
XRECORD
  5
1000029B
102
{ACAD_REACTORS
330
1000029A
102
}
330
1000029A
100
AcDbXrecord
1000
KF5B
  0
XRECORD
  5
1000029C
102
{ACAD_REACTORS
330
1000029A
102
}
330
1000029A
100
AcDbXrecord
1000
KFrB
  0
XRECORD
  5
1000029F
102
{ACAD_REACTORS
330
1000029E
102
}
330
1000029E
100
AcDbXrecord
1000
KFtL
  0
XRECORD
  5
100002A0
102
{ACAD_REACTORS
330
1000029E
102
}
330
1000029E
100
AcDbXrecord
1000
KFfL
  0
XRECORD
  5
100002A3
102
{ACAD_REACTORS
330
100002A2
102
}
330
100002A2
100
AcDbXrecord
1000
KFNG
  0
XRECORD
  5
100002A4
102
{ACAD_REACTORS
330
100002A2
102
}
330
100002A2
100
AcDbXrecord
1000
KF/F
  0
XRECORD
  5
100002A7
102
{ACAD_REACTORS
330
100002A6
102
}
330
100002A6
100
AcDbXrecord
1000
KF9B
  0
XRECORD
  5
100002A8
102
{ACAD_REACTORS
330
100002A6
102
}
330
100002A6
100
AcDbXrecord
1000
KFvB
  0
XRECORD
  5
100002AB
102
{ACAD_REACTORS
330
100002AA
102
}
330
100002AA
100
AcDbXrecord
1000
KFxL
  0
XRECORD
  5
100002AC
102
{ACAD_REACTORS
330
100002AA
102
}
330
100002AA
100
AcDbXrecord
1000
KFjL
  0
XRECORD
  5
100002AF
102
{ACAD_REACTORS
330
100002AE
102
}
330
100002AE
100
AcDbXrecord
1000
KFRG
  0
XRECORD
  5
100002B0
102
{ACAD_REACTORS
330
100002AE
102
}
330
100002AE
100
AcDbXrecord
1000
KFDG
  0
XRECORD
  5
100002B3
102
{ACAD_REACTORS
330
100002B2
102
}
330
100002B2
100
AcDbXrecord
1000
KFBC
  0
XRECORD
  5
100002B4
102
{ACAD_REACTORS
330
100002B2
102
}
330
100002B2
100
AcDbXrecord
1000
KFzB
  0
XRECORD
  5
100002B7
102
{ACAD_REACTORS
330
100002B6
102
}
330
100002B6
100
AcDbXrecord
1000
JFB
  0
XRECORD
  5
100002B8
102
{ACAD_REACTORS
330
100002B6
102
}
330
100002B6
100
AcDbXrecord
1000
KFzR
  0
XRECORD
  5
100002BB
102
{ACAD_REACTORS
330
100002BA
102
}
330
100002BA
100
AcDbXrecord
1000
KF1L
  0
XRECORD
  5
100002BC
102
{ACAD_REACTORS
330
100002BA
102
}
330
100002BA
100
AcDbXrecord
1000
KFnL
  0
XRECORD
  5
100002BF
102
{ACAD_REACTORS
330
100002BE
102
}
330
100002BE
100
AcDbXrecord
1000
KFdG
  0
XRECORD
  5
100002C0
102
{ACAD_REACTORS
330
100002BE
102
}
330
100002BE
100
AcDbXrecord
1000
KFPG
  0
XRECORD
  5
100002C3
102
{ACAD_REACTORS
330
100002C2
102
}
330
100002C2
100
AcDbXrecord
1000
KFNC
  0
XRECORD
  5
100002C4
102
{ACAD_REACTORS
330
100002C2
102
}
330
100002C2
100
AcDbXrecord
1000
KF/B
  0
XRECORD
  5
100002C7
102
{ACAD_REACTORS
330
100002C6
102
}
330
100002C6
100
AcDbXrecord
1000
KFBM
  0
XRECORD
  5
100002C8
102
{ACAD_REACTORS
330
100002C6
102
}
330
100002C6
100
AcDbXrecord
1000
KFzL
  0
XRECORD
  5
100002CB
102
{ACAD_REACTORS
330
100002CA
102
}
330
100002CA
100
AcDbXrecord
1000
KFhG
  0
XRECORD
  5
100002CC
102
{ACAD_REACTORS
330
100002CA
102
}
330
100002CA
100
AcDbXrecord
1000
KFTG
  0
XRECORD
  5
100002CF
102
{ACAD_REACTORS
330
100002CE
102
}
330
100002CE
100
AcDbXrecord
1000
KFFM
  0
XRECORD
  5
100002D0
102
{ACAD_REACTORS
330
100002CE
102
}
330
100002CE
100
AcDbXrecord
1000
KF3L
  0
XRECORD
  5
100002D3
102
{ACAD_REACTORS
330
100002D2
102
}
330
100002D2
100
AcDbXrecord
1000
KFpG
  0
XRECORD
  5
100002D4
102
{ACAD_REACTORS
330
100002D2
102
}
330
100002D2
100
AcDbXrecord
1000
KFbG
  0
XRECORD
  5
100002D7
102
{ACAD_REACTORS
330
100002D6
102
}
330
100002D6
100
AcDbXrecord
1000
KFZC
  0
XRECORD
  5
100002D8
102
{ACAD_REACTORS
330
100002D6
102
}
330
100002D6
100
AcDbXrecord
1000
KFLC
  0
XRECORD
  5
100002DB
102
{ACAD_REACTORS
330
100002DA
102
}
330
100002DA
100
AcDbXrecord
1000
KFNM
  0
XRECORD
  5
100002DC
102
{ACAD_REACTORS
330
100002DA
102
}
330
100002DA
100
AcDbXrecord
1000
KF/L
  0
XRECORD
  5
100002DF
102
{ACAD_REACTORS
330
100002DE
102
}
330
100002DE
100
AcDbXrecord
1000
KFtG
  0
XRECORD
  5
100002E0
102
{ACAD_REACTORS
330
100002DE
102
}
330
100002DE
100
AcDbXrecord
1000
KFfG
  0
XRECORD
  5
100002E3
102
{ACAD_REACTORS
330
100002E2
102
}
330
100002E2
100
AcDbXrecord
1000
KFFF
  0
XRECORD
  5
100002E4
102
{ACAD_REACTORS
330
100002E2
102
}
330
100002E2
100
AcDbXrecord
1000
KF3E
  0
XRECORD
  5
100002E7
102
{ACAD_REACTORS
330
100002E6
102
}
330
100002E6
100
AcDbXrecord
1000
KF1M
  0
XRECORD
  5
100002E8
102
{ACAD_REACTORS
330
100002E6
102
}
330
100002E6
100
AcDbXrecord
1000
KFnM
  0
XRECORD
  5
100002EB
102
{ACAD_REACTORS
330
100002EA
102
}
330
100002EA
100
AcDbXrecord
1000
KFdC
  0
XRECORD
  5
100002EC
102
{ACAD_REACTORS
330
100002EA
102
}
330
100002EA
100
AcDbXrecord
1000
KFPC
  0
XRECORD
  5
100002EF
102
{ACAD_REACTORS
330
100002EE
102
}
330
100002EE
100
AcDbXrecord
1000
KFRM
  0
XRECORD
  5
100002F0
102
{ACAD_REACTORS
330
100002EE
102
}
330
100002EE
100
AcDbXrecord
1000
KFDM
  0
XRECORD
  5
100002F3
102
{ACAD_REACTORS
330
100002F2
102
}
330
100002F2
100
AcDbXrecord
1000
KFxG
  0
XRECORD
  5
100002F4
102
{ACAD_REACTORS
330
100002F2
102
}
330
100002F2
100
AcDbXrecord
1000
KFjG
  0
XRECORD
  5
100002F7
102
{ACAD_REACTORS
330
100002F6
102
}
330
100002F6
100
AcDbXrecord
1000
KFhC
  0
XRECORD
  5
100002F8
102
{ACAD_REACTORS
330
100002F6
102
}
330
100002F6
100
AcDbXrecord
1000
KFTC
  0
XRECORD
  5
100002FB
102
{ACAD_REACTORS
330
100002FA
102
}
330
100002FA
100
AcDbXrecord
1000
KFVM
  0
XRECORD
  5
100002FC
102
{ACAD_REACTORS
330
100002FA
102
}
330
100002FA
100
AcDbXrecord
1000
KFHM
  0
XRECORD
  5
100002FF
102
{ACAD_REACTORS
330
100002FE
102
}
330
100002FE
100
AcDbXrecord
1000
KF5G
  0
XRECORD
  5
10000300
102
{ACAD_REACTORS
330
100002FE
102
}
330
100002FE
100
AcDbXrecord
1000
KFrG
  0
XRECORD
  5
10000303
102
{ACAD_REACTORS
330
10000302
102
}
330
10000302
100
AcDbXrecord
1000
KFFS
  0
XRECORD
  5
10000304
102
{ACAD_REACTORS
330
10000302
102
}
330
10000302
100
AcDbXrecord
1000
KFHS
  0
XRECORD
  5
10000307
102
{ACAD_REACTORS
330
10000306
102
}
330
10000306
100
AcDbXrecord
1000
KFpC
  0
XRECORD
  5
10000308
102
{ACAD_REACTORS
330
10000306
102
}
330
10000306
100
AcDbXrecord
1000
KFbC
  0
XRECORD
  5
1000030B
102
{ACAD_REACTORS
330
1000030A
102
}
330
1000030A
100
AcDbXrecord
1000
KFdM
  0
XRECORD
  5
1000030C
102
{ACAD_REACTORS
330
1000030A
102
}
330
1000030A
100
AcDbXrecord
1000
KFPM
  0
XRECORD
  5
1000030F
102
{ACAD_REACTORS
330
1000030E
102
}
330
1000030E
100
AcDbXrecord
1000
KFNS
  0
XRECORD
  5
10000310
102
{ACAD_REACTORS
330
1000030E
102
}
330
1000030E
100
AcDbXrecord
1000
KFPS
  0
XRECORD
  5
10000313
102
{ACAD_REACTORS
330
10000312
102
}
330
10000312
100
AcDbXrecord
1000
KFtC
  0
XRECORD
  5
10000314
102
{ACAD_REACTORS
330
10000312
102
}
330
10000312
100
AcDbXrecord
1000
KFfC
  0
XRECORD
  5
10000317
102
{ACAD_REACTORS
330
10000316
102
}
330
10000316
100
AcDbXrecord
1000
KFhM
  0
XRECORD
  5
10000318
102
{ACAD_REACTORS
330
10000316
102
}
330
10000316
100
AcDbXrecord
1000
KFTM
  0
XRECORD
  5
1000031B
102
{ACAD_REACTORS
330
1000031A
102
}
330
1000031A
100
AcDbXrecord
1000
KFxC
  0
XRECORD
  5
1000031C
102
{ACAD_REACTORS
330
1000031A
102
}
330
1000031A
100
AcDbXrecord
1000
KFjC
  0
XRECORD
  5
1000031F
102
{ACAD_REACTORS
330
1000031E
102
}
330
1000031E
100
AcDbXrecord
1000
KFlM
  0
XRECORD
  5
10000320
102
{ACAD_REACTORS
330
1000031E
102
}
330
1000031E
100
AcDbXrecord
1000
KFXM
  0
XRECORD
  5
10000323
102
{ACAD_REACTORS
330
10000322
102
}
330
10000322
100
AcDbXrecord
1000
KF5C
  0
XRECORD
  5
10000324
102
{ACAD_REACTORS
330
10000322
102
}
330
10000322
100
AcDbXrecord
1000
KFrC
  0
XRECORD
  5
10000327
102
{ACAD_REACTORS
330
10000326
102
}
330
10000326
100
AcDbXrecord
1000
KFtM
  0
XRECORD
  5
10000328
102
{ACAD_REACTORS
330
10000326
102
}
330
10000326
100
AcDbXrecord
1000
KFfM
  0
XRECORD
  5
1000032B
102
{ACAD_REACTORS
330
1000032A
102
}
330
1000032A
100
AcDbXrecord
1000
KFJS
  0
XRECORD
  5
1000032C
102
{ACAD_REACTORS
330
1000032A
102
}
330
1000032A
100
AcDbXrecord
1000
KFLS
  0
XRECORD
  5
1000032F
102
{ACAD_REACTORS
330
1000032E
102
}
330
1000032E
100
AcDbXrecord
1000
KF1H
  0
XRECORD
  5
10000330
102
{ACAD_REACTORS
330
1000032E
102
}
330
1000032E
100
AcDbXrecord
1000
KFnH
  0
XRECORD
  5
10000333
102
{ACAD_REACTORS
330
10000332
102
}
330
10000332
100
AcDbXrecord
1000
KFJI
  0
XRECORD
  5
10000334
102
{ACAD_REACTORS
330
10000332
102
}
330
10000332
100
AcDbXrecord
1000
KF7H
  0
XRECORD
  5
10000337
102
{ACAD_REACTORS
330
10000336
102
}
330
10000336
100
AcDbXrecord
1000
KFNI
  0
XRECORD
  5
10000338
102
{ACAD_REACTORS
330
10000336
102
}
330
10000336
100
AcDbXrecord
1000
KF/H
  0
XRECORD
  5
1000033B
102
{ACAD_REACTORS
330
1000033A
102
}
330
1000033A
100
AcDbXrecord
1000
KFRI
  0
XRECORD
  5
1000033C
102
{ACAD_REACTORS
330
1000033A
102
}
330
1000033A
100
AcDbXrecord
1000
KFDI
  0
XRECORD
  5
1000033F
102
{ACAD_REACTORS
330
1000033E
102
}
330
1000033E
100
AcDbXrecord
1000
KFZO
  0
XRECORD
  5
10000340
102
{ACAD_REACTORS
330
1000033E
102
}
330
1000033E
100
AcDbXrecord
1000
KFLO
  0
XRECORD
  5
10000343
102
{ACAD_REACTORS
330
10000342
102
}
330
10000342
100
AcDbXrecord
1000
KFVI
  0
XRECORD
  5
10000344
102
{ACAD_REACTORS
330
10000342
102
}
330
10000342
100
AcDbXrecord
1000
KFHI
  0
XRECORD
  5
10000347
102
{ACAD_REACTORS
330
10000346
102
}
330
10000346
100
AcDbXrecord
1000
KFZI
  0
XRECORD
  5
10000348
102
{ACAD_REACTORS
330
10000346
102
}
330
10000346
100
AcDbXrecord
1000
KFLI
  0
XRECORD
  5
1000034B
102
{ACAD_REACTORS
330
1000034A
102
}
330
1000034A
100
AcDbXrecord
1000
KFdI
  0
XRECORD
  5
1000034C
102
{ACAD_REACTORS
330
1000034A
102
}
330
1000034A
100
AcDbXrecord
1000
KFPI
  0
XRECORD
  5
1000034F
102
{ACAD_REACTORS
330
1000034E
102
}
330
1000034E
100
AcDbXrecord
1000
KFhI
  0
XRECORD
  5
10000350
102
{ACAD_REACTORS
330
1000034E
102
}
330
1000034E
100
AcDbXrecord
1000
KFTI
  0
XRECORD
  5
10000353
102
{ACAD_REACTORS
330
10000352
102
}
330
10000352
100
AcDbXrecord
1000
KFlI
  0
XRECORD
  5
10000354
102
{ACAD_REACTORS
330
10000352
102
}
330
10000352
100
AcDbXrecord
1000
KFXI
  0
XRECORD
  5
10000357
102
{ACAD_REACTORS
330
10000356
102
}
330
10000356
100
AcDbXrecord
1000
KFpI
  0
XRECORD
  5
10000358
102
{ACAD_REACTORS
330
10000356
102
}
330
10000356
100
AcDbXrecord
1000
KFbI
  0
XRECORD
  5
1000035B
102
{ACAD_REACTORS
330
1000035A
102
}
330
1000035A
100
AcDbXrecord
1000
KFtI
  0
XRECORD
  5
1000035C
102
{ACAD_REACTORS
330
1000035A
102
}
330
1000035A
100
AcDbXrecord
1000
KFfI
  0
XRECORD
  5
1000035F
102
{ACAD_REACTORS
330
1000035E
102
}
330
1000035E
100
AcDbXrecord
1000
KFxI
  0
XRECORD
  5
10000360
102
{ACAD_REACTORS
330
1000035E
102
}
330
1000035E
100
AcDbXrecord
1000
KFjI
  0
XRECORD
  5
10000363
102
{ACAD_REACTORS
330
10000362
102
}
330
10000362
100
AcDbXrecord
1000
KF1I
  0
XRECORD
  5
10000364
102
{ACAD_REACTORS
330
10000362
102
}
330
10000362
100
AcDbXrecord
1000
KFnI
  0
XRECORD
  5
10000367
102
{ACAD_REACTORS
330
10000366
102
}
330
10000366
100
AcDbXrecord
1000
KF5I
  0
XRECORD
  5
10000368
102
{ACAD_REACTORS
330
10000366
102
}
330
10000366
100
AcDbXrecord
1000
KFrI
  0
XRECORD
  5
1000036B
102
{ACAD_REACTORS
330
1000036A
102
}
330
1000036A
100
AcDbXrecord
1000
KF9I
  0
XRECORD
  5
1000036C
102
{ACAD_REACTORS
330
1000036A
102
}
330
1000036A
100
AcDbXrecord
1000
KFvI
  0
XRECORD
  5
1000036F
102
{ACAD_REACTORS
330
1000036E
102
}
330
1000036E
100
AcDbXrecord
1000
KFBJ
  0
XRECORD
  5
10000370
102
{ACAD_REACTORS
330
1000036E
102
}
330
1000036E
100
AcDbXrecord
1000
KFzI
  0
XRECORD
  5
10000373
102
{ACAD_REACTORS
330
10000372
102
}
330
10000372
100
AcDbXrecord
1000
KFFJ
  0
XRECORD
  5
10000374
102
{ACAD_REACTORS
330
10000372
102
}
330
10000372
100
AcDbXrecord
1000
KF3I
  0
XRECORD
  5
10000377
102
{ACAD_REACTORS
330
10000376
102
}
330
10000376
100
AcDbXrecord
1000
KFJJ
  0
XRECORD
  5
10000378
102
{ACAD_REACTORS
330
10000376
102
}
330
10000376
100
AcDbXrecord
1000
KF7I
  0
XRECORD
  5
1000037B
102
{ACAD_REACTORS
330
1000037A
102
}
330
1000037A
100
AcDbXrecord
1000
KFNJ
  0
XRECORD
  5
1000037C
102
{ACAD_REACTORS
330
1000037A
102
}
330
1000037A
100
AcDbXrecord
1000
KF/I
  0
XRECORD
  5
1000037F
102
{ACAD_REACTORS
330
1000037E
102
}
330
1000037E
100
AcDbXrecord
1000
KFRJ
  0
XRECORD
  5
10000380
102
{ACAD_REACTORS
330
1000037E
102
}
330
1000037E
100
AcDbXrecord
1000
KFDJ
  0
XRECORD
  5
10000383
102
{ACAD_REACTORS
330
10000382
102
}
330
10000382
100
AcDbXrecord
1000
KFVJ
  0
XRECORD
  5
10000384
102
{ACAD_REACTORS
330
10000382
102
}
330
10000382
100
AcDbXrecord
1000
KFHJ
  0
XRECORD
  5
10000387
102
{ACAD_REACTORS
330
10000386
102
}
330
10000386
100
AcDbXrecord
1000
KFZJ
  0
XRECORD
  5
10000388
102
{ACAD_REACTORS
330
10000386
102
}
330
10000386
100
AcDbXrecord
1000
KFLJ
  0
XRECORD
  5
1000038B
102
{ACAD_REACTORS
330
1000038A
102
}
330
1000038A
100
AcDbXrecord
1000
KFdJ
  0
XRECORD
  5
1000038C
102
{ACAD_REACTORS
330
1000038A
102
}
330
1000038A
100
AcDbXrecord
1000
KFPJ
  0
XRECORD
  5
1000038F
102
{ACAD_REACTORS
330
1000038E
102
}
330
1000038E
100
AcDbXrecord
1000
KFlJ
  0
XRECORD
  5
10000390
102
{ACAD_REACTORS
330
1000038E
102
}
330
1000038E
100
AcDbXrecord
1000
KFXJ
  0
XRECORD
  5
10000393
102
{ACAD_REACTORS
330
10000392
102
}
330
10000392
100
AcDbXrecord
1000
KFpJ
  0
XRECORD
  5
10000394
102
{ACAD_REACTORS
330
10000392
102
}
330
10000392
100
AcDbXrecord
1000
KFbJ
  0
XRECORD
  5
10000397
102
{ACAD_REACTORS
330
10000396
102
}
330
10000396
100
AcDbXrecord
1000
KFtJ
  0
XRECORD
  5
10000398
102
{ACAD_REACTORS
330
10000396
102
}
330
10000396
100
AcDbXrecord
1000
KFfJ
  0
XRECORD
  5
1000039B
102
{ACAD_REACTORS
330
1000039A
102
}
330
1000039A
100
AcDbXrecord
1000
KFxJ
  0
XRECORD
  5
1000039C
102
{ACAD_REACTORS
330
1000039A
102
}
330
1000039A
100
AcDbXrecord
1000
KFjJ
  0
XRECORD
  5
1000039F
102
{ACAD_REACTORS
330
1000039E
102
}
330
1000039E
100
AcDbXrecord
1000
KF1J
  0
XRECORD
  5
100003A0
102
{ACAD_REACTORS
330
1000039E
102
}
330
1000039E
100
AcDbXrecord
1000
KFnJ
  0
XRECORD
  5
100003A3
102
{ACAD_REACTORS
330
100003A2
102
}
330
100003A2
100
AcDbXrecord
1000
KF5J
  0
XRECORD
  5
100003A4
102
{ACAD_REACTORS
330
100003A2
102
}
330
100003A2
100
AcDbXrecord
1000
KFrJ
  0
XRECORD
  5
100003A7
102
{ACAD_REACTORS
330
100003A6
102
}
330
100003A6
100
AcDbXrecord
1000
KF9J
  0
XRECORD
  5
100003A8
102
{ACAD_REACTORS
330
100003A6
102
}
330
100003A6
100
AcDbXrecord
1000
KFvJ
  0
XRECORD
  5
100003AB
102
{ACAD_REACTORS
330
100003AA
102
}
330
100003AA
100
AcDbXrecord
1000
KFRC
  0
XRECORD
  5
100003AC
102
{ACAD_REACTORS
330
100003AA
102
}
330
100003AA
100
AcDbXrecord
1000
KFDC
  0
XRECORD
  5
100003AF
102
{ACAD_REACTORS
330
100003AE
102
}
330
100003AE
100
AcDbXrecord
1000
KFBK
  0
XRECORD
  5
100003B0
102
{ACAD_REACTORS
330
100003AE
102
}
330
100003AE
100
AcDbXrecord
1000
KFzJ
  0
XRECORD
  5
100003B3
102
{ACAD_REACTORS
330
100003B2
102
}
330
100003B2
100
AcDbXrecord
1000
KF5O
  0
XRECORD
  5
100003B4
102
{ACAD_REACTORS
330
100003B2
102
}
330
100003B2
100
AcDbXrecord
1000
KFrO
  0
XRECORD
  5
100003B7
102
{ACAD_REACTORS
330
100003B6
102
}
330
100003B6
100
AcDbXrecord
1000
KFNN
  0
XRECORD
  5
100003B8
102
{ACAD_REACTORS
330
100003B6
102
}
330
100003B6
100
AcDbXrecord
1000
KF/M
  0
XRECORD
  5
100003BB
102
{ACAD_REACTORS
330
100003BA
102
}
330
100003BA
100
AcDbXrecord
1000
KFRN
  0
XRECORD
  5
100003BC
102
{ACAD_REACTORS
330
100003BA
102
}
330
100003BA
100
AcDbXrecord
1000
KFDN
  0
XRECORD
  5
100003BF
102
{ACAD_REACTORS
330
100003BE
102
}
330
100003BE
100
AcDbXrecord
1000
KFVN
  0
XRECORD
  5
100003C0
102
{ACAD_REACTORS
330
100003BE
102
}
330
100003BE
100
AcDbXrecord
1000
KFHN
  0
XRECORD
  5
100003C3
102
{ACAD_REACTORS
330
100003C2
102
}
330
100003C2
100
AcDbXrecord
1000
KFZN
  0
XRECORD
  5
100003C4
102
{ACAD_REACTORS
330
100003C2
102
}
330
100003C2
100
AcDbXrecord
1000
KFLN
  0
XRECORD
  5
100003C7
102
{ACAD_REACTORS
330
100003C6
102
}
330
100003C6
100
AcDbXrecord
1000
KFdN
  0
XRECORD
  5
100003C8
102
{ACAD_REACTORS
330
100003C6
102
}
330
100003C6
100
AcDbXrecord
1000
KFPN
  0
XRECORD
  5
100003CB
102
{ACAD_REACTORS
330
100003CA
102
}
330
100003CA
100
AcDbXrecord
1000
KFhN
  0
XRECORD
  5
100003CC
102
{ACAD_REACTORS
330
100003CA
102
}
330
100003CA
100
AcDbXrecord
1000
KFTN
  0
XRECORD
  5
100003CF
102
{ACAD_REACTORS
330
100003CE
102
}
330
100003CE
100
AcDbXrecord
1000
KFlN
  0
XRECORD
  5
100003D0
102
{ACAD_REACTORS
330
100003CE
102
}
330
100003CE
100
AcDbXrecord
1000
KFXN
  0
XRECORD
  5
100003D3
102
{ACAD_REACTORS
330
100003D2
102
}
330
100003D2
100
AcDbXrecord
1000
KFpN
  0
XRECORD
  5
100003D4
102
{ACAD_REACTORS
330
100003D2
102
}
330
100003D2
100
AcDbXrecord
1000
KFbN
  0
XRECORD
  5
100003D7
102
{ACAD_REACTORS
330
100003D6
102
}
330
100003D6
100
AcDbXrecord
1000
KFtN
  0
XRECORD
  5
100003D8
102
{ACAD_REACTORS
330
100003D6
102
}
330
100003D6
100
AcDbXrecord
1000
KFfN
  0
XRECORD
  5
100003DB
102
{ACAD_REACTORS
330
100003DA
102
}
330
100003DA
100
AcDbXrecord
1000
KFxN
  0
XRECORD
  5
100003DC
102
{ACAD_REACTORS
330
100003DA
102
}
330
100003DA
100
AcDbXrecord
1000
KFjN
  0
XRECORD
  5
100003DF
102
{ACAD_REACTORS
330
100003DE
102
}
330
100003DE
100
AcDbXrecord
1000
KF1N
  0
XRECORD
  5
100003E0
102
{ACAD_REACTORS
330
100003DE
102
}
330
100003DE
100
AcDbXrecord
1000
KFnN
  0
XRECORD
  5
100003E3
102
{ACAD_REACTORS
330
100003E2
102
}
330
100003E2
100
AcDbXrecord
1000
KF5N
  0
XRECORD
  5
100003E4
102
{ACAD_REACTORS
330
100003E2
102
}
330
100003E2
100
AcDbXrecord
1000
KFrN
  0
XRECORD
  5
100003E7
102
{ACAD_REACTORS
330
100003E6
102
}
330
100003E6
100
AcDbXrecord
1000
KFxO
  0
XRECORD
  5
100003E8
102
{ACAD_REACTORS
330
100003E6
102
}
330
100003E6
100
AcDbXrecord
1000
KFjO
  0
XRECORD
  5
100003EB
102
{ACAD_REACTORS
330
100003EA
102
}
330
100003EA
100
AcDbXrecord
1000
KF1O
  0
XRECORD
  5
100003EC
102
{ACAD_REACTORS
330
100003EA
102
}
330
100003EA
100
AcDbXrecord
1000
KFnO
  0
XRECORD
  5
100003EF
102
{ACAD_REACTORS
330
100003EE
102
}
330
100003EE
100
AcDbXrecord
1000
KF9O
  0
XRECORD
  5
100003F0
102
{ACAD_REACTORS
330
100003EE
102
}
330
100003EE
100
AcDbXrecord
1000
KFvO
  0
XRECORD
  5
100003F3
102
{ACAD_REACTORS
330
100003F2
102
}
330
100003F2
100
AcDbXrecord
1000
KFBP
  0
XRECORD
  5
100003F4
102
{ACAD_REACTORS
330
100003F2
102
}
330
100003F2
100
AcDbXrecord
1000
KFzO
  0
XRECORD
  5
100003F7
102
{ACAD_REACTORS
330
100003F6
102
}
330
100003F6
100
AcDbXrecord
1000
KFFP
  0
XRECORD
  5
100003F8
102
{ACAD_REACTORS
330
100003F6
102
}
330
100003F6
100
AcDbXrecord
1000
KF3O
  0
XRECORD
  5
100003FB
102
{ACAD_REACTORS
330
100003FA
102
}
330
100003FA
100
AcDbXrecord
1000
KFJP
  0
XRECORD
  5
100003FC
102
{ACAD_REACTORS
330
100003FA
102
}
330
100003FA
100
AcDbXrecord
1000
KF7O
  0
XRECORD
  5
100003FF
102
{ACAD_REACTORS
330
100003FE
102
}
330
100003FE
100
AcDbXrecord
1000
KFNP
  0
XRECORD
  5
10000400
102
{ACAD_REACTORS
330
100003FE
102
}
330
100003FE
100
AcDbXrecord
1000
KF/O
  0
XRECORD
  5
10000403
102
{ACAD_REACTORS
330
10000402
102
}
330
10000402
100
AcDbXrecord
1000
KFRP
  0
XRECORD
  5
10000404
102
{ACAD_REACTORS
330
10000402
102
}
330
10000402
100
AcDbXrecord
1000
KFDP
  0
XRECORD
  5
10000407
102
{ACAD_REACTORS
330
10000406
102
}
330
10000406
100
AcDbXrecord
1000
KFVP
  0
XRECORD
  5
10000408
102
{ACAD_REACTORS
330
10000406
102
}
330
10000406
100
AcDbXrecord
1000
KFHP
  0
XRECORD
  5
1000040B
102
{ACAD_REACTORS
330
1000040A
102
}
330
1000040A
100
AcDbXrecord
1000
JFF
  0
XRECORD
  5
1000040C
102
{ACAD_REACTORS
330
1000040A
102
}
330
1000040A
100
AcDbXrecord
1000
KF3R
  0
XRECORD
  5
1000040F
102
{ACAD_REACTORS
330
1000040E
102
}
330
1000040E
100
AcDbXrecord
1000
KFZP
  0
XRECORD
  5
10000410
102
{ACAD_REACTORS
330
1000040E
102
}
330
1000040E
100
AcDbXrecord
1000
KFLP
  0
XRECORD
  5
10000413
102
{ACAD_REACTORS
330
10000412
102
}
330
10000412
100
AcDbXrecord
1000
KFhP
  0
XRECORD
  5
10000414
102
{ACAD_REACTORS
330
10000412
102
}
330
10000412
100
AcDbXrecord
1000
KFTP
  0
XRECORD
  5
10000417
102
{ACAD_REACTORS
330
10000416
102
}
330
10000416
100
AcDbXrecord
1000
KFlP
  0
XRECORD
  5
10000418
102
{ACAD_REACTORS
330
10000416
102
}
330
10000416
100
AcDbXrecord
1000
KFXP
  0
XRECORD
  5
1000041B
102
{ACAD_REACTORS
330
1000041A
102
}
330
1000041A
100
AcDbXrecord
1000
KFpP
  0
XRECORD
  5
1000041C
102
{ACAD_REACTORS
330
1000041A
102
}
330
1000041A
100
AcDbXrecord
1000
KFbP
  0
XRECORD
  5
1000041F
102
{ACAD_REACTORS
330
1000041E
102
}
330
1000041E
100
AcDbXrecord
1000
KFtP
  0
XRECORD
  5
10000420
102
{ACAD_REACTORS
330
1000041E
102
}
330
1000041E
100
AcDbXrecord
1000
KFfP
  0
XRECORD
  5
10000423
102
{ACAD_REACTORS
330
10000422
102
}
330
10000422
100
AcDbXrecord
1000
KFxP
  0
XRECORD
  5
10000424
102
{ACAD_REACTORS
330
10000422
102
}
330
10000422
100
AcDbXrecord
1000
KFjP
  0
XRECORD
  5
10000427
102
{ACAD_REACTORS
330
10000426
102
}
330
10000426
100
AcDbXrecord
1000
KF1P
  0
XRECORD
  5
10000428
102
{ACAD_REACTORS
330
10000426
102
}
330
10000426
100
AcDbXrecord
1000
KFnP
  0
XRECORD
  5
1000042B
102
{ACAD_REACTORS
330
1000042A
102
}
330
1000042A
100
AcDbXrecord
1000
KF5P
  0
XRECORD
  5
1000042C
102
{ACAD_REACTORS
330
1000042A
102
}
330
1000042A
100
AcDbXrecord
1000
KFrP
  0
XRECORD
  5
1000042F
102
{ACAD_REACTORS
330
1000042E
102
}
330
1000042E
100
AcDbXrecord
1000
KF9P
  0
XRECORD
  5
10000430
102
{ACAD_REACTORS
330
1000042E
102
}
330
1000042E
100
AcDbXrecord
1000
KFvP
  0
XRECORD
  5
10000433
102
{ACAD_REACTORS
330
10000432
102
}
330
10000432
100
AcDbXrecord
1000
KFBQ
  0
XRECORD
  5
10000434
102
{ACAD_REACTORS
330
10000432
102
}
330
10000432
100
AcDbXrecord
1000
KFzP
  0
XRECORD
  5
10000437
102
{ACAD_REACTORS
330
10000436
102
}
330
10000436
100
AcDbXrecord
1000
KFFQ
  0
XRECORD
  5
10000438
102
{ACAD_REACTORS
330
10000436
102
}
330
10000436
100
AcDbXrecord
1000
KF3P
  0
XRECORD
  5
1000043B
102
{ACAD_REACTORS
330
1000043A
102
}
330
1000043A
100
AcDbXrecord
1000
KFJQ
  0
XRECORD
  5
1000043C
102
{ACAD_REACTORS
330
1000043A
102
}
330
1000043A
100
AcDbXrecord
1000
KF7P
  0
XRECORD
  5
1000043F
102
{ACAD_REACTORS
330
1000043E
102
}
330
1000043E
100
AcDbXrecord
1000
KFNQ
  0
XRECORD
  5
10000440
102
{ACAD_REACTORS
330
1000043E
102
}
330
1000043E
100
AcDbXrecord
1000
KF/P
  0
XRECORD
  5
10000443
102
{ACAD_REACTORS
330
10000442
102
}
330
10000442
100
AcDbXrecord
1000
KFRQ
  0
XRECORD
  5
10000444
102
{ACAD_REACTORS
330
10000442
102
}
330
10000442
100
AcDbXrecord
1000
KFDQ
  0
XRECORD
  5
10000447
102
{ACAD_REACTORS
330
10000446
102
}
330
10000446
100
AcDbXrecord
1000
KFVQ
  0
XRECORD
  5
10000448
102
{ACAD_REACTORS
330
10000446
102
}
330
10000446
100
AcDbXrecord
1000
KFHQ
  0
XRECORD
  5
1000044B
102
{ACAD_REACTORS
330
1000044A
102
}
330
1000044A
100
AcDbXrecord
1000
KFZQ
  0
XRECORD
  5
1000044C
102
{ACAD_REACTORS
330
1000044A
102
}
330
1000044A
100
AcDbXrecord
1000
KFLQ
  0
XRECORD
  5
1000044F
102
{ACAD_REACTORS
330
1000044E
102
}
330
1000044E
100
AcDbXrecord
1000
KFdQ
  0
XRECORD
  5
10000450
102
{ACAD_REACTORS
330
1000044E
102
}
330
1000044E
100
AcDbXrecord
1000
KFPQ
  0
XRECORD
  5
10000453
102
{ACAD_REACTORS
330
10000452
102
}
330
10000452
100
AcDbXrecord
1000
KFhQ
  0
XRECORD
  5
10000454
102
{ACAD_REACTORS
330
10000452
102
}
330
10000452
100
AcDbXrecord
1000
KFTQ
  0
XRECORD
  5
10000457
102
{ACAD_REACTORS
330
10000456
102
}
330
10000456
100
AcDbXrecord
1000
KFlQ
  0
XRECORD
  5
10000458
102
{ACAD_REACTORS
330
10000456
102
}
330
10000456
100
AcDbXrecord
1000
KFXQ
  0
XRECORD
  5
1000045B
102
{ACAD_REACTORS
330
1000045A
102
}
330
1000045A
100
AcDbXrecord
1000
KFpQ
  0
XRECORD
  5
1000045C
102
{ACAD_REACTORS
330
1000045A
102
}
330
1000045A
100
AcDbXrecord
1000
KFbQ
  0
XRECORD
  5
1000045F
102
{ACAD_REACTORS
330
1000045E
102
}
330
1000045E
100
AcDbXrecord
1000
KFtQ
  0
XRECORD
  5
10000460
102
{ACAD_REACTORS
330
1000045E
102
}
330
1000045E
100
AcDbXrecord
1000
KFfQ
  0
XRECORD
  5
10000463
102
{ACAD_REACTORS
330
10000462
102
}
330
10000462
100
AcDbXrecord
1000
KFxQ
  0
XRECORD
  5
10000464
102
{ACAD_REACTORS
330
10000462
102
}
330
10000462
100
AcDbXrecord
1000
KFjQ
  0
XRECORD
  5
10000467
102
{ACAD_REACTORS
330
10000466
102
}
330
10000466
100
AcDbXrecord
1000
KF1Q
  0
XRECORD
  5
10000468
102
{ACAD_REACTORS
330
10000466
102
}
330
10000466
100
AcDbXrecord
1000
KFnQ
  0
MATERIAL
  5
45
102
{ACAD_REACTORS
330
43
102
}
102
{ACAD_XDICTIONARY
360
1000049E
102
}
330
43
100
AcDbMaterial
  1
BYBLOCK
  0
MATERIAL
  5
44
102
{ACAD_REACTORS
330
43
102
}
102
{ACAD_XDICTIONARY
360
1000049C
102
}
330
43
100
AcDbMaterial
  1
BYLAYER
  0
MATERIAL
  5
46
102
{ACAD_REACTORS
330
43
102
}
102
{ACAD_XDICTIONARY
360
100004A0
102
}
330
43
100
AcDbMaterial
  1
GLOBAL
  0
ACAD_PROXY_OBJECT
  5
5C
102
{ACAD_REACTORS
330
5B
102
}
330
5B
100
AcDbProxyObject
 90
      499
 91
      505
 93
      610
310
40901902A4063FBFFFFFE0000000000000020400000000000020404214DD185B99185C990000000000000104090141901A00000000000004100000000000000041025764000000000000039000
340
14
340
0
340
11
340
0
 94
        0
1001
ACAD_MLEADERVER
1070
     2
  0
MLINESTYLE
  5
18
102
{ACAD_REACTORS
330
17
102
}
330
17
100
AcDbMlineStyle
  2
Standard
 70
     0
  3

 62
   256
 51
90.0
 52
90.0
 71
     2
 49
0.5
 62
   256
  6
BYLAYER
 49
-0.5
 62
   256
  6
BYLAYER
  0
ACAD_PROXY_OBJECT
  5
10000023
102
{ACAD_REACTORS
330
47
102
}
330
47
100
AcDbProxyObject
 90
      499
 91
      503
 93
      121
310
9053130303A310000000000001650100
  0
ACAD_PROXY_OBJECT
  5
1000001D
102
{ACAD_REACTORS
330
47
102
}
330
47
100
AcDbProxyObject
 90
      499
 91
      503
 93
      113
310
90431303A310000000000000910100
  0
ACAD_PROXY_OBJECT
  5
1000001E
102
{ACAD_REACTORS
330
47
102
}
330
47
100
AcDbProxyObject
 90
      499
 91
      503
 93
      113
310
90431323A310000000000000A10100
  0
ACAD_PROXY_OBJECT
  5
1000001F
102
{ACAD_REACTORS
330
47
102
}
330
47
100
AcDbProxyObject
 90
      499
 91
      503
 93
      113
310
90431363A310000000000000C10100
  0
ACAD_PROXY_OBJECT
  5
10000006
102
{ACAD_REACTORS
330
47
102
}
330
47
100
AcDbProxyObject
 90
      499
 91
      503
 93
       41
310
903313A31500
  0
ACAD_PROXY_OBJECT
  5
1000000D
102
{ACAD_REACTORS
330
47
102
}
330
47
100
AcDbProxyObject
 90
      499
 91
      503
 93
      113
310
904313A31304000000000000244000
  0
ACAD_PROXY_OBJECT
  5
10000016
102
{ACAD_REACTORS
330
47
102
}
330
47
100
AcDbProxyObject
 90
      499
 91
      503
 93
      121
310
905313A3130304000000000000594000
  0
ACAD_PROXY_OBJECT
  5
1000000E
102
{ACAD_REACTORS
330
47
102
}
330
47
100
AcDbProxyObject
 90
      499
 91
      503
 93
      113
310
904313A31324000000000000284000
  0
ACAD_PROXY_OBJECT
  5
1000000F
102
{ACAD_REACTORS
330
47
102
}
330
47
100
AcDbProxyObject
 90
      499
 91
      503
 93
      113
310
904313A31364000000000000304000
  0
ACAD_PROXY_OBJECT
  5
10000007
102
{ACAD_REACTORS
330
47
102
}
330
47
100
AcDbProxyObject
 90
      499
 91
      503
 93
      105
310
903313A324000000000000004000
  0
ACAD_PROXY_OBJECT
  5
10000010
102
{ACAD_REACTORS
330
47
102
}
330
47
100
AcDbProxyObject
 90
      499
 91
      503
 93
      113
310
904313A32304000000000000344000
  0
ACAD_PROXY_OBJECT
  5
10000011
102
{ACAD_REACTORS
330
47
102
}
330
47
100
AcDbProxyObject
 90
      499
 91
      503
 93
      113
310
904313A32354000000000000394000
  0
ACAD_PROXY_OBJECT
  5
10000008
102
{ACAD_REACTORS
330
47
102
}
330
47
100
AcDbProxyObject
 90
      499
 91
      503
 93
      105
310
903313A334000000000000084000
  0
ACAD_PROXY_OBJECT
  5
10000012
102
{ACAD_REACTORS
330
47
102
}
330
47
100
AcDbProxyObject
 90
      499
 91
      503
 93
      113
310
904313A33324000000000000404000
  0
ACAD_PROXY_OBJECT
  5
10000009
102
{ACAD_REACTORS
330
47
102
}
330
47
100
AcDbProxyObject
 90
      499
 91
      503
 93
      105
310
903313A344000000000000104000
  0
ACAD_PROXY_OBJECT
  5
10000013
102
{ACAD_REACTORS
330
47
102
}
330
47
100
AcDbProxyObject
 90
      499
 91
      503
 93
      113
310
904313A34304000000000000444000
  0
ACAD_PROXY_OBJECT
  5
1000000A
102
{ACAD_REACTORS
330
47
102
}
330
47
100
AcDbProxyObject
 90
      499
 91
      503
 93
      105
310
903313A354000000000000144000
  0
ACAD_PROXY_OBJECT
  5
10000014
102
{ACAD_REACTORS
330
47
102
}
330
47
100
AcDbProxyObject
 90
      499
 91
      503
 93
      113
310
904313A35304000000000000494000
  0
ACAD_PROXY_OBJECT
  5
1000000B
102
{ACAD_REACTORS
330
47
102
}
330
47
100
AcDbProxyObject
 90
      499
 91
      503
 93
      105
310
903313A364000000000000184000
  0
ACAD_PROXY_OBJECT
  5
1000000C
102
{ACAD_REACTORS
330
47
102
}
330
47
100
AcDbProxyObject
 90
      499
 91
      503
 93
      105
310
903313A384000000000000204000
  0
ACAD_PROXY_OBJECT
  5
10000015
102
{ACAD_REACTORS
330
47
102
}
330
47
100
AcDbProxyObject
 90
      499
 91
      503
 93
      113
310
904313A38304000000000000544000
  0
ACAD_PROXY_OBJECT
  5
10000020
102
{ACAD_REACTORS
330
47
102
}
330
47
100
AcDbProxyObject
 90
      499
 91
      503
 93
      113
310
90432303A310000000000000D10100
  0
ACAD_PROXY_OBJECT
  5
10000017
102
{ACAD_REACTORS
330
47
102
}
330
47
100
AcDbProxyObject
 90
      499
 91
      503
 93
      105
310
903323A310000000000000010100
  0
ACAD_PROXY_OBJECT
  5
10000021
102
{ACAD_REACTORS
330
47
102
}
330
47
100
AcDbProxyObject
 90
      499
 91
      503
 93
      113
310
90433323A310000000000001010100
  0
ACAD_PROXY_OBJECT
  5
10000018
102
{ACAD_REACTORS
330
47
102
}
330
47
100
AcDbProxyObject
 90
      499
 91
      503
 93
      105
310
903333A310000000000000210100
  0
ACAD_PROXY_OBJECT
  5
10000019
102
{ACAD_REACTORS
330
47
102
}
330
47
100
AcDbProxyObject
 90
      499
 91
      503
 93
      105
310
903343A310000000000000410100
  0
ACAD_PROXY_OBJECT
  5
10000022
102
{ACAD_REACTORS
330
47
102
}
330
47
100
AcDbProxyObject
 90
      499
 91
      503
 93
      113
310
90435303A310000000000001250100
  0
ACAD_PROXY_OBJECT
  5
1000001A
102
{ACAD_REACTORS
330
47
102
}
330
47
100
AcDbProxyObject
 90
      499
 91
      503
 93
      105
310
903353A310000000000000510100
  0
ACAD_PROXY_OBJECT
  5
1000001B
102
{ACAD_REACTORS
330
47
102
}
330
47
100
AcDbProxyObject
 90
      499
 91
      503
 93
      105
310
903363A310000000000000610100
  0
ACAD_PROXY_OBJECT
  5
1000001C
102
{ACAD_REACTORS
330
47
102
}
330
47
100
AcDbProxyObject
 90
      499
 91
      503
 93
      105
310
903383A310000000000000810100
  0
ACAD_PROXY_OBJECT
  5
2F
102
{ACAD_REACTORS
330
2A
102
}
330
2A
100
AcDbProxyObject
 90
      499
 91
      501
 93
      436
310
42CC9915DA5C99599C985B595049028333333333333E33F0000000000000F90107901411070040501600405405064090741402480A0340
1001
ACAD
1000
AcDbSavedByObjectVersion
1070
     0
  0
ACAD_PROXY_OBJECT
  5
32
102
{ACAD_REACTORS
330
2A
102
}
330
2A
100
AcDbProxyObject
 90
      499
 91
      501
 93
      388
310
4150985CDA58D07406404333333333333E33F0000000000000F90107A41107004050150841D405064090741402480A0350
1001
ACAD
1000
AcDbSavedByObjectVersion
1070
     0
  0
ACAD_PROXY_OBJECT
  5
36
102
{ACAD_REACTORS
330
2A
102
}
330
2A
100
AcDbProxyObject
 90
      499
 91
      501
 93
      428
310
42109C9A59DA1D195B90C409028333333333333E33F0000000000000F9010790141107004050150841D405064090741402480A029950
1001
ACAD
1000
AcDbSavedByObjectVersion
1070
     0
  0
ACAD_PROXY_OBJECT
  5
3A
102
{ACAD_REACTORS
330
2A
102
}
330
2A
100
AcDbProxyObject
 90
      499
 91
      501
 93
      452
310
42D0DBDB1BDC90DA185B99D95104090240C333333333333E33F0000000000000F90108901411070040501508421405064090741402480A0350
1001
ACAD
1000
AcDbSavedByObjectVersion
1070
     0
  0
ACAD_PROXY_OBJECT
  5
34
102
{ACAD_REACTORS
330
2A
102
}
330
2A
100
AcDbProxyObject
 90
      499
 91
      501
 93
      500
310
4290DBDB98D95C1D1D585B10940D028333333333333E33F0000000000000F90107902409070040501000000000018199010841D405064090740C02480A0340
1001
ACAD
1000
AcDbSavedByObjectVersion
1070
     0
  0
ACAD_PROXY_OBJECT
  5
35
102
{ACAD_REACTORS
330
2A
102
}
330
2A
100
AcDbProxyObject
 90
      499
 91
      501
 93
      412
310
40D11A5B50B409028333333333333E33F0000000000000F9010790141107004050150841D405064090741402480A02677FFFFFD0
1001
ACAD
1000
AcDbSavedByObjectVersion
1070
     0
  0
ACAD_PROXY_OBJECT
  5
3D
102
{ACAD_REACTORS
330
2A
102
}
330
2A
100
AcDbProxyObject
 90
      499
 91
      501
 93
      452
310
43115919D950DBDB1BDC93D999916409028333333333333E33F0000000000000F9010790141107004050150841D405064090741402480A0350
1001
ACAD
1000
AcDbSavedByObjectVersion
1070
     0
  0
ACAD_PROXY_OBJECT
  5
39
102
{ACAD_REACTORS
330
2A
102
}
330
2A
100
AcDbProxyObject
 90
      499
 91
      501
 93
      444
310
42D19858D95C185D1D195C9B90F409028333333333333E33F0000000000000F9010790141107004050150841D405064090741402480A0350
1001
ACAD
1000
AcDbSavedByObjectVersion
1070
     0
  0
ACAD_PROXY_OBJECT
  5
2B
102
{ACAD_REACTORS
330
2A
102
}
330
2A
100
AcDbProxyObject
 90
      499
 91
      501
 93
      380
310
41119B185D240901404333333333333E33F0000000000000F9010740A907004050150841D405064090741402480A1B50
1001
ACAD
1000
AcDbSavedByObjectVersion
1070
     0
  0
ACAD_PROXY_OBJECT
  5
2C
102
{ACAD_REACTORS
330
2A
102
}
330
2A
100
AcDbProxyObject
 90
      499
 91
      501
 93
      468
310
43519B185D15DA5D1A115919D95CD0140901404333333333333E33F0000000000000F90107409019070040501600405405064090741402480A1B50
1001
ACAD
1000
AcDbSavedByObjectVersion
1070
     0
  0
ACAD_PROXY_OBJECT
  5
2D
102
{ACAD_REACTORS
330
2A
102
}
330
2A
100
AcDbProxyObject
 90
      499
 91
      501
 93
      404
310
41D1DBDD5C985D5910240902404333333333333E33F0000000000000F9010740A9070040501641D405064090741402480A1B50
1001
ACAD
1000
AcDbSavedByObjectVersion
1070
     0
  0
ACAD_PROXY_OBJECT
  5
2E
102
{ACAD_REACTORS
330
2A
102
}
330
2A
100
AcDbProxyObject
 90
      499
 91
      501
 93
      492
310
4411DBDD5C985D5915DA5D1A115919D95CD0340902404333333333333E33F0000000000000F90107409019070040501600405405064090741402480A1B50
1001
ACAD
1000
AcDbSavedByObjectVersion
1070
     0
  0
ACAD_PROXY_OBJECT
  5
31
102
{ACAD_REACTORS
330
2A
102
}
330
2A
100
AcDbProxyObject
 90
      499
 91
      501
 93
      476
310
41921A5919195B90640502408333333333333E33F0000000000000F901079024090700405020000000000001110200405405064090740C02480A0340
1001
ACAD
1000
AcDbSavedByObjectVersion
1070
     0
  0
ACAD_PROXY_OBJECT
  5
3B
102
{ACAD_REACTORS
330
2A
102
}
330
2A
100
AcDbProxyObject
 90
      499
 91
      501
 93
      428
310
42529A5D1D195C93D999914409028333333333333E33F0000000000000F9010790141107004050150A41D405064090741402480A0350
1001
ACAD
1000
AcDbSavedByObjectVersion
1070
     0
  0
ACAD_PROXY_OBJECT
  5
38
102
{ACAD_REACTORS
330
2A
102
}
330
2A
100
AcDbProxyObject
 90
      499
 91
      501
 93
      444
310
42D31A5B995C185D1D195C9B90E409028333333333333E33F0000000000000F9010790141107004050750841D405064090741402483A0350
1001
ACAD
1000
AcDbSavedByObjectVersion
1070
     0
  0
ACAD_PROXY_OBJECT
  5
3C
102
{ACAD_REACTORS
330
2A
102
}
330
2A
100
AcDbProxyObject
 90
      499
 91
      501
 93
      444
310
42D3DD995C9A185B99D3D999915409028333333333333E33F0000000000000F9010790141107004050150941D405064090741402480A0350
1001
ACAD
1000
AcDbSavedByObjectVersion
1070
     0
  0
ACAD_PROXY_OBJECT
  5
33
102
{ACAD_REACTORS
330
2A
102
}
330
2A
100
AcDbProxyObject
 90
      499
 91
      501
 93
      428
310
425499585B1A5CDD1A58D08409038333333333333E33F0000000000000F9010740A907004050150800405405064090740C02480A1B40
1001
ACAD
1000
AcDbSavedByObjectVersion
1070
     0
  0
ACAD_PROXY_OBJECT
  5
42
102
{ACAD_REACTORS
330
2A
102
}
330
2A
100
AcDbProxyObject
 90
      499
 91
      501
 93
      420
310
4194DA1859195911B40902404333333333333E33F0000000000000F9010740A41107004050150800405405064090840C02480A0B40
1001
ACAD
1000
AcDbSavedByObjectVersion
1070
     0
  0
ACAD_PROXY_OBJECT
  5
41
102
{ACAD_REACTORS
330
2A
102
}
330
2A
100
AcDbProxyObject
 90
      499
 91
      501
 93
      516
310
4454DA18591959081DDA5D1A08195919D95CD1A40902404333333333333E33F0000000000000F901074090142907004050250800405405064090740C02480A0B40
1001
ACAD
1000
AcDbSavedByObjectVersion
1070
     0
  0
ACAD_PROXY_OBJECT
  5
3E
102
{ACAD_REACTORS
330
2A
102
}
330
2A
100
AcDbProxyObject
 90
      499
 91
      501
 93
      532
310
4394DA1859195CC81BD98811DC985E5174090240C333333333333E33F0000000000000F901079024090741D01000000000000111010841D405064090740C02480A0340
1001
ACAD
1000
AcDbSavedByObjectVersion
1070
     0
  0
ACAD_PROXY_OBJECT
  5
3F
102
{ACAD_REACTORS
330
2A
102
}
330
2A
100
AcDbProxyObject
 90
      499
 91
      501
 93
      476
310
41D4DAD95D18DA1E51840502408333333333333E33F0000000000000F901079024090741D01000000000000111010B41D405064090741802480A0340
1001
ACAD
1000
AcDbSavedByObjectVersion
1070
     0
  0
ACAD_PROXY_OBJECT
  5
37
102
{ACAD_REACTORS
330
2A
102
}
330
2A
100
AcDbProxyObject
 90
      499
 91
      501
 93
      412
310
41D51A1A58DAD95B90D409028333333333333E33F0000000000000F9010790141107004050150C41D405064090741402480A0350
1001
ACAD
1000
AcDbSavedByObjectVersion
1070
     0
  0
ACAD_PROXY_OBJECT
  5
30
102
{ACAD_REACTORS
330
2A
102
}
330
2A
100
AcDbProxyObject
 90
      499
 91
      501
 93
      420
310
4255DA5C99599C985B595059028333333333333E33F0000000000000F90107901411070040501600405405064090740C02480A0340
1001
ACAD
1000
AcDbSavedByObjectVersion
1070
     0
  0
ACAD_PROXY_OBJECT
  5
40
102
{ACAD_REACTORS
330
2A
102
}
330
2A
100
AcDbProxyObject
 90
      499
 91
      501
 93
      404
310
41560B54985E51940902404000000000000E03F0000000000000F9010740501907004050150841D405064090740C02480A1B40
1001
ACAD
1000
AcDbSavedByObjectVersion
1070
     0
  0
XRECORD
  5
10000475
102
{ACAD_REACTORS
330
1000046B
102
}
330
1000046B
100
AcDbXrecord
340
0
  0
XRECORD
  5
10000474
102
{ACAD_REACTORS
330
1000046B
102
}
330
1000046B
100
AcDbXrecord
 90
        0
  0
XRECORD
  5
1000048B
102
{ACAD_REACTORS
330
1000046B
102
}
330
1000046B
100
AcDbXrecord
1000
DSTYLE
1002
{
1070
   340
340
11
1002
}
  0
XRECORD
  5
10000476
102
{ACAD_REACTORS
330
1000046B
102
}
330
1000046B
100
AcDbXrecord
  1
{73736430-7138-7172-b561-627562383472}
  0
XRECORD
  5
1000046E
102
{ACAD_REACTORS
330
1000046B
102
}
330
1000046B
100
AcDbXrecord
  1

  0
XRECORD
  5
10000473
102
{ACAD_REACTORS
330
1000046B
102
}
330
1000046B
100
AcDbXrecord
 90
        4
  0
XRECORD
  5
10000470
102
{ACAD_REACTORS
330
1000046B
102
}
330
1000046B
100
AcDbXrecord
340
1A
  0
XRECORD
  5
10000472
102
{ACAD_REACTORS
330
1000046B
102
}
330
1000046B
100
AcDbXrecord
 90
    10781
  0
XRECORD
  5
10000471
102
{ACAD_REACTORS
330
1000046B
102
}
330
1000046B
100
AcDbXrecord
340
19
  0
XRECORD
  5
10000478
102
{ACAD_REACTORS
330
1000046B
102
}
330
1000046B
100
AcDbXrecord
 40
0.0
  0
XRECORD
  5
1000047B
102
{ACAD_REACTORS
330
1000046B
102
}
330
1000046B
100
AcDbXrecord
340
0
  0
XRECORD
  5
10000481
102
{ACAD_REACTORS
330
1000046B
102
}
330
1000046B
100
AcDbXrecord
 10
0.0
 20
0.0
 30
0.0
  0
XRECORD
  5
1000047D
102
{ACAD_REACTORS
330
1000046B
102
}
330
1000046B
100
AcDbXrecord
 10
0.0
 20
0.0
 30
0.0
  0
XRECORD
  5
10000480
102
{ACAD_REACTORS
330
1000046B
102
}
330
1000046B
100
AcDbXrecord
 10
0.0
 20
0.0
 30
0.0
  0
XRECORD
  5
1000047E
102
{ACAD_REACTORS
330
1000046B
102
}
330
1000046B
100
AcDbXrecord
 10
0.0
 20
0.0
 30
0.0
  0
XRECORD
  5
1000047F
102
{ACAD_REACTORS
330
1000046B
102
}
330
1000046B
100
AcDbXrecord
 10
0.0
 20
0.0
 30
0.0
  0
XRECORD
  5
1000047C
102
{ACAD_REACTORS
330
1000046B
102
}
330
1000046B
100
AcDbXrecord
 10
0.0
 20
0.0
 30
0.0
  0
XRECORD
  5
10000479
102
{ACAD_REACTORS
330
1000046B
102
}
330
1000046B
100
AcDbXrecord
340
0
  0
XRECORD
  5
1000047A
102
{ACAD_REACTORS
330
1000046B
102
}
330
1000046B
100
AcDbXrecord
 70
     0
  0
XRECORD
  5
1000046F
102
{ACAD_REACTORS
330
1000046B
102
}
330
1000046B
100
AcDbXrecord
  1

  0
XRECORD
  5
1000046C
102
{ACAD_REACTORS
330
1000046B
102
}
330
1000046B
100
AcDbXrecord
 90
        1
  0
XRECORD
  5
1000046D
102
{ACAD_REACTORS
330
1000046B
102
}
330
1000046B
100
AcDbXrecord
 90
       70
  0
XRECORD
  5
10000484
102
{ACAD_REACTORS
330
1000046B
102
}
330
1000046B
100
AcDbXrecord
340
0
  0
XRECORD
  5
1000048A
102
{ACAD_REACTORS
330
1000046B
102
}
330
1000046B
100
AcDbXrecord
 10
0.0
 20
0.0
 30
0.0
  0
XRECORD
  5
10000486
102
{ACAD_REACTORS
330
1000046B
102
}
330
1000046B
100
AcDbXrecord
 10
0.0
 20
0.0
 30
0.0
  0
XRECORD
  5
10000489
102
{ACAD_REACTORS
330
1000046B
102
}
330
1000046B
100
AcDbXrecord
 10
0.0
 20
0.0
 30
0.0
  0
XRECORD
  5
10000487
102
{ACAD_REACTORS
330
1000046B
102
}
330
1000046B
100
AcDbXrecord
 10
0.0
 20
0.0
 30
0.0
  0
XRECORD
  5
10000488
102
{ACAD_REACTORS
330
1000046B
102
}
330
1000046B
100
AcDbXrecord
 10
0.0
 20
0.0
 30
0.0
  0
XRECORD
  5
10000485
102
{ACAD_REACTORS
330
1000046B
102
}
330
1000046B
100
AcDbXrecord
 10
0.0
 20
0.0
 30
0.0
  0
XRECORD
  5
10000482
102
{ACAD_REACTORS
330
1000046B
102
}
330
1000046B
100
AcDbXrecord
340
0
  0
XRECORD
  5
10000483
102
{ACAD_REACTORS
330
1000046B
102
}
330
1000046B
100
AcDbXrecord
 70
     0
  0
XRECORD
  5
10000477
102
{ACAD_REACTORS
330
1000046B
102
}
330
1000046B
100
AcDbXrecord
  1
{FAEB1C32-E019-11D5-929B-00C0DF256EC4}
  0
DICTIONARYVAR
  5
1000049A
102
{ACAD_REACTORS
330
1000048C
102
}
330
1000048C
100
DictionaryVariables
280
     0
  1
1:1
  0
DICTIONARYVAR
  5
10000493
102
{ACAD_REACTORS
330
1000048C
102
}
330
1000048C
100
DictionaryVariables
280
     0
  1
3.500000
  0
DICTIONARYVAR
  5
10000494
102
{ACAD_REACTORS
330
1000048C
102
}
330
1000048C
100
DictionaryVariables
280
     0
  1
acadiso.lin
  0
DICTIONARYVAR
  5
1000048E
102
{ACAD_REACTORS
330
1000048C
102
}
330
1000048C
100
DictionaryVariables
280
     0
  1
Standard
  0
DICTIONARYVAR
  5
1000048D
102
{ACAD_REACTORS
330
1000048C
102
}
330
1000048C
100
DictionaryVariables
280
     0
  1
Standard
  0
DICTIONARYVAR
  5
10000495
102
{ACAD_REACTORS
330
1000048C
102
}
330
1000048C
100
DictionaryVariables
280
     0
  1
2
  0
DICTIONARYVAR
  5
10000496
102
{ACAD_REACTORS
330
1000048C
102
}
330
1000048C
100
DictionaryVariables
280
     0
  1
1
  0
DICTIONARYVAR
  5
1000049B
102
{ACAD_REACTORS
330
1000048C
102
}
330
1000048C
100
DictionaryVariables
280
     0
  1
1
  0
DICTIONARYVAR
  5
10000490
102
{ACAD_REACTORS
330
1000048C
102
}
330
1000048C
100
DictionaryVariables
280
     0
  1
80.000000
  0
DICTIONARYVAR
  5
1000048F
102
{ACAD_REACTORS
330
1000048C
102
}
330
1000048C
100
DictionaryVariables
280
     0
  1
5.000000
  0
XRECORD
  5
10000003
102
{ACAD_REACTORS
330
10000001
102
}
330
10000001
100
AcDbXrecord
 70
     4
  0
XRECORD
  5
10000002
102
{ACAD_REACTORS
330
10000001
102
}
330
10000001
100
AcDbXrecord
1040
89.0
  0
ACAD_PROXY_OBJECT
  5
10000005
102
{ACAD_REACTORS
330
10000001
102
}
330
10000001
100
AcDbProxyObject
 90
      499
 91
      509
 93
       34
310
40C8804040
  0
DICTIONARY
  5
1000049E
330
45
100
AcDbDictionary
280
     1
  3
ACAD_XREC_ROUNDTRIP
360
1000049F
  0
DICTIONARY
  5
1000049C
330
44
100
AcDbDictionary
280
     1
  3
ACAD_XREC_ROUNDTRIP
360
1000049D
  0
DICTIONARY
  5
100004A0
330
46
100
AcDbDictionary
280
     1
  3
ACAD_XREC_ROUNDTRIP
360
100004A1
  0
XRECORD
  5
1000049F
102
{ACAD_REACTORS
330
1000049E
102
}
330
1000049E
100
AcDbXrecord
102
MATERIAL
148
0.0
149
0.0
149
0.0
 93
        0
 94
      127
282
     0
 72
     1
 77
     1
171
     1
175
     1
179
     1
273
     0
  0
XRECORD
  5
1000049D
102
{ACAD_REACTORS
330
1000049C
102
}
330
1000049C
100
AcDbXrecord
102
MATERIAL
148
0.0
149
0.0
149
0.0
 93
        0
 94
      127
282
     0
 72
     1
 77
     1
171
     1
175
     1
179
     1
273
     0
  0
XRECORD
  5
100004A1
102
{ACAD_REACTORS
330
100004A0
102
}
330
100004A0
100
AcDbXrecord
102
MATERIAL
148
0.0
149
0.0
149
0.0
 93
        0
 94
      127
282
     0
 72
     1
 77
     1
171
     1
175
     1
179
     1
273
     0
  0
ENDSEC
  0
EOF
